Workbook

Sheet Call Stats
B4: Call event type

Sheet Summary
A1: Musters | B1: 3 | C1: 4 | D1: 4 | E1: 5 | F1: 4 | G1: 4 | H1: 4 | I1: 2 | J1: =SUM(B1:I1) -> 30 | K1: 2023 | L1: 3 | M1: 4 | N1: 4 | O1: 5 | P1: 4 | Q1: 4 | R1: 5 | S1: 5 | T1: 5 | U1: 4 | V1: 4 | W1: 3 | X1: 50 | Y1: 2024 | Z1: =(Musters!Z1) -> 3 | AA1: =(Musters!AA1) -> 4 | AB1: =(Musters!AB1) -> 5 | AC1: =(Musters!AC1) -> 4 | AD1: =(Musters!AD1) -> 4 | AE1: =(Musters!AE1) -> 5 | AF1: =(Musters!AF1) -> 4 | AG1: =(Musters!AG1) -> 4 | ... AK1: =(Musters!AK1) -> 3 | AL1: =SUM(Z1:AK1) -> 49 | AM1: 2025 | AN1: Total Calls | AO1: Total
A2: Monthly Call Count | B2: 32 | C2: 46 | D2: 47 | E2: 28 | F2: 38 | G2: 46 | H2: 43 | I2: 44 | J2: =SUM(B2:I2) -> 324 | L2: 58 | M2: 48 | N2: 47 | O2: 38 | P2: 55 | Q2: 43 | R2: 44 | S2: 49 | T2: 36 | U2: 42 | V2: 47 | W2: 52 | X2: =SUM($L$2:$W$2) -> 559 | Z2: =AllCalls25!$D$3 -> 57 | AA2: =AllCalls25!$D$4 -> 48 | AB2: =AllCalls25!$D$5 -> 70 | AC2: =AllCalls25!$D$6 -> 42 | AD2: =AllCalls25!$D$7 -> 68 | AE2: =AllCalls25!$D$8 -> 35 | AF2: =AllCalls25!$D$9 -> 56 | AG2: =AllCalls25!$D$10 -> 53 | AH2: =AllCalls25!$D$11 -> 47 | AI2: =AllCalls25!$D$12 -> 39 | AJ2: =AllCalls25!$D$13 -> 58 | AK2: =AllCalls25!$D$14 -> 79 | AL2: =SUM(Z2:AK2) -> 652 | AN2: =SUM($J2,$X2,AL2) -> 1535
A3: Month | B3: May | C3: June | D3: July | E3: August | F3: September | G3: October | H3: November | I3: December | J3: Sum | K3: Totals | L3: January | M3: Febuary | N3: March | O3: April | P3: May | Q3: June | R3: July | S3: August | T3: September | U3: October | V3: November | W3: December | X3: Sum | Y3: Totals | Z3: January | AA3: Febuary | AB3: March | AC3: April | AD3: May | AE3: June | AF3: July | AG3: August | AH3: September | AI3: October | AJ3: November | AK3: December | AL3: Sum | AM3: Totals | AN3: Total Calls | AO3: Average Call Attendance
A4: CFO John Robinson | B4: 21 | C4: 25 | D4: 16 | E4: 15 | F4: 11 | G4: 20 | H4: 18 | I4: 25 | J4: =SUM($B4:$I4) -> 151 | K4: =(J4/$J$2) -> 0.46604938 | L4: 34 | M4: 22 | N4: 22 | O4: 19 | P4: 24 | Q4: 19 | R4: 27 | S4: 18 | T4: 18 | U4: 17 | V4: 16 | W4: 21 | X4: 257 | Y4: 0.46206116 | Z4: =COUNTIFS((AllCalls25!$X$15:$X$5631),"I",(AllCalls25!$K$15:$K$5631),"1") -> 35 | AA4: =COUNTIFS((AllCalls25!$X$15:$X$5631),"I",(AllCalls25!$K$15:$K$5631),"2") -> 27 | AB4: =COUNTIFS((AllCalls25!$X$15:$X$5631),"I",(AllCalls25!$K$15:$K$5631),"3") -> 36 | AC4: =COUNTIFS((AllCalls25!$X$15:$X$5631),"I",(AllCalls25!$K$15:$K$5631),"4") -> 20 | AD4: =COUNTIFS((AllCalls25!$X$15:$X$5631),"I",(AllCalls25!$K$15:$K$5631),"5") -> 29 | AE4: =COUNTIFS((AllCalls25!$X$15:$X$5631),"I",(AllCalls25!$K$15:$K$5631),"6") -> 16 | AF4: =COUNTIFS((AllCalls25!$X$15:$X$5631),"I",(AllCalls25!$K$15:$K$5631),"7") -> 21 | AG4: =COUNTIFS((AllCalls25!$X$15:$X$5631),"I",(AllCalls25!$K$15:$K$5631),"8") -> 18 | AH4: =COUNTIFS((AllCalls25!$X$15:$X$5631),"I",(AllCalls25!$K$15:$K$5631),"9") -> 22 | AI4: =COUNTIFS((AllCalls25!$X$15:$X$5631),"I",(AllCalls25!$K$15:$K$5631),"10") -> 9 | AJ4: =COUNTIFS((AllCalls25!$X$15:$X$5631),"I",(AllCalls25!$K$15:$K$5631),"11") -> 24 | AK4: =COUNTIFS((AllCalls25!$X$15:$X$5631),"I",(AllCalls25!$K$15:$K$5631),"12") -> 50 | AL4: =SUM($Z4:$AK4) -> 307 | AM4: =(SUM($AL4))/SUM($AL$2) -> 0.4708589 | AN4: =SUM($J4,$X4,$AL4) -> 715 | AO4: =(SUM(AN4))/SUM($AN$2) -> 0.46579805 | AP4: OF
A5: DCFO Bharat Ravji | B5: 14 | C5: 13 | D5: 21 | E5: 15 | F5: 2 | G5: 14 | H5: 26 | I5: 20 | J5: =SUM($B5:$I5) -> 125 | K5: =(J5/$J$2) -> 0.38580247 | L5: 40 | M5: 24 | N5: 17 | O5: 26 | P5: 29 | Q5: 14 | R5: 29 | S5: 24 | T5: 2 | U5: 17 | V5: 19 | W5: 2 | X5: 243 | Y5: 0.41676104 | Z5: =COUNTIFS((AllCalls25!$Y$15:$Y$5631),"I",(AllCalls25!$K$15:$K$5631),"1") -> 21 | AA5: =COUNTIFS((AllCalls25!$Y$15:$Y$5631),"I",(AllCalls25!$K$15:$K$5631),"2") -> 32 | AB5: =COUNTIFS((AllCalls25!$Y$15:$Y$5631),"I",(AllCalls25!$K$15:$K$5631),"3") -> 43 | AC5: =COUNTIFS((AllCalls25!$Y$15:$Y$5631),"I",(AllCalls25!$K$15:$K$5631),"4") -> 26 | AD5: =COUNTIFS((AllCalls25!$Y$15:$Y$5631),"I",(AllCalls25!$K$15:$K$5631),"5") -> 37 | AE5: =COUNTIFS((AllCalls25!$Y$15:$Y$5631),"I",(AllCalls25!$K$15:$K$5631),"6") -> 18 | AF5: =COUNTIFS((AllCalls25!$Y$15:$Y$5631),"I",(AllCalls25!$K$15:$K$5631),"7") -> 35 | AG5: =COUNTIFS((AllCalls25!$Y$15:$Y$5631),"I",(AllCalls25!$K$15:$K$5631),"8") -> 33 | AH5: =COUNTIFS((AllCalls25!$Y$15:$Y$5631),"I",(AllCalls25!$K$15:$K$5631),"9") -> 0 | AI5: =COUNTIFS((AllCalls25!$Y$15:$Y$5631),"I",(AllCalls25!$K$15:$K$5631),"10") -> 19 | AJ5: =COUNTIFS((AllCalls25!$Y$15:$Y$5631),"I",(AllCalls25!$K$15:$K$5631),"11") -> 39 | AK5: =COUNTIFS((AllCalls25!$Y$15:$Y$5631),"I",(AllCalls25!$K$15:$K$5631),"12") -> 57 | AL5: =SUM($Z5:$AK5) -> 360 | AM5: =(SUM($AL5))/SUM($AL$2) -> 0.55214724 | AN5: =SUM($J5,$X5,$AL5) -> 728 | AO5: =(SUM(AN5))/SUM($AN$2) -> 0.4742671 | AP5: OF
A6: SSO Darcy Hart | B6: 4 | C6: 10 | D6: 10 | E6: 9 | F6: 12 | G6: 18 | H6: 12 | I6: 16 | J6: =SUM($B6:$I6) -> 91 | K6: =(J6/$J$2) -> 0.2808642 | L6: 18 | M6: 13 | N6: 8 | O6: 8 | P6: 10 | Q6: 5 | R6: 17 | S6: 21 | T6: 11 | U6: 17 | V6: 7 | W6: 30 | X6: 165 | Y6: 0.28992072 | Z6: =COUNTIFS((AllCalls25!$Z$15:$Z$5631),"I",(AllCalls25!$K$15:$K$5631),"1") -> 16 | AA6: =COUNTIFS((AllCalls25!$Z$15:$Z$5631),"I",(AllCalls25!$K$15:$K$5631),"2") -> 13 | AB6: =COUNTIFS((AllCalls25!$Z$15:$Z$5631),"I",(AllCalls25!$K$15:$K$5631),"3") -> 11 | AC6: =COUNTIFS((AllCalls25!$Z$15:$Z$5631),"I",(AllCalls25!$K$15:$K$5631),"4") -> 18 | AD6: =COUNTIFS((AllCalls25!$Z$15:$Z$5631),"I",(AllCalls25!$K$15:$K$5631),"5") -> 21 | AE6: =COUNTIFS((AllCalls25!$Z$15:$Z$5631),"I",(AllCalls25!$K$15:$K$5631),"6") -> 6 | AF6: =COUNTIFS((AllCalls25!$Z$15:$Z$5631),"I",(AllCalls25!$K$15:$K$5631),"7") -> 19 | AG6: =COUNTIFS((AllCalls25!$Z$15:$Z$5631),"I",(AllCalls25!$K$15:$K$5631),"8") -> 13 | AH6: =COUNTIFS((AllCalls25!$Z$15:$Z$5631),"I",(AllCalls25!$K$15:$K$5631),"9") -> 12 | AI6: =COUNTIFS((AllCalls25!$Z$15:$Z$5631),"I",(AllCalls25!$K$15:$K$5631),"10") -> 11 | AJ6: =COUNTIFS((AllCalls25!$Z$15:$Z$5631),"I",(AllCalls25!$K$15:$K$5631),"11") -> 13 | AK6: =COUNTIFS((AllCalls25!$Z$15:$Z$5631),"I",(AllCalls25!$K$15:$K$5631),"12") -> 16 | AL6: =SUM($Z6:$AK6) -> 169 | AM6: =(SUM($AL6))/SUM($AL$2) -> 0.25920245 | AN6: =SUM($J6,$X6,$AL6) -> 425 | AO6: =(SUM(AN6))/SUM($AN$2) -> 0.27687296 | AP6: OF
A7: SSO Vaughan Wood | B7: 21 | C7: 15 | D7: 34 | E7: 9 | F7: 13 | G7: 14 | H7: 26 | I7: 22 | J7: =SUM($B7:$I7) -> 154 | K7: =(J7/$J$2) -> 0.47530864 | L7: 50 | M7: 27 | N7: 17 | O7: 26 | P7: 27 | Q7: 23 | R7: 36 | S7: 27 | T7: 20 | U7: 20 | V7: 30 | W7: 34 | X7: 337 | Y7: 0.55605889 | Z7: =COUNTIFS((AllCalls25!$AA$15:$AA$5631),"I",(AllCalls25!$K$15:$K$5631),"1") -> 30 | AA7: =COUNTIFS((AllCalls25!$AA$15:$AA$5631),"I",(AllCalls25!$K$15:$K$5631),"2") -> 33 | AB7: =COUNTIFS((AllCalls25!$AA$15:$AA$5631),"I",(AllCalls25!$K$15:$K$5631),"3") -> 39 | AC7: =COUNTIFS((AllCalls25!$AA$15:$AA$5631),"I",(AllCalls25!$K$15:$K$5631),"4") -> 24 | AD7: =COUNTIFS((AllCalls25!$AA$15:$AA$5631),"I",(AllCalls25!$K$15:$K$5631),"5") -> 21 | AE7: =COUNTIFS((AllCalls25!$AA$15:$AA$5631),"I",(AllCalls25!$K$15:$K$5631),"6") -> 21 | AF7: =COUNTIFS((AllCalls25!$AA$15:$AA$5631),"I",(AllCalls25!$K$15:$K$5631),"7") -> 43 | AG7: =COUNTIFS((AllCalls25!$AA$15:$AA$5631),"I",(AllCalls25!$K$15:$K$5631),"8") -> 33 | AH7: =COUNTIFS((AllCalls25!$AA$15:$AA$5631),"I",(AllCalls25!$K$15:$K$5631),"9") -> 39 | AI7: =COUNTIFS((AllCalls25!$AA$15:$AA$5631),"I",(AllCalls25!$K$15:$K$5631),"10") -> 29 | AJ7: =COUNTIFS((AllCalls25!$AA$15:$AA$5631),"I",(AllCalls25!$K$15:$K$5631),"11") -> 49 | AK7: =COUNTIFS((AllCalls25!$AA$15:$AA$5631),"I",(AllCalls25!$K$15:$K$5631),"12") -> 70 | AL7: =SUM($Z7:$AK7) -> 431 | AM7: =(SUM($AL7))/SUM($AL$2) -> 0.66104294 | AN7: =SUM($J7,$X7,$AL7) -> 922 | AO7: =(SUM(AN7))/SUM($AN$2) -> 0.60065147 | AP7: OF
A8: SO Richard Jellyman | B8: 8 | C8: 23 | D8: 22 | E8: 10 | F8: 10 | G8: 25 | H8: 13 | I8: 10 | J8: =SUM($B8:$I8) -> 121 | K8: =(J8/$J$2) -> 0.37345679 | L8: 3 | M8: 11 | N8: 19 | O8: 8 | P8: 12 | Q8: 2 | R8: 14 | S8: 20 | T8: 6 | U8: 6 | V8: 21 | W8: 23 | X8: 145 | Y8: 0.30124575 | Z8: =COUNTIFS((AllCalls25!$AB$15:$AB$5631),"I",(AllCalls25!$K$15:$K$5631),"1") -> 19 | AA8: =COUNTIFS((AllCalls25!$AB$15:$AB$5631),"I",(AllCalls25!$K$15:$K$5631),"2") -> 15 | AB8: =COUNTIFS((AllCalls25!$AB$15:$AB$5631),"I",(AllCalls25!$K$15:$K$5631),"3") -> 26 | AC8: =COUNTIFS((AllCalls25!$AB$15:$AB$5631),"I",(AllCalls25!$K$15:$K$5631),"4") -> 26 | AD8: =COUNTIFS((AllCalls25!$AB$15:$AB$5631),"I",(AllCalls25!$K$15:$K$5631),"5") -> 40 | AE8: =COUNTIFS((AllCalls25!$AB$15:$AB$5631),"I",(AllCalls25!$K$15:$K$5631),"6") -> 18 | AF8: =COUNTIFS((AllCalls25!$AB$15:$AB$5631),"I",(AllCalls25!$K$15:$K$5631),"7") -> 29 | AG8: =COUNTIFS((AllCalls25!$AB$15:$AB$5631),"I",(AllCalls25!$K$15:$K$5631),"8") -> 0 | AH8: =COUNTIFS((AllCalls25!$AB$15:$AB$5631),"I",(AllCalls25!$K$15:$K$5631),"9") -> 16 | AI8: =COUNTIFS((AllCalls25!$AB$15:$AB$5631),"I",(AllCalls25!$K$15:$K$5631),"10") -> 9 | AJ8: =COUNTIFS((AllCalls25!$AB$15:$AB$5631),"I",(AllCalls25!$K$15:$K$5631),"11") -> 8 | AK8: =COUNTIFS((AllCalls25!$AB$15:$AB$5631),"I",(AllCalls25!$K$15:$K$5631),"12") -> 28 | AL8: =SUM($Z8:$AK8) -> 234 | AM8: =(SUM($AL8))/SUM($AL$2) -> 0.35889571 | AN8: =SUM($J8,$X8,$AL8) -> 500 | AO8: =(SUM(AN8))/SUM($AN$2) -> 0.3257329 | AP8: OF
A9: SO Richard Irving | B9: 18 | C9: 17 | D9: 21 | E9: 7 | F9: 18 | G9: 10 | H9: 7 | I9: 7 | J9: =SUM($B9:$I9) -> 105 | K9: =(J9/$J$2) -> 0.32407407 | L9: 12 | M9: 13 | N9: 2 | O9: 10 | P9: 32 | Q9: 3 | R9: 4 | S9: 12 | T9: 14 | U9: 4 | V9: 5 | W9: 25 | X9: 136 | Y9: 0.27293318 | Z9: =COUNTIFS((AllCalls25!$AC$15:$AC$5631),"I",(AllCalls25!$K$15:$K$5631),"1") -> 13 | AA9: =COUNTIFS((AllCalls25!$AC$15:$AC$5631),"I",(AllCalls25!$K$15:$K$5631),"2") -> 7 | AB9: =COUNTIFS((AllCalls25!$AC$15:$AC$5631),"I",(AllCalls25!$K$15:$K$5631),"3") -> 11 | AC9: =COUNTIFS((AllCalls25!$AC$15:$AC$5631),"I",(AllCalls25!$K$15:$K$5631),"4") -> 8 | AD9: =COUNTIFS((AllCalls25!$AC$15:$AC$5631),"I",(AllCalls25!$K$15:$K$5631),"5") -> 19 | AE9: =COUNTIFS((AllCalls25!$AC$15:$AC$5631),"I",(AllCalls25!$K$15:$K$5631),"6") -> 12 | AF9: =COUNTIFS((AllCalls25!$AC$15:$AC$5631),"I",(AllCalls25!$K$15:$K$5631),"7") -> 18 | AG9: =COUNTIFS((AllCalls25!$AC$15:$AC$5631),"I",(AllCalls25!$K$15:$K$5631),"8") -> 5 | AH9: =COUNTIFS((AllCalls25!$AC$15:$AC$5631),"I",(AllCalls25!$K$15:$K$5631),"9") -> 8 | AI9: =COUNTIFS((AllCalls25!$AC$15:$AC$5631),"I",(AllCalls25!$K$15:$K$5631),"10") -> 2 | AJ9: =COUNTIFS((AllCalls25!$AC$15:$AC$5631),"I",(AllCalls25!$K$15:$K$5631),"11") -> 19 | AK9: =COUNTIFS((AllCalls25!$AC$15:$AC$5631),"I",(AllCalls25!$K$15:$K$5631),"12") -> 6 | AL9: =SUM($Z9:$AK9) -> 128 | AM9: =(SUM($AL9))/SUM($AL$2) -> 0.19631902 | AN9: =SUM($J9,$X9,$AL9) -> 369 | AO9: =(SUM(AN9))/SUM($AN$2) -> 0.24039088 | AP9: OF
A10: SO Darryn Pritchard | B10: 16 | C10: 34 | D10: 31 | E10: 13 | F10: 10 | G10: 17 | H10: 23 | I10: 22 | J10: =SUM($B10:$I10) -> 166 | K10: =(J10/$J$2) -> 0.51234568 | L10: 13 | M10: 30 | N10: 30 | O10: 21 | P10: 33 | Q10: 2 | R10: 22 | S10: 8 | T10: 13 | U10: 18 | V10: 20 | W10: 27 | X10: 237 | Y10: 0.45639864 | Z10: =COUNTIFS((AllCalls25!$AD$15:$AD$5631),"I",(AllCalls25!$K$15:$K$5631),"1") -> 2 | AA10: =COUNTIFS((AllCalls25!$AD$15:$AD$5631),"I",(AllCalls25!$K$15:$K$5631),"2") -> 6 | AB10: =COUNTIFS((AllCalls25!$AD$15:$AD$5631),"I",(AllCalls25!$K$15:$K$5631),"3") -> 26 | AC10: =COUNTIFS((AllCalls25!$AD$15:$AD$5631),"I",(AllCalls25!$K$15:$K$5631),"4") -> 19 | AD10: =COUNTIFS((AllCalls25!$AD$15:$AD$5631),"I",(AllCalls25!$K$15:$K$5631),"5") -> 22 | AE10: =COUNTIFS((AllCalls25!$AD$15:$AD$5631),"I",(AllCalls25!$K$15:$K$5631),"6") -> 17 | AF10: =COUNTIFS((AllCalls25!$AD$15:$AD$5631),"I",(AllCalls25!$K$15:$K$5631),"7") -> 23 | AG10: =COUNTIFS((AllCalls25!$AD$15:$AD$5631),"I",(AllCalls25!$K$15:$K$5631),"8") -> 27 | AH10: =COUNTIFS((AllCalls25!$AD$15:$AD$5631),"I",(AllCalls25!$K$15:$K$5631),"9") -> 20 | AI10: =COUNTIFS((AllCalls25!$AD$15:$AD$5631),"I",(AllCalls25!$K$15:$K$5631),"10") -> 12 | AJ10: =COUNTIFS((AllCalls25!$AD$15:$AD$5631),"I",(AllCalls25!$K$15:$K$5631),"11") -> 21 | AK10: =COUNTIFS((AllCalls25!$AD$15:$AD$5631),"I",(AllCalls25!$K$15:$K$5631),"12") -> 17 | AL10: =SUM($Z10:$AK10) -> 212 | AM10: =(SUM($AL10))/SUM($AL$2) -> 0.32515337 | AN10: =SUM($J10,$X10,$AL10) -> 615 | AO10: =(SUM(AN10))/SUM($AN$2) -> 0.40065147 | AP10: OF
A11: SO Jon White | B11: 7 | C11: 0 | D11: 13 | E11: 11 | F11: 14 | G11: 30 | H11: 14 | I11: 22 | J11: =SUM($B11:$I11) -> 111 | K11: =(J11/$J$2) -> 0.34259259 | L11: 27 | M11: 21 | N11: 19 | O11: 17 | P11: 20 | Q11: 18 | R11: 18 | S11: 20 | T11: 14 | U11: 21 | V11: 17 | W11: 18 | X11: 230 | Y11: 0.38618347 | Z11: =COUNTIFS((AllCalls25!$AE$15:$AE$5631),"I",(AllCalls25!$K$15:$K$5631),"1") -> 13 | AA11: =COUNTIFS((AllCalls25!$AE$15:$AE$5631),"I",(AllCalls25!$K$15:$K$5631),"2") -> 0 | AB11: =COUNTIFS((AllCalls25!$AE$15:$AE$5631),"I",(AllCalls25!$K$15:$K$5631),"3") -> 3 | AC11: =COUNTIFS((AllCalls25!$AE$15:$AE$5631),"I",(AllCalls25!$K$15:$K$5631),"4") -> 8 | AD11: =COUNTIFS((AllCalls25!$AE$15:$AE$5631),"I",(AllCalls25!$K$15:$K$5631),"5") -> 28 | AE11: =COUNTIFS((AllCalls25!$AE$15:$AE$5631),"I",(AllCalls25!$K$15:$K$5631),"6") -> 14 | AF11: =COUNTIFS((AllCalls25!$AE$15:$AE$5631),"I",(AllCalls25!$K$15:$K$5631),"7") -> 14 | AG11: =COUNTIFS((AllCalls25!$AE$15:$AE$5631),"I",(AllCalls25!$K$15:$K$5631),"8") -> 23 | AH11: =COUNTIFS((AllCalls25!$AE$15:$AE$5631),"I",(AllCalls25!$K$15:$K$5631),"9") -> 16 | AI11: =COUNTIFS((AllCalls25!$AE$15:$AE$5631),"I",(AllCalls25!$K$15:$K$5631),"10") -> 11 | AJ11: =COUNTIFS((AllCalls25!$AE$15:$AE$5631),"I",(AllCalls25!$K$15:$K$5631),"11") -> 18 | AK11: =COUNTIFS((AllCalls25!$AE$15:$AE$5631),"I",(AllCalls25!$K$15:$K$5631),"12") -> 39 | AL11: =SUM($Z11:$AK11) -> 187 | AM11: =(SUM($AL11))/SUM($AL$2) -> 0.28680982 | AN11: =SUM($J11,$X11,$AL11) -> 528 | AO11: =(SUM(AN11))/SUM($AN$2) -> 0.34397394 | AP11: OF
A12: SFF Brent Reynolds | B12: 7 | C12: 11 | D12: 11 | E12: 11 | F12: 6 | G12: 9 | H12: 5 | I12: 10 | J12: =SUM($B12:$I12) -> 70 | K12: =(J12/$J$2) -> 0.21604938 | L12: 12 | M12: 11 | N12: 5 | O12: 10 | P12: 9 | Q12: 4 | R12: 10 | S12: 4 | T12: 5 | U12: 21 | V12: 25 | W12: 27 | X12: 143 | Y12: 0.2412231 | Z12: =COUNTIFS((AllCalls25!$AF$15:$AF$5631),"I",(AllCalls25!$K$15:$K$5631),"1") -> 14 | AA12: =COUNTIFS((AllCalls25!$AF$15:$AF$5631),"I",(AllCalls25!$K$15:$K$5631),"2") -> 4 | AB12: =COUNTIFS((AllCalls25!$AF$15:$AF$5631),"I",(AllCalls25!$K$15:$K$5631),"3") -> 15 | AC12: =COUNTIFS((AllCalls25!$AF$15:$AF$5631),"I",(AllCalls25!$K$15:$K$5631),"4") -> 17 | AD12: =COUNTIFS((AllCalls25!$AF$15:$AF$5631),"I",(AllCalls25!$K$15:$K$5631),"5") -> 22 | AE12: =COUNTIFS((AllCalls25!$AF$15:$AF$5631),"I",(AllCalls25!$K$15:$K$5631),"6") -> 9 | AF12: =COUNTIFS((AllCalls25!$AF$15:$AF$5631),"I",(AllCalls25!$K$15:$K$5631),"7") -> 17 | AG12: =COUNTIFS((AllCalls25!$AF$15:$AF$5631),"I",(AllCalls25!$K$15:$K$5631),"8") -> 7 | AH12: =COUNTIFS((AllCalls25!$AF$15:$AF$5631),"I",(AllCalls25!$K$15:$K$5631),"9") -> 3 | AI12: =COUNTIFS((AllCalls25!$AF$15:$AF$5631),"I",(AllCalls25!$K$15:$K$5631),"10") -> 8 | AJ12: =COUNTIFS((AllCalls25!$AF$15:$AF$5631),"I",(AllCalls25!$K$15:$K$5631),"11") -> 14 | AK12: =COUNTIFS((AllCalls25!$AF$15:$AF$5631),"I",(AllCalls25!$K$15:$K$5631),"12") -> 3 | AL12: =SUM($Z12:$AK12) -> 133 | AM12: =(SUM($AL12))/SUM($AL$2) -> 0.20398773 | AN12: =SUM($J12,$X12,$AL12) -> 346 | AO12: =(SUM(AN12))/SUM($AN$2) -> 0.22540717 | AP12: DR*
A13: SFF Joseph O'Neill-Gregory | B13: 8 | C13: 17 | D13: 19 | E13: 4 | F13: 1 | G13: 22 | H13: 14 | I13: 12 | J13: =SUM($B13:$I13) -> 97 | K13: =(J13/$J$2) -> 0.29938272 | L13: 21 | M13: 13 | N13: 3 | O13: 15 | P13: 16 | Q13: 12 | R13: 5 | S13: 0 | T13: 3 | U13: 13 | V13: 14 | W13: 19 | X13: 134 | Y13: 0.26160815 | Z13: =COUNTIFS((AllCalls25!$AG$15:$AG$5631),"I",(AllCalls25!$K$15:$K$5631),"1") -> 16 | AA13: =COUNTIFS((AllCalls25!$AG$15:$AG$5631),"I",(AllCalls25!$K$15:$K$5631),"2") -> 11 | AB13: =COUNTIFS((AllCalls25!$AG$15:$AG$5631),"I",(AllCalls25!$K$15:$K$5631),"3") -> 8 | AC13: =COUNTIFS((AllCalls25!$AG$15:$AG$5631),"I",(AllCalls25!$K$15:$K$5631),"4") -> 5 | AD13: =COUNTIFS((AllCalls25!$AG$15:$AG$5631),"I",(AllCalls25!$K$15:$K$5631),"5") -> 14 | AE13: =COUNTIFS((AllCalls25!$AG$15:$AG$5631),"I",(AllCalls25!$K$15:$K$5631),"6") -> 10 | AF13: =COUNTIFS((AllCalls25!$AG$15:$AG$5631),"I",(AllCalls25!$K$15:$K$5631),"7") -> 11 | AG13: =COUNTIFS((AllCalls25!$AG$15:$AG$5631),"I",(AllCalls25!$K$15:$K$5631),"8") -> 13 | AH13: =COUNTIFS((AllCalls25!$AG$15:$AG$5631),"I",(AllCalls25!$K$15:$K$5631),"9") -> 3 | AI13: =COUNTIFS((AllCalls25!$AG$15:$AG$5631),"I",(AllCalls25!$K$15:$K$5631),"10") -> 6 | AJ13: =COUNTIFS((AllCalls25!$AG$15:$AG$5631),"I",(AllCalls25!$K$15:$K$5631),"11") -> 8 | AK13: =COUNTIFS((AllCalls25!$AG$15:$AG$5631),"I",(AllCalls25!$K$15:$K$5631),"12") -> 37 | AL13: =SUM($Z13:$AK13) -> 142 | AM13: =(SUM($AL13))/SUM($AL$2) -> 0.21779141 | AN13: =SUM($J13,$X13,$AL13) -> 373 | AO13: =(SUM(AN13))/SUM($AN$2) -> 0.24299674 | AP13: DR
A14: SFF Grant Robertson | B14: 22 | C14: 33 | D14: 27 | E14: 12 | F14: 18 | G14: 21 | H14: 11 | I14: 16 | J14: =SUM($B14:$I14) -> 160 | K14: =(J14/$J$2) -> 0.49382716 | L14: 24 | M14: 20 | N14: 24 | O14: 23 | P14: 33 | Q14: 21 | R14: 27 | S14: 28 | T14: 25 | U14: 29 | V14: 21 | W14: 24 | X14: 299 | Y14: 0.5198188 | Z14: =COUNTIFS((AllCalls25!$AH$15:$AH$5631),"I",(AllCalls25!$K$15:$K$5631),"1") -> 32 | AA14: =COUNTIFS((AllCalls25!$AH$15:$AH$5631),"I",(AllCalls25!$K$15:$K$5631),"2") -> 32 | AB14: =COUNTIFS((AllCalls25!$AH$15:$AH$5631),"I",(AllCalls25!$K$15:$K$5631),"3") -> 33 | AC14: =COUNTIFS((AllCalls25!$AH$15:$AH$5631),"I",(AllCalls25!$K$15:$K$5631),"4") -> 30 | AD14: =COUNTIFS((AllCalls25!$AH$15:$AH$5631),"I",(AllCalls25!$K$15:$K$5631),"5") -> 31 | AE14: =COUNTIFS((AllCalls25!$AH$15:$AH$5631),"I",(AllCalls25!$K$15:$K$5631),"6") -> 12 | AF14: =COUNTIFS((AllCalls25!$AH$15:$AH$5631),"I",(AllCalls25!$K$15:$K$5631),"7") -> 40 | AG14: =COUNTIFS((AllCalls25!$AH$15:$AH$5631),"I",(AllCalls25!$K$15:$K$5631),"8") -> 38 | AH14: =COUNTIFS((AllCalls25!$AH$15:$AH$5631),"I",(AllCalls25!$K$15:$K$5631),"9") -> 32 | AI14: =COUNTIFS((AllCalls25!$AH$15:$AH$5631),"I",(AllCalls25!$K$15:$K$5631),"10") -> 28 | AJ14: =COUNTIFS((AllCalls25!$AH$15:$AH$5631),"I",(AllCalls25!$K$15:$K$5631),"11") -> 38 | AK14: =COUNTIFS((AllCalls25!$AH$15:$AH$5631),"I",(AllCalls25!$K$15:$K$5631),"12") -> 61 | AL14: =SUM($Z14:$AK14) -> 407 | AM14: =(SUM($AL14))/SUM($AL$2) -> 0.62423313 | AN14: =SUM($J14,$X14,$AL14) -> 866 | AO14: =(SUM(AN14))/SUM($AN$2) -> 0.56416938 | AP14: DR*
A15: SFF William O'Connell | B15: 9 | C15: 11 | D15: 13 | E15: 9 | F15: 13 | G15: 12 | H15: 7 | I15: 13 | J15: =SUM($B15:$I15) -> 87 | K15: =(J15/$J$2) -> 0.26851852 | L15: 15 | M15: 20 | N15: 11 | O15: 6 | P15: 15 | Q15: 12 | R15: 12 | S15: 16 | T15: 12 | U15: 15 | V15: 26 | W15: 19 | X15: 179 | Y15: 0.30124575 | Z15: =COUNTIFS((AllCalls25!$AI$15:$AI$5631),"I",(AllCalls25!$K$15:$K$5631),"1") -> 23 | AA15: =COUNTIFS((AllCalls25!$AI$15:$AI$5631),"I",(AllCalls25!$K$15:$K$5631),"2") -> 14 | AB15: =COUNTIFS((AllCalls25!$AI$15:$AI$5631),"I",(AllCalls25!$K$15:$K$5631),"3") -> 19 | AC15: =COUNTIFS((AllCalls25!$AI$15:$AI$5631),"I",(AllCalls25!$K$15:$K$5631),"4") -> 12 | AD15: =COUNTIFS((AllCalls25!$AI$15:$AI$5631),"I",(AllCalls25!$K$15:$K$5631),"5") -> 19 | AE15: =COUNTIFS((AllCalls25!$AI$15:$AI$5631),"I",(AllCalls25!$K$15:$K$5631),"6") -> 13 | AF15: =COUNTIFS((AllCalls25!$AI$15:$AI$5631),"I",(AllCalls25!$K$15:$K$5631),"7") -> 8 | AG15: =COUNTIFS((AllCalls25!$AI$15:$AI$5631),"I",(AllCalls25!$K$15:$K$5631),"8") -> 25 | AH15: =COUNTIFS((AllCalls25!$AI$15:$AI$5631),"I",(AllCalls25!$K$15:$K$5631),"9") -> 10 | AI15: =COUNTIFS((AllCalls25!$AI$15:$AI$5631),"I",(AllCalls25!$K$15:$K$5631),"10") -> 17 | AJ15: =COUNTIFS((AllCalls25!$AI$15:$AI$5631),"I",(AllCalls25!$K$15:$K$5631),"11") -> 11 | AK15: =COUNTIFS((AllCalls25!$AI$15:$AI$5631),"I",(AllCalls25!$K$15:$K$5631),"12") -> 47 | AL15: =SUM($Z15:$AK15) -> 218 | AM15: =(SUM($AL15))/SUM($AL$2) -> 0.33435583 | AN15: =SUM($J15,$X15,$AL15) -> 484 | AO15: =(SUM(AN15))/SUM($AN$2) -> 0.31530945 | AP15: DR*
A16: SFF Robert Mayo | B16: 9 | C16: 15 | D16: 13 | E16: 12 | F16: 12 | G16: 11 | H16: 17 | I16: 3 | J16: =SUM($B16:$I16) -> 92 | K16: =(J16/$J$2) -> 0.28395062 | L16: 20 | M16: 15 | N16: 16 | O16: 14 | P16: 27 | Q16: 17 | R16: 10 | S16: 15 | T16: 13 | U16: 9 | V16: 16 | W16: 17 | X16: 189 | Y16: 0.3182333 | Z16: =COUNTIFS((AllCalls25!$AJ$15:$AJ$5631),"I",(AllCalls25!$K$15:$K$5631),"1") -> 30 | AA16: =COUNTIFS((AllCalls25!$AJ$15:$AJ$5631),"I",(AllCalls25!$K$15:$K$5631),"2") -> 31 | AB16: =COUNTIFS((AllCalls25!$AJ$15:$AJ$5631),"I",(AllCalls25!$K$15:$K$5631),"3") -> 38 | AC16: =COUNTIFS((AllCalls25!$AJ$15:$AJ$5631),"I",(AllCalls25!$K$15:$K$5631),"4") -> 24 | AD16: =COUNTIFS((AllCalls25!$AJ$15:$AJ$5631),"I",(AllCalls25!$K$15:$K$5631),"5") -> 41 | AE16: =COUNTIFS((AllCalls25!$AJ$15:$AJ$5631),"I",(AllCalls25!$K$15:$K$5631),"6") -> 25 | AF16: =COUNTIFS((AllCalls25!$AJ$15:$AJ$5631),"I",(AllCalls25!$K$15:$K$5631),"7") -> 33 | AG16: =COUNTIFS((AllCalls25!$AJ$15:$AJ$5631),"I",(AllCalls25!$K$15:$K$5631),"8") -> 37 | AH16: =COUNTIFS((AllCalls25!$AJ$15:$AJ$5631),"I",(AllCalls25!$K$15:$K$5631),"9") -> 32 | AI16: =COUNTIFS((AllCalls25!$AJ$15:$AJ$5631),"I",(AllCalls25!$K$15:$K$5631),"10") -> 22 | AJ16: =COUNTIFS((AllCalls25!$AJ$15:$AJ$5631),"I",(AllCalls25!$K$15:$K$5631),"11") -> 46 | AK16: =COUNTIFS((AllCalls25!$AJ$15:$AJ$5631),"I",(AllCalls25!$K$15:$K$5631),"12") -> 33 | AL16: =SUM($Z16:$AK16) -> 392 | AM16: =(SUM($AL16))/SUM($AL$2) -> 0.60122699 | AN16: =SUM($J16,$X16,$AL16) -> 673 | AO16: =(SUM(AN16))/SUM($AN$2) -> 0.43843648 | AP16: DR
A17: SFF Brody Jellyman | X17: 0 | Z17: =COUNTIFS((AllCalls25!$AK$15:$AK$5631),"I",(AllCalls25!$K$15:$K$5631),"1") -> 7 | AA17: =COUNTIFS((AllCalls25!$AK$15:$AK$5631),"I",(AllCalls25!$K$15:$K$5631),"2") -> 22 | AB17: =COUNTIFS((AllCalls25!$AK$15:$AK$5631),"I",(AllCalls25!$K$15:$K$5631),"3") -> 28 | AC17: =COUNTIFS((AllCalls25!$AK$15:$AK$5631),"I",(AllCalls25!$K$15:$K$5631),"4") -> 18 | AD17: =COUNTIFS((AllCalls25!$AK$15:$AK$5631),"I",(AllCalls25!$K$15:$K$5631),"5") -> 32 | AE17: =COUNTIFS((AllCalls25!$AK$15:$AK$5631),"I",(AllCalls25!$K$15:$K$5631),"6") -> 13 | AF17: =COUNTIFS((AllCalls25!$AK$15:$AK$5631),"I",(AllCalls25!$K$15:$K$5631),"7") -> 22 | AG17: =COUNTIFS((AllCalls25!$AK$15:$AK$5631),"I",(AllCalls25!$K$15:$K$5631),"8") -> 24 | AH17: =COUNTIFS((AllCalls25!$AK$15:$AK$5631),"I",(AllCalls25!$K$15:$K$5631),"9") -> 16 | AI17: =COUNTIFS((AllCalls25!$AK$15:$AK$5631),"I",(AllCalls25!$K$15:$K$5631),"10") -> 12 | AJ17: =COUNTIFS((AllCalls25!$AK$15:$AK$5631),"I",(AllCalls25!$K$15:$K$5631),"11") -> 20 | AK17: =COUNTIFS((AllCalls25!$AK$15:$AK$5631),"I",(AllCalls25!$K$15:$K$5631),"12") -> 29 | AL17: =SUM($Z17:$AK17) -> 243 | AM17: =(SUM($AA17:$AK17))/SUM($AA$2:$AK$2) -> 0.39663866 | AN17: =SUM($AL17) -> 243 | AO17: =(SUM(AA17:AK17))/SUM($AA$2:$AK$2) -> 0.39663866 | AP17: DR
A18: QFF Symon Maxwell | B18: 4 | C18: 21 | D18: 17 | E18: 15 | F18: 16 | G18: 28 | H18: 22 | I18: 17 | J18: =SUM($B18:$I18) -> 140 | K18: =(J18/$J$2) -> 0.43209877 | L18: 34 | M18: 22 | N18: 16 | O18: 21 | P18: 25 | Q18: 12 | R18: 18 | S18: 22 | T18: 15 | U18: 25 | V18: 23 | W18: 20 | X18: 253 | Y18: 0.44507361 | Z18: =COUNTIFS((AllCalls25!$AL$15:$AL$5631),"I",(AllCalls25!$K$15:$K$5631),"1") -> 28 | AA18: =COUNTIFS((AllCalls25!$AL$15:$AL$5631),"I",(AllCalls25!$K$15:$K$5631),"2") -> 15 | AB18: =COUNTIFS((AllCalls25!$AL$15:$AL$5631),"I",(AllCalls25!$K$15:$K$5631),"3") -> 17 | AC18: =COUNTIFS((AllCalls25!$AL$15:$AL$5631),"I",(AllCalls25!$K$15:$K$5631),"4") -> 21 | AD18: =COUNTIFS((AllCalls25!$AL$15:$AL$5631),"I",(AllCalls25!$K$15:$K$5631),"5") -> 24 | AE18: =COUNTIFS((AllCalls25!$AL$15:$AL$5631),"I",(AllCalls25!$K$15:$K$5631),"6") -> 19 | AF18: =COUNTIFS((AllCalls25!$AL$15:$AL$5631),"I",(AllCalls25!$K$15:$K$5631),"7") -> 25 | AG18: =COUNTIFS((AllCalls25!$AL$15:$AL$5631),"I",(AllCalls25!$K$15:$K$5631),"8") -> 18 | AH18: =COUNTIFS((AllCalls25!$AL$15:$AL$5631),"I",(AllCalls25!$K$15:$K$5631),"9") -> 8 | AI18: =COUNTIFS((AllCalls25!$AL$15:$AL$5631),"I",(AllCalls25!$K$15:$K$5631),"10") -> 16 | AJ18: =COUNTIFS((AllCalls25!$AL$15:$AL$5631),"I",(AllCalls25!$K$15:$K$5631),"11") -> 16 | AK18: =COUNTIFS((AllCalls25!$AL$15:$AL$5631),"I",(AllCalls25!$K$15:$K$5631),"12") -> 12 | AL18: =SUM($Z18:$AK18) -> 219 | AM18: =(SUM($AL18))/SUM($AL$2) -> 0.33588957 | AN18: =SUM($J18,$X18,$AL18) -> 612 | AO18: =(SUM(AN18))/SUM($AN$2) -> 0.39869707
A19: QFF Ian Chapman | B19: 9 | C19: 23 | D19: 11 | E19: 14 | F19: 10 | G19: 23 | H19: 21 | I19: 23 | J19: =SUM($B19:$I19) -> 134 | K19: =(J19/$J$2) -> 0.41358025 | L19: 12 | M19: 23 | N19: 24 | O19: 16 | P19: 30 | Q19: 19 | R19: 22 | S19: 16 | T19: 20 | U19: 20 | V19: 25 | W19: 26 | X19: 253 | Y19: 0.4382786 | Z19: =COUNTIFS((AllCalls25!$AM$15:$AM$5631),"I",(AllCalls25!$K$15:$K$5631),"1") -> 22 | AA19: =COUNTIFS((AllCalls25!$AM$15:$AM$5631),"I",(AllCalls25!$K$15:$K$5631),"2") -> 27 | AB19: =COUNTIFS((AllCalls25!$AM$15:$AM$5631),"I",(AllCalls25!$K$15:$K$5631),"3") -> 33 | AC19: =COUNTIFS((AllCalls25!$AM$15:$AM$5631),"I",(AllCalls25!$K$15:$K$5631),"4") -> 16 | AD19: =COUNTIFS((AllCalls25!$AM$15:$AM$5631),"I",(AllCalls25!$K$15:$K$5631),"5") -> 32 | AE19: =COUNTIFS((AllCalls25!$AM$15:$AM$5631),"I",(AllCalls25!$K$15:$K$5631),"6") -> 19 | AF19: =COUNTIFS((AllCalls25!$AM$15:$AM$5631),"I",(AllCalls25!$K$15:$K$5631),"7") -> 25 | AG19: =COUNTIFS((AllCalls25!$AM$15:$AM$5631),"I",(AllCalls25!$K$15:$K$5631),"8") -> 12 | AH19: =COUNTIFS((AllCalls25!$AM$15:$AM$5631),"I",(AllCalls25!$K$15:$K$5631),"9") -> 16 | AI19: =COUNTIFS((AllCalls25!$AM$15:$AM$5631),"I",(AllCalls25!$K$15:$K$5631),"10") -> 17 | AJ19: =COUNTIFS((AllCalls25!$AM$15:$AM$5631),"I",(AllCalls25!$K$15:$K$5631),"11") -> 23 | AK19: =COUNTIFS((AllCalls25!$AM$15:$AM$5631),"I",(AllCalls25!$K$15:$K$5631),"12") -> 48 | AL19: =SUM($Z19:$AK19) -> 290 | AM19: =(SUM($AL19))/SUM($AL$2) -> 0.44478528 | AN19: =SUM($J19,$X19,$AL19) -> 677 | AO19: =(SUM(AN19))/SUM($AN$2) -> 0.44104235 | AP19: DR
A20: QFF Melanie Yates | B20: 1 | C20: 3 | D20: 8 | E20: 7 | F20: 11 | G20: 10 | H20: 15 | I20: 11 | J20: =SUM($B20:$I20) -> 66 | K20: =(J20/$J$2) -> 0.2037037 | L20: 14 | M20: 9 | N20: 7 | O20: 8 | P20: 5 | Q20: 11 | R20: 11 | S20: 9 | T20: 7 | U20: 6 | V20: 13 | W20: 14 | X20: 114 | Y20: 0.20385051 | Z20: =COUNTIFS((AllCalls25!$AN$15:$AN$5631),"I",(AllCalls25!$K$15:$K$5631),"1") -> 5 | AA20: =COUNTIFS((AllCalls25!$AN$15:$AN$5631),"I",(AllCalls25!$K$15:$K$5631),"2") -> 7 | AB20: =COUNTIFS((AllCalls25!$AN$15:$AN$5631),"I",(AllCalls25!$K$15:$K$5631),"3") -> 13 | AC20: =COUNTIFS((AllCalls25!$AN$15:$AN$5631),"I",(AllCalls25!$K$15:$K$5631),"4") -> 9 | AD20: =COUNTIFS((AllCalls25!$AN$15:$AN$5631),"I",(AllCalls25!$K$15:$K$5631),"5") -> 14 | AE20: =COUNTIFS((AllCalls25!$AN$15:$AN$5631),"I",(AllCalls25!$K$15:$K$5631),"6") -> 4 | AF20: =COUNTIFS((AllCalls25!$AN$15:$AN$5631),"I",(AllCalls25!$K$15:$K$5631),"7") -> 7 | AG20: =COUNTIFS((AllCalls25!$AN$15:$AN$5631),"I",(AllCalls25!$K$15:$K$5631),"8") -> 10 | AH20: =COUNTIFS((AllCalls25!$AN$15:$AN$5631),"I",(AllCalls25!$K$15:$K$5631),"9") -> 8 | AI20: =COUNTIFS((AllCalls25!$AN$15:$AN$5631),"I",(AllCalls25!$K$15:$K$5631),"10") -> 5 | AJ20: =COUNTIFS((AllCalls25!$AN$15:$AN$5631),"I",(AllCalls25!$K$15:$K$5631),"11") -> 16 | AK20: =COUNTIFS((AllCalls25!$AN$15:$AN$5631),"I",(AllCalls25!$K$15:$K$5631),"12") -> 27 | AL20: =SUM($Z20:$AK20) -> 125 | AM20: =(SUM($AL20))/SUM($AL$2) -> 0.19171779 | AN20: =SUM($J20,$X20,$AL20) -> 305 | AO20: =(SUM(AN20))/SUM($AN$2) -> 0.19869707 | AP20: DR
A21: QFF Maree Primrose | B21: 14 | C21: 34 | D21: 25 | E21: 11 | F21: 23 | G21: 24 | H21: 21 | I21: 28 | J21: =SUM($B21:$I21) -> 180 | K21: =(J21/$J$2) -> 0.55555556 | L21: 35 | M21: 33 | N21: 29 | O21: 22 | P21: 19 | Q21: 21 | R21: 14 | S21: 5 | T21: 11 | U21: 12 | V21: 13 | W21: 20 | X21: 234 | Y21: 0.46885617 | Z21: =COUNTIFS((AllCalls25!$AO$15:$AO$5631),"I",(AllCalls25!$K$15:$K$5631),"1") -> 27 | AA21: =COUNTIFS((AllCalls25!$AO$15:$AO$5631),"I",(AllCalls25!$K$15:$K$5631),"2") -> 14 | AB21: =COUNTIFS((AllCalls25!$AO$15:$AO$5631),"I",(AllCalls25!$K$15:$K$5631),"3") -> 26 | AC21: =COUNTIFS((AllCalls25!$AO$15:$AO$5631),"I",(AllCalls25!$K$15:$K$5631),"4") -> 12 | AD21: =COUNTIFS((AllCalls25!$AO$15:$AO$5631),"I",(AllCalls25!$K$15:$K$5631),"5") -> 26 | AE21: =COUNTIFS((AllCalls25!$AO$15:$AO$5631),"I",(AllCalls25!$K$15:$K$5631),"6") -> 7 | AF21: =COUNTIFS((AllCalls25!$AO$15:$AO$5631),"I",(AllCalls25!$K$15:$K$5631),"7") -> 13 | AG21: =COUNTIFS((AllCalls25!$AO$15:$AO$5631),"I",(AllCalls25!$K$15:$K$5631),"8") -> 15 | AH21: =COUNTIFS((AllCalls25!$AO$15:$AO$5631),"I",(AllCalls25!$K$15:$K$5631),"9") -> 14 | AI21: =COUNTIFS((AllCalls25!$AO$15:$AO$5631),"I",(AllCalls25!$K$15:$K$5631),"10") -> 10 | AJ21: =COUNTIFS((AllCalls25!$AO$15:$AO$5631),"I",(AllCalls25!$K$15:$K$5631),"11") -> 17 | AK21: =COUNTIFS((AllCalls25!$AO$15:$AO$5631),"I",(AllCalls25!$K$15:$K$5631),"12") -> 42 | AL21: =SUM($Z21:$AK21) -> 223 | AM21: =(SUM($AL21))/SUM($AL$2) -> 0.34202454 | AN21: =SUM($J21,$X21,$AL21) -> 637 | AO21: =(SUM(AN21))/SUM($AN$2) -> 0.41498371
A22: QFF Russell Clarke | B22: 2 | C22: 11 | D22: 9 | E22: 8 | F22: 12 | G22: 21 | H22: 17 | I22: 16 | J22: =SUM($B22:$I22) -> 96 | K22: =(J22/$J$2) -> 0.2962963 | L22: 20 | M22: 16 | N22: 13 | O22: 13 | P22: 16 | Q22: 10 | R22: 10 | S22: 10 | T22: 3 | U22: 7 | V22: 9 | W22: 15 | X22: 142 | Y22: 0.26953567 | Z22: =COUNTIFS((AllCalls25!$AP$15:$AP$5631),"I",(AllCalls25!$K$15:$K$5631),"1") -> 11 | AA22: =COUNTIFS((AllCalls25!$AP$15:$AP$5631),"I",(AllCalls25!$K$15:$K$5631),"2") -> 7 | AB22: =COUNTIFS((AllCalls25!$AP$15:$AP$5631),"I",(AllCalls25!$K$15:$K$5631),"3") -> 12 | AC22: =COUNTIFS((AllCalls25!$AP$15:$AP$5631),"I",(AllCalls25!$K$15:$K$5631),"4") -> 4 | AD22: =COUNTIFS((AllCalls25!$AP$15:$AP$5631),"I",(AllCalls25!$K$15:$K$5631),"5") -> 13 | AE22: =COUNTIFS((AllCalls25!$AP$15:$AP$5631),"I",(AllCalls25!$K$15:$K$5631),"6") -> 6 | AF22: =COUNTIFS((AllCalls25!$AP$15:$AP$5631),"I",(AllCalls25!$K$15:$K$5631),"7") -> 3 | AG22: =COUNTIFS((AllCalls25!$AP$15:$AP$5631),"I",(AllCalls25!$K$15:$K$5631),"8") -> 12 | AH22: =COUNTIFS((AllCalls25!$AP$15:$AP$5631),"I",(AllCalls25!$K$15:$K$5631),"9") -> 12 | AI22: =COUNTIFS((AllCalls25!$AP$15:$AP$5631),"I",(AllCalls25!$K$15:$K$5631),"10") -> 5 | AJ22: =COUNTIFS((AllCalls25!$AP$15:$AP$5631),"I",(AllCalls25!$K$15:$K$5631),"11") -> 16 | AK22: =COUNTIFS((AllCalls25!$AP$15:$AP$5631),"I",(AllCalls25!$K$15:$K$5631),"12") -> 25 | AL22: =SUM($Z22:$AK22) -> 126 | AM22: =(SUM($AL22))/SUM($AL$2) -> 0.19325153 | AN22: =SUM($J22,$X22,$AL22) -> 364 | AO22: =(SUM(AN22))/SUM($AN$2) -> 0.23713355
A23: QFF Andrew Bond | B23: 1 | C23: 14 | D23: 14 | E23: 9 | F23: 4 | G23: 14 | H23: 16 | I23: 17 | J23: =SUM($B23:$I23) -> 89 | K23: =(J23/$J$2) -> 0.27469136 | L23: 26 | M23: 12 | N23: 13 | O23: 6 | P23: 18 | Q23: 9 | R23: 11 | S23: 9 | T23: 13 | U23: 11 | V23: 11 | W23: 14 | X23: 153 | Y23: 0.27406569 | Z23: =COUNTIFS((AllCalls25!$AQ$15:$AQ$5631),"I",(AllCalls25!$K$15:$K$5631),"1") -> 15 | AA23: =COUNTIFS((AllCalls25!$AQ$15:$AQ$5631),"I",(AllCalls25!$K$15:$K$5631),"2") -> 10 | AB23: =COUNTIFS((AllCalls25!$AQ$15:$AQ$5631),"I",(AllCalls25!$K$15:$K$5631),"3") -> 20 | AC23: =COUNTIFS((AllCalls25!$AQ$15:$AQ$5631),"I",(AllCalls25!$K$15:$K$5631),"4") -> 0 | AD23: =COUNTIFS((AllCalls25!$AQ$15:$AQ$5631),"I",(AllCalls25!$K$15:$K$5631),"5") -> 5 | AE23: =COUNTIFS((AllCalls25!$AQ$15:$AQ$5631),"I",(AllCalls25!$K$15:$K$5631),"6") -> 4 | AF23: =COUNTIFS((AllCalls25!$AQ$15:$AQ$5631),"I",(AllCalls25!$K$15:$K$5631),"7") -> 0 | AG23: =COUNTIFS((AllCalls25!$AQ$15:$AQ$5631),"I",(AllCalls25!$K$15:$K$5631),"8") -> 0 | AH23: =COUNTIFS((AllCalls25!$AQ$15:$AQ$5631),"I",(AllCalls25!$K$15:$K$5631),"9") -> 0 | AI23: =COUNTIFS((AllCalls25!$AQ$15:$AQ$5631),"I",(AllCalls25!$K$15:$K$5631),"10") -> 0 | AJ23: =COUNTIFS((AllCalls25!$AQ$15:$AQ$5631),"I",(AllCalls25!$K$15:$K$5631),"11") -> 0 | AK23: =COUNTIFS((AllCalls25!$AQ$15:$AQ$5631),"I",(AllCalls25!$K$15:$K$5631),"12") -> 0 | AL23: =SUM($Z23:$AK23) -> 54 | AM23: =(SUM($AL23))/SUM($AL$2) -> 0.082822086 | AN23: =SUM($J23,$X23,$AL23) -> 296 | AO23: =(SUM(AN23))/SUM($AN$2) -> 0.19283388
A24: QFF Alan Binnie | B24: 0 | C24: 0 | D24: 0 | E24: 0 | F24: 5 | G24: 3 | H24: 3 | I24: 7 | J24: =SUM($B24:$I24) -> 18 | K24: =(J24/$J$2) -> 0.055555556 | L24: 9 | M24: 2 | N24: 8 | O24: 10 | P24: 10 | Q24: 6 | R24: 3 | S24: 6 | T24: 9 | U24: 13 | V24: 8 | W24: 16 | X24: 100 | Y24: 0.16164384 | Z24: =COUNTIFS((AllCalls25!$AR$15:$AR$5631),"I",(AllCalls25!$K$15:$K$5631),"1") -> 21 | AA24: =COUNTIFS((AllCalls25!$AR$15:$AR$5631),"I",(AllCalls25!$K$15:$K$5631),"2") -> 16 | AB24: =COUNTIFS((AllCalls25!$AR$15:$AR$5631),"I",(AllCalls25!$K$15:$K$5631),"3") -> 28 | AC24: =COUNTIFS((AllCalls25!$AR$15:$AR$5631),"I",(AllCalls25!$K$15:$K$5631),"4") -> 8 | AD24: =COUNTIFS((AllCalls25!$AR$15:$AR$5631),"I",(AllCalls25!$K$15:$K$5631),"5") -> 6 | AE24: =COUNTIFS((AllCalls25!$AR$15:$AR$5631),"I",(AllCalls25!$K$15:$K$5631),"6") -> 3 | AF24: =COUNTIFS((AllCalls25!$AR$15:$AR$5631),"I",(AllCalls25!$K$15:$K$5631),"7") -> 3 | AG24: =COUNTIFS((AllCalls25!$AR$15:$AR$5631),"I",(AllCalls25!$K$15:$K$5631),"8") -> 5 | AH24: =COUNTIFS((AllCalls25!$AR$15:$AR$5631),"I",(AllCalls25!$K$15:$K$5631),"9") -> 7 | AI24: =COUNTIFS((AllCalls25!$AR$15:$AR$5631),"I",(AllCalls25!$K$15:$K$5631),"10") -> 1 | AJ24: =COUNTIFS((AllCalls25!$AR$15:$AR$5631),"I",(AllCalls25!$K$15:$K$5631),"11") -> 5 | AK24: =COUNTIFS((AllCalls25!$AR$15:$AR$5631),"I",(AllCalls25!$K$15:$K$5631),"12") -> 37 | AL24: =SUM($Z24:$AK24) -> 140 | AM24: =(SUM($AL24))/SUM($AL$2) -> 0.21472393 | AN24: =SUM($J24,$X24,$AL24) -> 258 | AO24: =(SUM(AN24))/SUM($AL$2,$X$2,$F$2:$I$2) -> 0.18668596 | AP24: DR
A25: QFF Josh Pennefather | B25: 12 | C25: 20 | D25: 13 | E25: 15 | F25: 17 | G25: 27 | H25: 16 | I25: 17 | J25: =SUM($B25:$I25) -> 137 | K25: =(J25/$J$2) -> 0.42283951 | L25: 26 | M25: 15 | N25: 14 | O25: 14 | P25: 21 | Q25: 8 | R25: 25 | S25: 7 | T25: 7 | U25: 13 | V25: 16 | W25: 25 | X25: 191 | Y25: 0.37146093 | Z25: =COUNTIFS((AllCalls25!$AS$15:$AS$5631),"I",(AllCalls25!$K$15:$K$5631),"1") -> 27 | AA25: =COUNTIFS((AllCalls25!$AS$15:$AS$5631),"I",(AllCalls25!$K$15:$K$5631),"2") -> 16 | AB25: =COUNTIFS((AllCalls25!$AS$15:$AS$5631),"I",(AllCalls25!$K$15:$K$5631),"3") -> 20 | AC25: =COUNTIFS((AllCalls25!$AS$15:$AS$5631),"I",(AllCalls25!$K$15:$K$5631),"4") -> 21 | AD25: =COUNTIFS((AllCalls25!$AS$15:$AS$5631),"I",(AllCalls25!$K$15:$K$5631),"5") -> 29 | AE25: =COUNTIFS((AllCalls25!$AS$15:$AS$5631),"I",(AllCalls25!$K$15:$K$5631),"6") -> 10 | AF25: =COUNTIFS((AllCalls25!$AS$15:$AS$5631),"I",(AllCalls25!$K$15:$K$5631),"7") -> 22 | AG25: =COUNTIFS((AllCalls25!$AS$15:$AS$5631),"I",(AllCalls25!$K$15:$K$5631),"8") -> 15 | AH25: =COUNTIFS((AllCalls25!$AS$15:$AS$5631),"I",(AllCalls25!$K$15:$K$5631),"9") -> 6 | AI25: =COUNTIFS((AllCalls25!$AS$15:$AS$5631),"I",(AllCalls25!$K$15:$K$5631),"10") -> 13 | AJ25: =COUNTIFS((AllCalls25!$AS$15:$AS$5631),"I",(AllCalls25!$K$15:$K$5631),"11") -> 36 | AK25: =COUNTIFS((AllCalls25!$AS$15:$AS$5631),"I",(AllCalls25!$K$15:$K$5631),"12") -> 41 | AL25: =SUM($Z25:$AK25) -> 256 | AM25: =(SUM($AL25))/SUM($AL$2) -> 0.39263804 | AN25: =SUM($J25,$X25,$AL25) -> 584 | AO25: =(SUM(AN25))/SUM($AN$2) -> 0.38045603 | AP25: DR
A26: QFF Ben Killgour | B26: 8 | C26: 21 | D26: 18 | E26: 10 | F26: 13 | G26: 20 | H26: 9 | I26: 10 | J26: =SUM($B26:$I26) -> 109 | K26: =(J26/$J$2) -> 0.33641975 | L26: 14 | M26: 26 | N26: 24 | O26: 19 | P26: 22 | Q26: 18 | R26: 21 | S26: 20 | T26: 19 | U26: 13 | V26: 16 | W26: 19 | X26: 231 | Y26: 0.38505096 | Z26: =COUNTIFS((AllCalls25!$AT$15:$AT$5631),"I",(AllCalls25!$K$15:$K$5631),"1") -> 16 | AA26: =COUNTIFS((AllCalls25!$AT$15:$AT$5631),"I",(AllCalls25!$K$15:$K$5631),"2") -> 15 | AB26: =COUNTIFS((AllCalls25!$AT$15:$AT$5631),"I",(AllCalls25!$K$15:$K$5631),"3") -> 27 | AC26: =COUNTIFS((AllCalls25!$AT$15:$AT$5631),"I",(AllCalls25!$K$15:$K$5631),"4") -> 16 | AD26: =COUNTIFS((AllCalls25!$AT$15:$AT$5631),"I",(AllCalls25!$K$15:$K$5631),"5") -> 24 | AE26: =COUNTIFS((AllCalls25!$AT$15:$AT$5631),"I",(AllCalls25!$K$15:$K$5631),"6") -> 10 | AF26: =COUNTIFS((AllCalls25!$AT$15:$AT$5631),"I",(AllCalls25!$K$15:$K$5631),"7") -> 13 | AG26: =COUNTIFS((AllCalls25!$AT$15:$AT$5631),"I",(AllCalls25!$K$15:$K$5631),"8") -> 18 | AH26: =COUNTIFS((AllCalls25!$AT$15:$AT$5631),"I",(AllCalls25!$K$15:$K$5631),"9") -> 20 | AI26: =COUNTIFS((AllCalls25!$AT$15:$AT$5631),"I",(AllCalls25!$K$15:$K$5631),"10") -> 14 | AJ26: =COUNTIFS((AllCalls25!$AT$15:$AT$5631),"I",(AllCalls25!$K$15:$K$5631),"11") -> 10 | AK26: =COUNTIFS((AllCalls25!$AT$15:$AT$5631),"I",(AllCalls25!$K$15:$K$5631),"12") -> 11 | AL26: =SUM($Z26:$AK26) -> 194 | AM26: =(SUM($AL26))/SUM($AL$2) -> 0.29754601 | AN26: =SUM($J26,$X26,$AL26) -> 534 | AO26: =(SUM(AN26))/SUM($AN$2) -> 0.34788274
A27: QFF Dallas Steele | B27: 0 | C27: 6 | D27: 5 | E27: 6 | F27: 11 | G27: 14 | H27: 20 | I27: 16 | J27: =SUM($B27:$I27) -> 78 | K27: =(J27/$J$2) -> 0.24074074 | L27: 17 | M27: 19 | N27: 13 | O27: 10 | P27: 6 | Q27: 5 | R27: 12 | S27: 16 | T27: 12 | U27: 9 | V27: 15 | W27: 6 | X27: 140 | Y27: 0.24688562 | Z27: =COUNTIFS((AllCalls25!$AU$15:$AU$5631),"I",(AllCalls25!$K$15:$K$5631),"1") -> 9 | AA27: =COUNTIFS((AllCalls25!$AU$15:$AU$5631),"I",(AllCalls25!$K$15:$K$5631),"2") -> 11 | AB27: =COUNTIFS((AllCalls25!$AU$15:$AU$5631),"I",(AllCalls25!$K$15:$K$5631),"3") -> 13 | AC27: =COUNTIFS((AllCalls25!$AU$15:$AU$5631),"I",(AllCalls25!$K$15:$K$5631),"4") -> 10 | AD27: =COUNTIFS((AllCalls25!$AU$15:$AU$5631),"I",(AllCalls25!$K$15:$K$5631),"5") -> 13 | AE27: =COUNTIFS((AllCalls25!$AU$15:$AU$5631),"I",(AllCalls25!$K$15:$K$5631),"6") -> 8 | AF27: =COUNTIFS((AllCalls25!$AU$15:$AU$5631),"I",(AllCalls25!$K$15:$K$5631),"7") -> 7 | AG27: =COUNTIFS((AllCalls25!$AU$15:$AU$5631),"I",(AllCalls25!$K$15:$K$5631),"8") -> 9 | AH27: =COUNTIFS((AllCalls25!$AU$15:$AU$5631),"I",(AllCalls25!$K$15:$K$5631),"9") -> 4 | AI27: =COUNTIFS((AllCalls25!$AU$15:$AU$5631),"I",(AllCalls25!$K$15:$K$5631),"10") -> 5 | AJ27: =COUNTIFS((AllCalls25!$AU$15:$AU$5631),"I",(AllCalls25!$K$15:$K$5631),"11") -> 9 | AK27: =COUNTIFS((AllCalls25!$AU$15:$AU$5631),"I",(AllCalls25!$K$15:$K$5631),"12") -> 14 | AL27: =SUM($Z27:$AK27) -> 112 | AM27: =(SUM($AL27))/SUM($AL$2) -> 0.17177914 | AN27: =SUM($J27,$X27,$AL27) -> 330 | AO27: =(SUM(AN27))/SUM($AN$2) -> 0.21498371
A28: QFF Nick Grayson | B28: 0 | C28: 16 | D28: 20 | E28: 16 | F28: 17 | G28: 26 | H28: 21 | I28: 18 | J28: =SUM($B28:$I28) -> 134 | K28: =(J28/$J$2) -> 0.41358025 | L28: 21 | M28: 20 | N28: 22 | O28: 19 | P28: 24 | Q28: 26 | R28: 19 | S28: 29 | T28: 10 | U28: 24 | V28: 23 | W28: 25 | X28: 262 | Y28: 0.44847112 | Z28: =COUNTIFS((AllCalls25!$AV$15:$AV$5631),"I",(AllCalls25!$K$15:$K$5631),"1") -> 21 | AA28: =COUNTIFS((AllCalls25!$AV$15:$AV$5631),"I",(AllCalls25!$K$15:$K$5631),"2") -> 19 | AB28: =COUNTIFS((AllCalls25!$AV$15:$AV$5631),"I",(AllCalls25!$K$15:$K$5631),"3") -> 0 | AC28: =COUNTIFS((AllCalls25!$AV$15:$AV$5631),"I",(AllCalls25!$K$15:$K$5631),"4") -> 0 | AD28: =COUNTIFS((AllCalls25!$AV$15:$AV$5631),"I",(AllCalls25!$K$15:$K$5631),"5") -> 0 | AE28: =COUNTIFS((AllCalls25!$AV$15:$AV$5631),"I",(AllCalls25!$K$15:$K$5631),"6") -> 0 | AF28: =COUNTIFS((AllCalls25!$AV$15:$AV$5631),"I",(AllCalls25!$K$15:$K$5631),"7") -> 1 | AG28: =COUNTIFS((AllCalls25!$AV$15:$AV$5631),"I",(AllCalls25!$K$15:$K$5631),"8") -> 29 | AH28: =COUNTIFS((AllCalls25!$AV$15:$AV$5631),"I",(AllCalls25!$K$15:$K$5631),"9") -> 25 | AI28: =COUNTIFS((AllCalls25!$AV$15:$AV$5631),"I",(AllCalls25!$K$15:$K$5631),"10") -> 17 | AJ28: =COUNTIFS((AllCalls25!$AV$15:$AV$5631),"I",(AllCalls25!$K$15:$K$5631),"11") -> 18 | AK28: =COUNTIFS((AllCalls25!$AV$15:$AV$5631),"I",(AllCalls25!$K$15:$K$5631),"12") -> 54 | AL28: =SUM($Z28:$AK28) -> 184 | AM28: =(SUM($AL28))/SUM($AL$2) -> 0.28220859 | AN28: =SUM($J28,$X28,$AL28) -> 580 | AO28: =(SUM(AN28))/SUM($AN$2) -> 0.37785016
A29: QFF Jason Court | B29: 0 | C29: 14 | D29: 12 | E29: 6 | F29: 13 | G29: 8 | H29: 14 | I29: 10 | J29: =SUM($B29:$I29) -> 77 | K29: =(J29/$J$2) -> 0.23765432 | L29: 0 | M29: 7 | N29: 6 | O29: 19 | P29: 25 | Q29: 17 | R29: 19 | S29: 7 | T29: 15 | U29: 16 | V29: 25 | W29: 9 | X29: 165 | Y29: 0.27406569 | Z29: =COUNTIFS((AllCalls25!$AW$15:$AW$5631),"I",(AllCalls25!$K$15:$K$5631),"1") -> 0 | AA29: =COUNTIFS((AllCalls25!$AW$15:$AW$5631),"I",(AllCalls25!$K$15:$K$5631),"2") -> 15 | AB29: =COUNTIFS((AllCalls25!$AW$15:$AW$5631),"I",(AllCalls25!$K$15:$K$5631),"3") -> 36 | AC29: =COUNTIFS((AllCalls25!$AW$15:$AW$5631),"I",(AllCalls25!$K$15:$K$5631),"4") -> 27 | AD29: =COUNTIFS((AllCalls25!$AW$15:$AW$5631),"I",(AllCalls25!$K$15:$K$5631),"5") -> 29 | AE29: =COUNTIFS((AllCalls25!$AW$15:$AW$5631),"I",(AllCalls25!$K$15:$K$5631),"6") -> 19 | AF29: =COUNTIFS((AllCalls25!$AW$15:$AW$5631),"I",(AllCalls25!$K$15:$K$5631),"7") -> 17 | AG29: =COUNTIFS((AllCalls25!$AW$15:$AW$5631),"I",(AllCalls25!$K$15:$K$5631),"8") -> 12 | AH29: =COUNTIFS((AllCalls25!$AW$15:$AW$5631),"I",(AllCalls25!$K$15:$K$5631),"9") -> 30 | AI29: =COUNTIFS((AllCalls25!$AW$15:$AW$5631),"I",(AllCalls25!$K$15:$K$5631),"10") -> 16 | AJ29: =COUNTIFS((AllCalls25!$AW$15:$AW$5631),"I",(AllCalls25!$K$15:$K$5631),"11") -> 14 | AK29: =COUNTIFS((AllCalls25!$AW$15:$AW$5631),"I",(AllCalls25!$K$15:$K$5631),"12") -> 17 | AL29: =SUM($Z29:$AK29) -> 232 | AM29: =(SUM($AL29))/SUM($AL$2) -> 0.35582822 | AN29: =SUM($J29,$X29,$AL29) -> 474 | AO29: =(SUM(AN29))/SUM($AN$2) -> 0.30879479
A30: QFF Crystal McConchie | C30: 0 | D30: 1 | E30: 1 | F30: 0 | G30: 4 | H30: 7 | I30: 6 | J30: =SUM($B30:$I30) -> 19 | K30: =(J30/$J$2) -> 0.058641975 | L30: 12 | M30: 10 | N30: 3 | O30: 4 | P30: 12 | Q30: 8 | R30: 14 | S30: 16 | T30: 9 | U30: 15 | V30: 11 | W30: 12 | X30: 126 | Y30: 0.16421291 | Z30: =COUNTIFS((AllCalls25!$AX$15:$AX$5631),"I",(AllCalls25!$K$15:$K$5631),"1") -> 12 | AA30: =COUNTIFS((AllCalls25!$AX$15:$AX$5631),"I",(AllCalls25!$K$15:$K$5631),"2") -> 20 | AB30: =COUNTIFS((AllCalls25!$AX$15:$AX$5631),"I",(AllCalls25!$K$15:$K$5631),"3") -> 19 | AC30: =COUNTIFS((AllCalls25!$AX$15:$AX$5631),"I",(AllCalls25!$K$15:$K$5631),"4") -> 7 | AD30: =COUNTIFS((AllCalls25!$AX$15:$AX$5631),"I",(AllCalls25!$K$15:$K$5631),"5") -> 19 | AE30: =COUNTIFS((AllCalls25!$AX$15:$AX$5631),"I",(AllCalls25!$K$15:$K$5631),"6") -> 5 | AF30: =COUNTIFS((AllCalls25!$AX$15:$AX$5631),"I",(AllCalls25!$K$15:$K$5631),"7") -> 11 | AG30: =COUNTIFS((AllCalls25!$AX$15:$AX$5631),"I",(AllCalls25!$K$15:$K$5631),"8") -> 6 | AH30: =COUNTIFS((AllCalls25!$AX$15:$AX$5631),"I",(AllCalls25!$K$15:$K$5631),"9") -> 18 | AI30: =COUNTIFS((AllCalls25!$AX$15:$AX$5631),"I",(AllCalls25!$K$15:$K$5631),"10") -> 12 | AJ30: =COUNTIFS((AllCalls25!$AX$15:$AX$5631),"I",(AllCalls25!$K$15:$K$5631),"11") -> 12 | AK30: =COUNTIFS((AllCalls25!$AX$15:$AX$5631),"I",(AllCalls25!$K$15:$K$5631),"12") -> 39 | AL30: =SUM($Z30:$AK30) -> 180 | AM30: =(SUM($AL30))/SUM($AL$2) -> 0.27607362 | AN30: =SUM($J30,$X30,$AL30) -> 325 | AO30: =(SUM(AN30))/SUM($AN$2) -> 0.21172638
A31: FF Jimmy Doyle | B31: 9 | C31: 13 | D31: 12 | E31: 0 | F31: 0 | G31: 10 | H31: 11 | I31: 15 | J31: =SUM($B31:$I31) -> 70 | K31: =(J31/$J$2) -> 0.21604938 | L31: 24 | M31: 16 | N31: 16 | O31: 14 | P31: 20 | Q31: 19 | R31: 17 | S31: 0 | T31: 0 | U31: 8 | V31: 9 | W31: 2 | X31: 145 | Y31: 0.24348811 | Z31: =COUNTIFS((AllCalls25!$AY$15:$AY$5631),"I",(AllCalls25!$K$15:$K$5631),"1") -> 1 | AA31: =COUNTIFS((AllCalls25!$AY$15:$AY$5631),"I",(AllCalls25!$K$15:$K$5631),"2") -> 0 | AB31: =COUNTIFS((AllCalls25!$AY$15:$AY$5631),"I",(AllCalls25!$K$15:$K$5631),"3") -> 9 | AC31: =COUNTIFS((AllCalls25!$AY$15:$AY$5631),"I",(AllCalls25!$K$15:$K$5631),"4") -> 7 | AD31: =COUNTIFS((AllCalls25!$AY$15:$AY$5631),"I",(AllCalls25!$K$15:$K$5631),"5") -> 4 | AE31: =COUNTIFS((AllCalls25!$AY$15:$AY$5631),"I",(AllCalls25!$K$15:$K$5631),"6") -> 6 | AF31: =COUNTIFS((AllCalls25!$AY$15:$AY$5631),"I",(AllCalls25!$K$15:$K$5631),"7") -> 13 | AG31: =COUNTIFS((AllCalls25!$AY$15:$AY$5631),"I",(AllCalls25!$K$15:$K$5631),"8") -> 14 | AH31: =COUNTIFS((AllCalls25!$AY$15:$AY$5631),"I",(AllCalls25!$K$15:$K$5631),"9") -> 18 | AI31: =COUNTIFS((AllCalls25!$AY$15:$AY$5631),"I",(AllCalls25!$K$15:$K$5631),"10") -> 7 | AJ31: =COUNTIFS((AllCalls25!$AY$15:$AY$5631),"I",(AllCalls25!$K$15:$K$5631),"11") -> 19 | AK31: =COUNTIFS((AllCalls25!$AY$15:$AY$5631),"I",(AllCalls25!$K$15:$K$5631),"12") -> 37 | AL31: =SUM($Z31:$AK31) -> 135 | AM31: =(SUM($AL31))/SUM($AL$2) -> 0.20705521 | AN31: =SUM($J31,$X31,$AL31) -> 350 | AO31: =(SUM(AN31))/SUM($AN$2) -> 0.22801303
A32: FF Dimmy Bell-Kainiu | B32: 6 | C32: 24 | D32: 31 | E32: 18 | F32: 21 | G32: 25 | H32: 27 | I32: 21 | J32: =SUM($B32:$I32) -> 173 | K32: =(J32/$J$2) -> 0.53395062 | L32: 21 | M32: 14 | N32: 13 | O32: 9 | P32: 8 | Q32: 3 | R32: 6 | S32: 7 | T32: 5 | U32: 8 | V32: 5 | W32: 8 | X32: 107 | Y32: 0.31710079 | Z32: =COUNTIFS((AllCalls25!$AZ$15:$AZ$5631),"I",(AllCalls25!$K$15:$K$5631),"1") -> 2 | AA32: =COUNTIFS((AllCalls25!$AZ$15:$AZ$5631),"I",(AllCalls25!$K$15:$K$5631),"2") -> 9 | AB32: =COUNTIFS((AllCalls25!$AZ$15:$AZ$5631),"I",(AllCalls25!$K$15:$K$5631),"3") -> 21 | AC32: =COUNTIFS((AllCalls25!$AZ$15:$AZ$5631),"I",(AllCalls25!$K$15:$K$5631),"4") -> 15 | AD32: =COUNTIFS((AllCalls25!$AZ$15:$AZ$5631),"I",(AllCalls25!$K$15:$K$5631),"5") -> 34 | AE32: =COUNTIFS((AllCalls25!$AZ$15:$AZ$5631),"I",(AllCalls25!$K$15:$K$5631),"6") -> 7 | AF32: =COUNTIFS((AllCalls25!$AZ$15:$AZ$5631),"I",(AllCalls25!$K$15:$K$5631),"7") -> 17 | AG32: =COUNTIFS((AllCalls25!$AZ$15:$AZ$5631),"I",(AllCalls25!$K$15:$K$5631),"8") -> 15 | AH32: =COUNTIFS((AllCalls25!$AZ$15:$AZ$5631),"I",(AllCalls25!$K$15:$K$5631),"9") -> 16 | AI32: =COUNTIFS((AllCalls25!$AZ$15:$AZ$5631),"I",(AllCalls25!$K$15:$K$5631),"10") -> 4 | AJ32: =COUNTIFS((AllCalls25!$AZ$15:$AZ$5631),"I",(AllCalls25!$K$15:$K$5631),"11") -> 23 | AK32: =COUNTIFS((AllCalls25!$AZ$15:$AZ$5631),"I",(AllCalls25!$K$15:$K$5631),"12") -> 44 | AL32: =SUM($Z32:$AK32) -> 207 | AM32: =(SUM($AL32))/SUM($AL$2) -> 0.31748466 | AN32: =SUM($J32,$X32,$AL32) -> 487 | AO32: =(SUM(AN32))/SUM($AN$2) -> 0.31726384
A33: FF Mitch Court | B33: 0 | C33: 6 | D33: 5 | E33: 3 | F33: 10 | G33: 8 | H33: 5 | I33: 3 | J33: =SUM($B33:$I33) -> 40 | K33: =(J33/$J$2) -> 0.12345679 | L33: 6 | M33: 10 | N33: 3 | O33: 6 | P33: 0 | Q33: 0 | R33: 0 | S33: 2 | T33: 0 | U33: 0 | V33: 0 | W33: 2 | X33: 29 | Y33: 0.078142695 | Z33: =COUNTIFS((AllCalls25!$BA$15:$BA$5631),"I",(AllCalls25!$K$15:$K$5631),"1") -> 5 | AA33: =COUNTIFS((AllCalls25!$BA$15:$BA$5631),"I",(AllCalls25!$K$15:$K$5631),"2") -> 8 | AB33: =COUNTIFS((AllCalls25!$BA$15:$BA$5631),"I",(AllCalls25!$K$15:$K$5631),"3") -> 18 | AC33: =COUNTIFS((AllCalls25!$BA$15:$BA$5631),"I",(AllCalls25!$K$15:$K$5631),"4") -> 8 | AD33: =COUNTIFS((AllCalls25!$BA$15:$BA$5631),"I",(AllCalls25!$K$15:$K$5631),"5") -> 0 | AE33: =COUNTIFS((AllCalls25!$BA$15:$BA$5631),"I",(AllCalls25!$K$15:$K$5631),"6") -> 11 | AF33: =COUNTIFS((AllCalls25!$BA$15:$BA$5631),"I",(AllCalls25!$K$15:$K$5631),"7") -> 17 | AG33: =COUNTIFS((AllCalls25!$BA$15:$BA$5631),"I",(AllCalls25!$K$15:$K$5631),"8") -> 12 | AH33: =COUNTIFS((AllCalls25!$BA$15:$BA$5631),"I",(AllCalls25!$K$15:$K$5631),"9") -> 18 | AI33: =COUNTIFS((AllCalls25!$BA$15:$BA$5631),"I",(AllCalls25!$K$15:$K$5631),"10") -> 9 | AJ33: =COUNTIFS((AllCalls25!$BA$15:$BA$5631),"I",(AllCalls25!$K$15:$K$5631),"11") -> 15 | AK33: =COUNTIFS((AllCalls25!$BA$15:$BA$5631),"I",(AllCalls25!$K$15:$K$5631),"12") -> 11 | AL33: =SUM($Z33:$AK33) -> 132 | AM33: =(SUM($AL33))/SUM($AL$2) -> 0.20245399 | AN33: =SUM($J33,$X33,$AL33) -> 201 | AO33: =(SUM(AN33))/SUM($AN$2) -> 0.13094463 | AP33: *
A34: FF Jamie O'Hare | F34: 2 | G34: 2 | H34: 7 | I34: 2 | J34: =SUM($B34:$I34) -> 13 | K34: =(J34/$J$2) -> 0.040123457 | L34: 8 | M34: 2 | N34: 0 | O34: 2 | P34: 3 | Q34: 0 | R34: 1 | S34: 7 | T34: 11 | U34: 7 | V34: 12 | W34: 9 | X34: 62 | Y34: 0.10273973 | Z34: =COUNTIFS((AllCalls25!$BB$15:$BB$5631),"I",(AllCalls25!$K$15:$K$5631),"1") -> 14 | AA34: =COUNTIFS((AllCalls25!$BB$15:$BB$5631),"I",(AllCalls25!$K$15:$K$5631),"2") -> 10 | AB34: =COUNTIFS((AllCalls25!$BB$15:$BB$5631),"I",(AllCalls25!$K$15:$K$5631),"3") -> 6 | AC34: =COUNTIFS((AllCalls25!$BB$15:$BB$5631),"I",(AllCalls25!$K$15:$K$5631),"4") -> 8 | AD34: =COUNTIFS((AllCalls25!$BB$15:$BB$5631),"I",(AllCalls25!$K$15:$K$5631),"5") -> 5 | AE34: =COUNTIFS((AllCalls25!$BB$15:$BB$5631),"I",(AllCalls25!$K$15:$K$5631),"6") -> 2 | AF34: =COUNTIFS((AllCalls25!$BB$15:$BB$5631),"I",(AllCalls25!$K$15:$K$5631),"7") -> 11 | AG34: =COUNTIFS((AllCalls25!$BB$15:$BB$5631),"I",(AllCalls25!$K$15:$K$5631),"8") -> 9 | AH34: =COUNTIFS((AllCalls25!$BB$15:$BB$5631),"I",(AllCalls25!$K$15:$K$5631),"9") -> 4 | AI34: =COUNTIFS((AllCalls25!$BB$15:$BB$5631),"I",(AllCalls25!$K$15:$K$5631),"10") -> 8 | AJ34: =COUNTIFS((AllCalls25!$BB$15:$BB$5631),"I",(AllCalls25!$K$15:$K$5631),"11") -> 6 | AK34: =COUNTIFS((AllCalls25!$BB$15:$BB$5631),"I",(AllCalls25!$K$15:$K$5631),"12") -> 24 | AL34: =SUM($Z34:$AK34) -> 107 | AM34: =(SUM($AL34))/SUM($AL$2) -> 0.16411043 | AN34: =SUM($J34,$X34,$AL34) -> 182 | AO34: =(SUM(AN34))/SUM($AN$2) -> 0.11856678 | AP34: *
A35: FF Kaitlyn Evans | J35: 0 | N35: - | O35: 3 | P35: 0 | Q35: 2 | R35: 2 | S35: 1 | T35: 3 | U35: 10 | V35: 11 | W35: 12 | X35: 44 | Y35: 0.10837438 | Z35: =COUNTIFS((AllCalls25!$BC$15:$BC$5631),"I",(AllCalls25!$K$15:$K$5631),"1") -> 4 | AA35: =COUNTIFS((AllCalls25!$BC$15:$BC$5631),"I",(AllCalls25!$K$15:$K$5631),"2") -> 3 | AB35: =COUNTIFS((AllCalls25!$BC$15:$BC$5631),"I",(AllCalls25!$K$15:$K$5631),"3") -> 13 | AC35: =COUNTIFS((AllCalls25!$BC$15:$BC$5631),"I",(AllCalls25!$K$15:$K$5631),"4") -> 5 | AD35: =COUNTIFS((AllCalls25!$BC$15:$BC$5631),"I",(AllCalls25!$K$15:$K$5631),"5") -> 3 | AE35: =COUNTIFS((AllCalls25!$BC$15:$BC$5631),"I",(AllCalls25!$K$15:$K$5631),"6") -> 2 | AF35: =COUNTIFS((AllCalls25!$BC$15:$BC$5631),"I",(AllCalls25!$K$15:$K$5631),"7") -> 9 | AG35: =COUNTIFS((AllCalls25!$BC$15:$BC$5631),"I",(AllCalls25!$K$15:$K$5631),"8") -> 9 | AH35: =COUNTIFS((AllCalls25!$BC$15:$BC$5631),"I",(AllCalls25!$K$15:$K$5631),"9") -> 11 | AI35: =COUNTIFS((AllCalls25!$BC$15:$BC$5631),"I",(AllCalls25!$K$15:$K$5631),"10") -> 6 | AJ35: =COUNTIFS((AllCalls25!$BC$15:$BC$5631),"I",(AllCalls25!$K$15:$K$5631),"11") -> 7 | AK35: =COUNTIFS((AllCalls25!$BC$15:$BC$5631),"I",(AllCalls25!$K$15:$K$5631),"12") -> 10 | AL35: =SUM($Z35:$AK35) -> 82 | AM35: =(SUM($AL35))/SUM($AL$2) -> 0.12576687 | AN35: =SUM($J35,$X35,$AL35) -> 126 | AO35: =(SUM(AN35))/SUM($AN$2) -> 0.082084691 | AP35: *
A36: FF Jaime Moore | U36: 0 | V36: 9 | W36: 17 | X36: 26 | Y36: 0.18439716 | Z36: =COUNTIFS((AllCalls25!$BD$15:$BD$5631),"I",(AllCalls25!$K$15:$K$5631),"1") -> 7 | AA36: =COUNTIFS((AllCalls25!$BD$15:$BD$5631),"I",(AllCalls25!$K$15:$K$5631),"2") -> 12 | AB36: =COUNTIFS((AllCalls25!$BD$15:$BD$5631),"I",(AllCalls25!$K$15:$K$5631),"3") -> 18 | AC36: =COUNTIFS((AllCalls25!$BD$15:$BD$5631),"I",(AllCalls25!$K$15:$K$5631),"4") -> 16 | AD36: =COUNTIFS((AllCalls25!$BD$15:$BD$5631),"I",(AllCalls25!$K$15:$K$5631),"5") -> 21 | AE36: =COUNTIFS((AllCalls25!$BD$15:$BD$5631),"I",(AllCalls25!$K$15:$K$5631),"6") -> 7 | AF36: =COUNTIFS((AllCalls25!$BD$15:$BD$5631),"I",(AllCalls25!$K$15:$K$5631),"7") -> 18 | AG36: =COUNTIFS((AllCalls25!$BD$15:$BD$5631),"I",(AllCalls25!$K$15:$K$5631),"8") -> 9 | AH36: =COUNTIFS((AllCalls25!$BD$15:$BD$5631),"I",(AllCalls25!$K$15:$K$5631),"9") -> 8 | AI36: =COUNTIFS((AllCalls25!$BD$15:$BD$5631),"I",(AllCalls25!$K$15:$K$5631),"10") -> 13 | AJ36: =COUNTIFS((AllCalls25!$BD$15:$BD$5631),"I",(AllCalls25!$K$15:$K$5631),"11") -> 15 | AK36: =COUNTIFS((AllCalls25!$BD$15:$BD$5631),"I",(AllCalls25!$K$15:$K$5631),"12") -> 9 | AL36: =SUM($Z36:$AK36) -> 153 | AM36: =(SUM($AL36))/SUM($AL$2) -> 0.23466258 | AN36: =SUM($J36,$X36,$AL36) -> 179 | AO36: =(SUM(AN36,X36))/SUM($AL$2,$V$2:$W$2) -> 0.27296937
A37: FF Torrens Butcher | U37: 0 | V37: 3 | W37: 9 | X37: 12 | Y37: 0.085106383 | Z37: =COUNTIFS((AllCalls25!$BE$15:$BE$5631),"I",(AllCalls25!$K$15:$K$5631),"1") -> 5 | AA37: =COUNTIFS((AllCalls25!$BE$15:$BE$5631),"I",(AllCalls25!$K$15:$K$5631),"2") -> 8 | AB37: =COUNTIFS((AllCalls25!$BE$15:$BE$5631),"I",(AllCalls25!$K$15:$K$5631),"3") -> 15 | AC37: =COUNTIFS((AllCalls25!$BE$15:$BE$5631),"I",(AllCalls25!$K$15:$K$5631),"4") -> 17 | AD37: =COUNTIFS((AllCalls25!$BE$15:$BE$5631),"I",(AllCalls25!$K$15:$K$5631),"5") -> 30 | AE37: =COUNTIFS((AllCalls25!$BE$15:$BE$5631),"I",(AllCalls25!$K$15:$K$5631),"6") -> 11 | AF37: =COUNTIFS((AllCalls25!$BE$15:$BE$5631),"I",(AllCalls25!$K$15:$K$5631),"7") -> 22 | AG37: =COUNTIFS((AllCalls25!$BE$15:$BE$5631),"I",(AllCalls25!$K$15:$K$5631),"8") -> 14 | AH37: =COUNTIFS((AllCalls25!$BE$15:$BE$5631),"I",(AllCalls25!$K$15:$K$5631),"9") -> 22 | AI37: =COUNTIFS((AllCalls25!$BE$15:$BE$5631),"I",(AllCalls25!$K$15:$K$5631),"10") -> 9 | AJ37: =COUNTIFS((AllCalls25!$BE$15:$BE$5631),"I",(AllCalls25!$K$15:$K$5631),"11") -> 6 | AK37: =COUNTIFS((AllCalls25!$BE$15:$BE$5631),"I",(AllCalls25!$K$15:$K$5631),"12") -> 34 | AL37: =SUM($Z37:$AK37) -> 193 | AM37: =(SUM($AL37))/SUM($AL$2) -> 0.29601227 | AN37: =SUM($J37,$X37,$AL37) -> 205 | AO37: =(SUM(AN37,X37))/SUM($AL$2,$V$2:$W$2) -> 0.28894807
A38: FF Matt Humber | U38: 0 | V38: 7 | W38: 15 | X38: 22 | Y38: 0.15602837 | Z38: =COUNTIFS((AllCalls25!$BF$15:$BF$5631),"I",(AllCalls25!$K$15:$K$5631),"1") -> 21 | AA38: =COUNTIFS((AllCalls25!$BF$15:$BF$5631),"I",(AllCalls25!$K$15:$K$5631),"2") -> 24 | AB38: =COUNTIFS((AllCalls25!$BF$15:$BF$5631),"I",(AllCalls25!$K$15:$K$5631),"3") -> 29 | AC38: =COUNTIFS((AllCalls25!$BF$15:$BF$5631),"I",(AllCalls25!$K$15:$K$5631),"4") -> 18 | AD38: =COUNTIFS((AllCalls25!$BF$15:$BF$5631),"I",(AllCalls25!$K$15:$K$5631),"5") -> 39 | AE38: =COUNTIFS((AllCalls25!$BF$15:$BF$5631),"I",(AllCalls25!$K$15:$K$5631),"6") -> 16 | AF38: =COUNTIFS((AllCalls25!$BF$15:$BF$5631),"I",(AllCalls25!$K$15:$K$5631),"7") -> 11 | AG38: =COUNTIFS((AllCalls25!$BF$15:$BF$5631),"I",(AllCalls25!$K$15:$K$5631),"8") -> 27 | AH38: =COUNTIFS((AllCalls25!$BF$15:$BF$5631),"I",(AllCalls25!$K$15:$K$5631),"9") -> 23 | AI38: =COUNTIFS((AllCalls25!$BF$15:$BF$5631),"I",(AllCalls25!$K$15:$K$5631),"10") -> 19 | AJ38: =COUNTIFS((AllCalls25!$BF$15:$BF$5631),"I",(AllCalls25!$K$15:$K$5631),"11") -> 18 | AK38: =COUNTIFS((AllCalls25!$BF$15:$BF$5631),"I",(AllCalls25!$K$15:$K$5631),"12") -> 42 | AL38: =SUM($Z38:$AK38) -> 287 | AM38: =(SUM($AL38))/SUM($AL$2) -> 0.44018405 | AN38: =SUM($J38,$X38,$AL38) -> 309 | AO38: =(SUM(AN38,X38))/SUM($AL$2,$V$2:$W$2) -> 0.44074567
A39: RFF Leone Humber | H39: 0 | I39: 2 | J39: =SUM($B39:$I39) -> 2 | K39: =(J39/$J$2) -> 0.0061728395 | L39: 2 | M39: 20 | N39: 21 | O39: 8 | P39: 9 | Q39: 0 | R39: 1 | S39: 0 | T39: 0 | U39: 0 | V39: 0 | W39: 9 | X39: 70 | Y39: 0.10404624 | Z39: =COUNTIFS((AllCalls25!$BG$15:$BG$5631),"I",(AllCalls25!$K$15:$K$5631),"1") -> 15 | AA39: =COUNTIFS((AllCalls25!$BG$15:$BG$5631),"I",(AllCalls25!$K$15:$K$5631),"2") -> 12 | AB39: =COUNTIFS((AllCalls25!$BG$15:$BG$5631),"I",(AllCalls25!$K$15:$K$5631),"3") -> 12 | AC39: =COUNTIFS((AllCalls25!$BG$15:$BG$5631),"I",(AllCalls25!$K$15:$K$5631),"4") -> 10 | AD39: =COUNTIFS((AllCalls25!$BG$15:$BG$5631),"I",(AllCalls25!$K$15:$K$5631),"5") -> 15 | AE39: =COUNTIFS((AllCalls25!$BG$15:$BG$5631),"I",(AllCalls25!$K$15:$K$5631),"6") -> 6 | AF39: =COUNTIFS((AllCalls25!$BG$15:$BG$5631),"I",(AllCalls25!$K$15:$K$5631),"7") -> 8 | AG39: =COUNTIFS((AllCalls25!$BG$15:$BG$5631),"I",(AllCalls25!$K$15:$K$5631),"8") -> 0 | AH39: =COUNTIFS((AllCalls25!$BG$15:$BG$5631),"I",(AllCalls25!$K$15:$K$5631),"9") -> 0 | AI39: =COUNTIFS((AllCalls25!$BG$15:$BG$5631),"I",(AllCalls25!$K$15:$K$5631),"10") -> 0 | AJ39: =COUNTIFS((AllCalls25!$BG$15:$BG$5631),"I",(AllCalls25!$K$15:$K$5631),"11") -> 0 | AK39: =COUNTIFS((AllCalls25!$BG$15:$BG$5631),"I",(AllCalls25!$K$15:$K$5631),"12") -> 0 | AL39: =SUM($Z39:$AK39) -> 78 | AM39: =(SUM($AL39))/SUM($AL$2) -> 0.1196319 | AN39: =SUM($J39,$X39,$AL39) -> 150 | AO39: =(SUM(AN39))/SUM($AN$2) -> 0.09771987
A40: RFF Joel Robbins | AE40: =COUNTIFS((AllCalls25!$BH$15:$BH$5631),"I",(AllCalls25!$K$15:$K$5631),"6") -> 1 | AF40: =COUNTIFS((AllCalls25!$BH$15:$BH$5631),"I",(AllCalls25!$K$15:$K$5631),"7") -> 0 | AG40: =COUNTIFS((AllCalls25!$BH$15:$BH$5631),"I",(AllCalls25!$K$15:$K$5631),"8") -> 2 | AH40: =COUNTIFS((AllCalls25!$BH$15:$BH$5631),"I",(AllCalls25!$K$15:$K$5631),"9") -> 20 | AI40: =COUNTIFS((AllCalls25!$BH$15:$BH$5631),"I",(AllCalls25!$K$15:$K$5631),"10") -> 25 | AJ40: =COUNTIFS((AllCalls25!$BH$15:$BH$5631),"I",(AllCalls25!$K$15:$K$5631),"11") -> 35 | AK40: =COUNTIFS((AllCalls25!$BH$15:$BH$5631),"I",(AllCalls25!$K$15:$K$5631),"12") -> 56 | AL40: =SUM($Z40:$AK40) -> 139 | AM40: =(SUM($AE40:$AK40))/SUM($AE$2:$AK$2) -> 0.37874659 | AN40: =SUM($J40,$X40,$AL40) -> 139 | AO40: =(SUM(AN40,X40))/SUM($AL$2,$V$2:$W$2) -> 0.18508655
A41: RFF Tracey Brownlee | AH41: =COUNTIFS((AllCalls25!$BI$15:$BI$5631),"I",(AllCalls25!$K$15:$K$5631),"9") -> 15 | AI41: =COUNTIFS((AllCalls25!$BI$15:$BI$5631),"I",(AllCalls25!$K$15:$K$5631),"10") -> 16 | AJ41: =COUNTIFS((AllCalls25!$BI$15:$BI$5631),"I",(AllCalls25!$K$15:$K$5631),"11") -> 15 | AK41: =COUNTIFS((AllCalls25!$BI$15:$BI$5631),"I",(AllCalls25!$K$15:$K$5631),"12") -> 17 | AL41: =SUM($Z41:$AK41) -> 63 | AM41: =(SUM($AE41:$AK41))/SUM($AE$2:$AK$2) -> 0.17166213 | AN41: =SUM($J41,$X41,$AL41) -> 63 | AO41: =(SUM(AN41,X41))/SUM($AL$2,$V$2:$W$2) -> 0.083888149
A42: RFF Sacha Hoole | AH42: =COUNTIFS((AllCalls25!$BJ$15:$BJ$5631),"I",(AllCalls25!$K$15:$K$5631),"9") -> 8 | AI42: =COUNTIFS((AllCalls25!$BJ$15:$BJ$5631),"I",(AllCalls25!$K$15:$K$5631),"10") -> 7 | AJ42: =COUNTIFS((AllCalls25!$BJ$15:$BJ$5631),"I",(AllCalls25!$K$15:$K$5631),"11") -> 13 | AK42: =COUNTIFS((AllCalls25!$BJ$15:$BJ$5631),"I",(AllCalls25!$K$15:$K$5631),"12") -> 33 | AL42: =SUM($Z42:$AK42) -> 61 | AM42: =(SUM($AE42:$AK42))/SUM($AE$2:$AK$2) -> 0.16621253 | AN42: =SUM($J42,$X42,$AL42) -> 61 | AO42: =(SUM(AN42,X42))/SUM($AL$2,$V$2:$W$2) -> 0.081225033
A43: RFF Callum Reid | AJ43: 0 | AK43: 0 | AL43: =SUM($Z43:$AK43) -> 0 | AM43: =(SUM($AE43:$AK43))/SUM($AE$2:$AK$2) -> 0 | AN43: =SUM($J43,$X43,$AL43) -> 0 | AO43: =(SUM(AN43,X43))/SUM($AL$2,$V$2:$W$2) -> 0
A44: RFF Jack Piggott-Newton | B44: 6 | C44: 2 | D44: 3 | E44: 3 | F44: 6 | G44: 2 | H44: 2 | I44: 1 | J44: =SUM(B44:I44) -> 25 | K44: 0.07 | L44: 3 | M44: 2 | N44: 0 | O44: 1 | P44: 0 | Q44: 0 | R44: 0 | S44: 0 | X44: 6 | Y44: 0.04 | AJ44: 0 | AK44: =COUNTIFS(AllMusters25!$AH$15:$AH$147,"I",(AllMusters25!$F$15:$F$147),"12") -> 3 | AL44: =(SUM($Z44:$AK44)) -> 3 | AM44: =(SUM(AL44))/SUM($AL$1) -> 0.06122449 | AN44: =SUM(J44,X44,AL44) -> 34 | AO44: =(SUM(AN44))/SUM($AN$2) -> 0.022149837

Sheet Musters
A1: Musters | B1: 3 | C1: 4 | D1: 4 | E1: 5 | F1: 4 | G1: 4 | H1: 4 | I1: 2 | J1: =SUM(B1:I1) -> 30 | K1: 2023 | L1: 3 | M1: 4 | N1: 4 | O1: 5 | P1: 4 | Q1: 4 | R1: 5 | S1: 5 | T1: 5 | U1: 4 | V1: 4 | W1: 3 | X1: 50 | Y1: 2024 | Z1: =AllMusters25!$E$3 -> 3 | AA1: =AllMusters25!$E$4 -> 4 | AB1: =AllMusters25!$E$5 -> 5 | AC1: =AllMusters25!$E$6 -> 4 | AD1: =AllMusters25!$E$7 -> 4 | AE1: =AllMusters25!$E$8 -> 5 | AF1: =AllMusters25!$E$9 -> 4 | AG1: =AllMusters25!$E$10 -> 4 | AH1: =AllMusters25!$E$11 -> 5 | AI1: =AllMusters25!$E$12 -> 4 | AJ1: =AllMusters25!$E$13 -> 4 | AK1: =AllMusters25!$E$14 -> 3 | AL1: =SUM(Z1:AK1) -> 49 | AM1: 2025 | AN1: Total Musters | AO1: Total
A2: Monthly Call Count | B2: 32 | C2: 46 | D2: 47 | E2: 28 | F2: 38 | G2: 46 | H2: 43 | I2: 44 | J2: =SUM(B2:I2) -> 324 | L2: 58 | M2: 48 | N2: 47 | O2: 38 | P2: 55 | Q2: 43 | R2: 44 | S2: 49 | T2: 36 | U2: 42 | V2: 47 | W2: 52 | X2: 559 | Z2: =Summary!Z2 -> 57 | AA2: =Summary!AA2 -> 48 | AB2: =Summary!AB2 -> 70 | AC2: =Summary!AC2 -> 42 | AD2: =Summary!AD2 -> 68 | AE2: =Summary!AE2 -> 35 | AF2: =Summary!AF2 -> 56 | AG2: =Summary!AG2 -> 53 | ... AK2: =Summary!AK2 -> 79 | AL2: =SUM(Z2:AK2) -> 652 | AN2: =SUM(AL1,X1,J1) -> 129 | AO2: Average
A3: Month | B3: May | C3: June | D3: July | E3: August | F3: September | G3: October | H3: November | I3: December | J3: Sum | K3: Totals | L3: January | M3: Febuary | N3: March | O3: April | P3: May | Q3: June | R3: July | S3: August | T3: September | U3: October | V3: Novober | W3: December | X3: Sum | Y3: Totals | Z3: January | AA3: Febuary | AB3: March | AC3: April | AD3: May | AE3: June | AF3: July | AG3: August | AH3: September | AI3: October | AJ3: Novober | AK3: December | AL3: Sum | AM3: Totals | AN3: Total Musters
A4: CFO John Robinson | B4: 3 | C4: 4 | D4: 4 | E4: 5 | F4: 4 | G4: 4 | H4: 4 | I4: 2 | J4: =SUM(B4:I4) -> 30 | K4: 1 | L4: 3 | M4: 4 | N4: 4 | O4: 5 | P4: 4 | Q4: 4 | R4: 5 | S4: 5 | T4: 5 | U4: 4 | V4: 4 | W4: 3 | X4: 50 | Y4: 1 | Z4: =COUNTIFS(AllMusters25!$J$15:$J$147,"I",(AllMusters25!$F$15:$F$147),"1") -> 3 | AA4: =COUNTIFS(AllMusters25!$J$15:$J$147,"I",(AllMusters25!$F$15:$F$147),"2") -> 4 | AB4: =COUNTIFS(AllMusters25!$J$15:$J$147,"I",(AllMusters25!$F$15:$F$147),"3") -> 5 | AC4: =COUNTIFS(AllMusters25!$J$15:$J$147,"I",(AllMusters25!$F$15:$F$147),"4") -> 3 | AD4: =COUNTIFS(AllMusters25!$J$15:$J$147,"I",(AllMusters25!$F$15:$F$147),"5") -> 4 | AE4: =COUNTIFS(AllMusters25!$J$15:$J$147,"I",(AllMusters25!$F$15:$F$147),"6") -> 5 | AF4: =COUNTIFS(AllMusters25!$J$15:$J$147,"I",(AllMusters25!$F$15:$F$147),"7") -> 4 | AG4: =COUNTIFS(AllMusters25!$J$15:$J$147,"I",(AllMusters25!$F$15:$F$147),"8") -> 3 | AH4: =COUNTIFS(AllMusters25!$J$15:$J$147,"I",(AllMusters25!$F$15:$F$147),"9") -> 5 | AI4: =COUNTIFS(AllMusters25!$J$15:$J$147,"I",(AllMusters25!$F$15:$F$147),"10") -> 3 | AJ4: =COUNTIFS(AllMusters25!$J$15:$J$147,"I",(AllMusters25!$F$15:$F$147),"11") -> 3 | AK4: =COUNTIFS(AllMusters25!$J$15:$J$147,"I",(AllMusters25!$F$15:$F$147),"12") -> 3 | AL4: =(SUM($Z4:$AK4)) -> 45 | AM4: =(SUM(AL4))/SUM($AL$1) -> 0.91836735 | AN4: =SUM(J4,X4,AL4) -> 125 | AO4: =(SUM(AN4))/SUM($AN$2) -> 0.96899225
A5: DCFO Bharat Ravji | B5: 3 | C5: 4 | D5: 3 | E5: 5 | F5: 2 | G5: 1 | H5: 4 | I5: 2 | J5: =SUM(B5:I5) -> 24 | K5: 0.8 | L5: 3 | M5: 3 | N5: 3 | O5: 5 | P5: 4 | Q5: 2 | R5: 5 | S5: 4 | T5: 1 | U5: 2 | V5: 2 | W5: 3 | X5: 37 | Y5: 0.7625 | Z5: =COUNTIFS(AllMusters25!$K$15:$K$147,"I",(AllMusters25!$F$15:$F$147),"1") -> 3 | AA5: =COUNTIFS(AllMusters25!$K$15:$K$147,"I",(AllMusters25!$F$15:$F$147),"2") -> 4 | AB5: =COUNTIFS(AllMusters25!$K$15:$K$147,"I",(AllMusters25!$F$15:$F$147),"3") -> 5 | AC5: =COUNTIFS(AllMusters25!$K$15:$K$147,"I",(AllMusters25!$F$15:$F$147),"4") -> 2 | AD5: =COUNTIFS(AllMusters25!$K$15:$K$147,"I",(AllMusters25!$F$15:$F$147),"5") -> 4 | AE5: =COUNTIFS(AllMusters25!$K$15:$K$147,"I",(AllMusters25!$F$15:$F$147),"6") -> 4 | AF5: =COUNTIFS(AllMusters25!$K$15:$K$147,"I",(AllMusters25!$F$15:$F$147),"7") -> 4 | AG5: =COUNTIFS(AllMusters25!$K$15:$K$147,"I",(AllMusters25!$F$15:$F$147),"8") -> 4 | AH5: =COUNTIFS(AllMusters25!$K$15:$K$147,"I",(AllMusters25!$F$15:$F$147),"9") -> 0 | AI5: =COUNTIFS(AllMusters25!$K$15:$K$147,"I",(AllMusters25!$F$15:$F$147),"10") -> 3 | AJ5: =COUNTIFS(AllMusters25!$K$15:$K$147,"I",(AllMusters25!$F$15:$F$147),"11") -> 4 | AK5: =COUNTIFS(AllMusters25!$K$15:$K$147,"I",(AllMusters25!$F$15:$F$147),"12") -> 3 | AL5: =(SUM($Z5:$AK5)) -> 40 | AM5: =(SUM(AL5))/SUM($AL$1) -> 0.81632653 | AN5: =SUM(J5,X5,AL5) -> 101 | AO5: =(SUM(AN5))/SUM($AN$2) -> 0.78294574
A6: SSO Darcy Hart | B6: 3 | C6: 3 | D6: 3 | E6: 3 | F6: 2 | G6: 3 | H6: 4 | I6: 2 | J6: =SUM(B6:I6) -> 23 | K6: 0.76666667 | L6: 2 | M6: 4 | N6: 4 | O6: 3 | P6: 3 | Q6: 3 | R6: 5 | S6: 5 | T6: 5 | U6: 4 | V6: 3 | W6: 3 | X6: 44 | Y6: 0.8375 | Z6: =COUNTIFS(AllMusters25!$L$15:$L$147,"I",(AllMusters25!$F$15:$F$147),"1") -> 3 | AA6: =COUNTIFS(AllMusters25!$L$15:$L$147,"I",(AllMusters25!$F$15:$F$147),"2") -> 3 | AB6: =COUNTIFS(AllMusters25!$L$15:$L$147,"I",(AllMusters25!$F$15:$F$147),"3") -> 4 | AC6: =COUNTIFS(AllMusters25!$L$15:$L$147,"I",(AllMusters25!$F$15:$F$147),"4") -> 3 | AD6: =COUNTIFS(AllMusters25!$L$15:$L$147,"I",(AllMusters25!$F$15:$F$147),"5") -> 2 | AE6: =COUNTIFS(AllMusters25!$L$15:$L$147,"I",(AllMusters25!$F$15:$F$147),"6") -> 3 | AF6: =COUNTIFS(AllMusters25!$L$15:$L$147,"I",(AllMusters25!$F$15:$F$147),"7") -> 4 | AG6: =COUNTIFS(AllMusters25!$L$15:$L$147,"I",(AllMusters25!$F$15:$F$147),"8") -> 4 | AH6: =COUNTIFS(AllMusters25!$L$15:$L$147,"I",(AllMusters25!$F$15:$F$147),"9") -> 3 | AI6: =COUNTIFS(AllMusters25!$L$15:$L$147,"I",(AllMusters25!$F$15:$F$147),"10") -> 3 | AJ6: =COUNTIFS(AllMusters25!$L$15:$L$147,"I",(AllMusters25!$F$15:$F$147),"11") -> 4 | AK6: =COUNTIFS(AllMusters25!$L$15:$L$147,"I",(AllMusters25!$F$15:$F$147),"12") -> 3 | AL6: =(SUM($Z6:$AK6)) -> 39 | AM6: =(SUM(AL6))/SUM($AL$1) -> 0.79591837 | AN6: =SUM(J6,X6,AL6) -> 106 | AO6: =(SUM(AN6))/SUM($AN$2) -> 0.82170543
A7: SSO Vaughan Wood | B7: 3 | C7: 2 | D7: 4 | E7: 4 | F7: 4 | G7: 2 | H7: 4 | I7: 0 | J7: =SUM(B7:I7) -> 23 | K7: 0.76666667 | L7: 3 | M7: 4 | N7: 3 | O7: 4 | P7: 3 | Q7: 3 | R7: 4 | S7: 4 | T7: 3 | U7: 4 | V7: 2 | W7: 3 | X7: 40 | Y7: 0.7875 | Z7: =COUNTIFS(AllMusters25!$M$15:$M$147,"I",(AllMusters25!$F$15:$F$147),"1") -> 2 | AA7: =COUNTIFS(AllMusters25!$M$15:$M$147,"I",(AllMusters25!$F$15:$F$147),"2") -> 4 | AB7: =COUNTIFS(AllMusters25!$M$15:$M$147,"I",(AllMusters25!$F$15:$F$147),"3") -> 3 | AC7: =COUNTIFS(AllMusters25!$M$15:$M$147,"I",(AllMusters25!$F$15:$F$147),"4") -> 4 | AD7: =COUNTIFS(AllMusters25!$M$15:$M$147,"I",(AllMusters25!$F$15:$F$147),"5") -> 4 | AE7: =COUNTIFS(AllMusters25!$M$15:$M$147,"I",(AllMusters25!$F$15:$F$147),"6") -> 5 | AF7: =COUNTIFS(AllMusters25!$M$15:$M$147,"I",(AllMusters25!$F$15:$F$147),"7") -> 4 | AG7: =COUNTIFS(AllMusters25!$M$15:$M$147,"I",(AllMusters25!$F$15:$F$147),"8") -> 4 | AH7: =COUNTIFS(AllMusters25!$M$15:$M$147,"I",(AllMusters25!$F$15:$F$147),"9") -> 4 | AI7: =COUNTIFS(AllMusters25!$M$15:$M$147,"I",(AllMusters25!$F$15:$F$147),"10") -> 4 | AJ7: =COUNTIFS(AllMusters25!$M$15:$M$147,"I",(AllMusters25!$F$15:$F$147),"11") -> 4 | AK7: =COUNTIFS(AllMusters25!$M$15:$M$147,"I",(AllMusters25!$F$15:$F$147),"12") -> 3 | AL7: =(SUM($Z7:$AK7)) -> 45 | AM7: =(SUM(AL7))/SUM($AL$1) -> 0.91836735 | AN7: =SUM(J7,X7,AL7) -> 108 | AO7: =(SUM(AN7))/SUM($AN$2) -> 0.8372093
A8: SO Richard Jellyman | B8: 2 | C8: 4 | D8: 0 | E8: 3 | F8: 2 | G8: 4 | H8: 3 | I8: 1 | J8: =SUM(B8:I8) -> 19 | K8: 0.63333333 | L8: 1 | M8: 1 | N8: 1 | O8: 2 | P8: 1 | Q8: 2 | R8: 2 | S8: 4 | T8: 2 | U8: 1 | V8: 3 | W8: 2 | X8: 22 | Y8: 0.5125 | Z8: =COUNTIFS(AllMusters25!$N$15:$N$147,"I",(AllMusters25!$F$15:$F$147),"1") -> 3 | AA8: =COUNTIFS(AllMusters25!$N$15:$N$147,"I",(AllMusters25!$F$15:$F$147),"2") -> 3 | AB8: =COUNTIFS(AllMusters25!$N$15:$N$147,"I",(AllMusters25!$F$15:$F$147),"3") -> 1 | AC8: =COUNTIFS(AllMusters25!$N$15:$N$147,"I",(AllMusters25!$F$15:$F$147),"4") -> 4 | AD8: =COUNTIFS(AllMusters25!$N$15:$N$147,"I",(AllMusters25!$F$15:$F$147),"5") -> 1 | AE8: =COUNTIFS(AllMusters25!$N$15:$N$147,"I",(AllMusters25!$F$15:$F$147),"6") -> 5 | AF8: =COUNTIFS(AllMusters25!$N$15:$N$147,"I",(AllMusters25!$F$15:$F$147),"7") -> 3 | AG8: =COUNTIFS(AllMusters25!$N$15:$N$147,"I",(AllMusters25!$F$15:$F$147),"8") -> 0 | AH8: =COUNTIFS(AllMusters25!$N$15:$N$147,"I",(AllMusters25!$F$15:$F$147),"9") -> 2 | AI8: =COUNTIFS(AllMusters25!$N$15:$N$147,"I",(AllMusters25!$F$15:$F$147),"10") -> 2 | AJ8: =COUNTIFS(AllMusters25!$N$15:$N$147,"I",(AllMusters25!$F$15:$F$147),"11") -> 2 | AK8: =COUNTIFS(AllMusters25!$N$15:$N$147,"I",(AllMusters25!$F$15:$F$147),"12") -> 2 | AL8: =(SUM($Z8:$AK8)) -> 28 | AM8: =(SUM(AL8))/SUM($AL$1) -> 0.57142857 | AN8: =SUM(J8,X8,AL8) -> 69 | AO8: =(SUM(AN8))/SUM($AN$2) -> 0.53488372
A9: SO Richard Irving | B9: 2 | C9: 4 | D9: 3 | E9: 3 | F9: 4 | G9: 3 | H9: 4 | I9: 2 | J9: =SUM(B9:I9) -> 25 | K9: 0.83333333 | L9: 3 | M9: 2 | N9: 2 | O9: 4 | P9: 4 | Q9: 3 | R9: 2 | S9: 4 | T9: 3 | U9: 2 | V9: 2 | W9: 3 | X9: 34 | Y9: 0.7375 | Z9: =COUNTIFS(AllMusters25!$O$15:$O$147,"I",(AllMusters25!$F$15:$F$147),"1") -> 1 | AA9: =COUNTIFS(AllMusters25!$O$15:$O$147,"I",(AllMusters25!$F$15:$F$147),"2") -> 3 | AB9: =COUNTIFS(AllMusters25!$O$15:$O$147,"I",(AllMusters25!$F$15:$F$147),"3") -> 3 | AC9: =COUNTIFS(AllMusters25!$O$15:$O$147,"I",(AllMusters25!$F$15:$F$147),"4") -> 3 | AD9: =COUNTIFS(AllMusters25!$O$15:$O$147,"I",(AllMusters25!$F$15:$F$147),"5") -> 4 | AE9: =COUNTIFS(AllMusters25!$O$15:$O$147,"I",(AllMusters25!$F$15:$F$147),"6") -> 2 | AF9: =COUNTIFS(AllMusters25!$O$15:$O$147,"I",(AllMusters25!$F$15:$F$147),"7") -> 3 | AG9: =COUNTIFS(AllMusters25!$O$15:$O$147,"I",(AllMusters25!$F$15:$F$147),"8") -> 3 | AH9: =COUNTIFS(AllMusters25!$O$15:$O$147,"I",(AllMusters25!$F$15:$F$147),"9") -> 4 | AI9: =COUNTIFS(AllMusters25!$O$15:$O$147,"I",(AllMusters25!$F$15:$F$147),"10") -> 3 | AJ9: =COUNTIFS(AllMusters25!$O$15:$O$147,"I",(AllMusters25!$F$15:$F$147),"11") -> 4 | AK9: =COUNTIFS(AllMusters25!$O$15:$O$147,"I",(AllMusters25!$F$15:$F$147),"12") -> 3 | AL9: =(SUM($Z9:$AK9)) -> 36 | AM9: =(SUM(AL9))/SUM($AL$1) -> 0.73469388 | AN9: =SUM(J9,X9,AL9) -> 95 | AO9: =(SUM(AN9))/SUM($AN$2) -> 0.73643411
A10: SO Darryn Pritchard | B10: 3 | C10: 4 | D10: 4 | E10: 4 | F10: 2 | G10: 4 | H10: 4 | I10: 2 | J10: =SUM(B10:I10) -> 27 | K10: 0.9 | L10: 2 | M10: 4 | N10: 3 | O10: 5 | P10: 3 | Q10: 4 | R10: 3 | S10: 3 | T10: 3 | U10: 3 | V10: 3 | W10: 3 | X10: 39 | Y10: 0.825 | Z10: =COUNTIFS(AllMusters25!$P$15:$P$147,"I",(AllMusters25!$F$15:$F$147),"1") -> 0 | AA10: =COUNTIFS(AllMusters25!$P$15:$P$147,"I",(AllMusters25!$F$15:$F$147),"2") -> 1 | AB10: =COUNTIFS(AllMusters25!$P$15:$P$147,"I",(AllMusters25!$F$15:$F$147),"3") -> 4 | AC10: =COUNTIFS(AllMusters25!$P$15:$P$147,"I",(AllMusters25!$F$15:$F$147),"4") -> 4 | AD10: =COUNTIFS(AllMusters25!$P$15:$P$147,"I",(AllMusters25!$F$15:$F$147),"5") -> 3 | AE10: =COUNTIFS(AllMusters25!$P$15:$P$147,"I",(AllMusters25!$F$15:$F$147),"6") -> 5 | AF10: =COUNTIFS(AllMusters25!$P$15:$P$147,"I",(AllMusters25!$F$15:$F$147),"7") -> 3 | AG10: =COUNTIFS(AllMusters25!$P$15:$P$147,"I",(AllMusters25!$F$15:$F$147),"8") -> 4 | AH10: =COUNTIFS(AllMusters25!$P$15:$P$147,"I",(AllMusters25!$F$15:$F$147),"9") -> 4 | AI10: =COUNTIFS(AllMusters25!$P$15:$P$147,"I",(AllMusters25!$F$15:$F$147),"10") -> 4 | AJ10: =COUNTIFS(AllMusters25!$P$15:$P$147,"I",(AllMusters25!$F$15:$F$147),"11") -> 2 | AK10: =COUNTIFS(AllMusters25!$P$15:$P$147,"I",(AllMusters25!$F$15:$F$147),"12") -> 2 | AL10: =(SUM($Z10:$AK10)) -> 36 | AM10: =(SUM(AL10))/SUM($AL$1) -> 0.73469388 | AN10: =SUM(J10,X10,AL10) -> 102 | AO10: =(SUM(AN10))/SUM($AN$2) -> 0.79069767
A11: SO Jon White | B11: 2 | C11: 0 | D11: 3 | E11: 4 | F11: 4 | G11: 4 | H11: 4 | I11: 1 | J11: =SUM(B11:I11) -> 22 | K11: 0.73333333 | L11: 3 | M11: 4 | N11: 2 | O11: 5 | P11: 4 | Q11: 4 | R11: 4 | S11: 5 | T11: 5 | U11: 4 | V11: 3 | W11: 1 | X11: 44 | Y11: 0.825 | Z11: =COUNTIFS(AllMusters25!$Q$15:$Q$147,"I",(AllMusters25!$F$15:$F$147),"1") -> 2 | AA11: =COUNTIFS(AllMusters25!$Q$15:$Q$147,"I",(AllMusters25!$F$15:$F$147),"2") -> 2 | AB11: =COUNTIFS(AllMusters25!$Q$15:$Q$147,"I",(AllMusters25!$F$15:$F$147),"3") -> 3 | AC11: =COUNTIFS(AllMusters25!$Q$15:$Q$147,"I",(AllMusters25!$F$15:$F$147),"4") -> 4 | AD11: =COUNTIFS(AllMusters25!$Q$15:$Q$147,"I",(AllMusters25!$F$15:$F$147),"5") -> 4 | AE11: =COUNTIFS(AllMusters25!$Q$15:$Q$147,"I",(AllMusters25!$F$15:$F$147),"6") -> 4 | AF11: =COUNTIFS(AllMusters25!$Q$15:$Q$147,"I",(AllMusters25!$F$15:$F$147),"7") -> 3 | AG11: =COUNTIFS(AllMusters25!$Q$15:$Q$147,"I",(AllMusters25!$F$15:$F$147),"8") -> 4 | AH11: =COUNTIFS(AllMusters25!$Q$15:$Q$147,"I",(AllMusters25!$F$15:$F$147),"9") -> 4 | AI11: =COUNTIFS(AllMusters25!$Q$15:$Q$147,"I",(AllMusters25!$F$15:$F$147),"10") -> 4 | AJ11: =COUNTIFS(AllMusters25!$Q$15:$Q$147,"I",(AllMusters25!$F$15:$F$147),"11") -> 4 | AK11: =COUNTIFS(AllMusters25!$Q$15:$Q$147,"I",(AllMusters25!$F$15:$F$147),"12") -> 0 | AL11: =(SUM($Z11:$AK11)) -> 38 | AM11: =(SUM(AL11))/SUM($AL$1) -> 0.7755102 | AN11: =SUM(J11,X11,AL11) -> 104 | AO11: =(SUM(AN11))/SUM($AN$2) -> 0.80620155
A12: SFF Brent Reynolds | B12: 2 | C12: 2 | D12: 4 | E12: 4 | F12: 3 | G12: 3 | H12: 4 | I12: 1 | J12: =SUM(B12:I12) -> 23 | K12: 0.76666667 | L12: 2 | M12: 3 | N12: 2 | O12: 3 | P12: 3 | Q12: 2 | R12: 3 | S12: 2 | T12: 3 | U12: 2 | V12: 3 | W12: 2 | X12: 30 | Y12: 0.6625 | Z12: =COUNTIFS(AllMusters25!$R$15:$R$147,"I",(AllMusters25!$F$15:$F$147),"1") -> 2 | AA12: =COUNTIFS(AllMusters25!$R$15:$R$147,"I",(AllMusters25!$F$15:$F$147),"2") -> 2 | AB12: =COUNTIFS(AllMusters25!$R$15:$R$147,"I",(AllMusters25!$F$15:$F$147),"3") -> 3 | AC12: =COUNTIFS(AllMusters25!$R$15:$R$147,"I",(AllMusters25!$F$15:$F$147),"4") -> 3 | AD12: =COUNTIFS(AllMusters25!$R$15:$R$147,"I",(AllMusters25!$F$15:$F$147),"5") -> 2 | AE12: =COUNTIFS(AllMusters25!$R$15:$R$147,"I",(AllMusters25!$F$15:$F$147),"6") -> 3 | AF12: =COUNTIFS(AllMusters25!$R$15:$R$147,"I",(AllMusters25!$F$15:$F$147),"7") -> 3 | AG12: =COUNTIFS(AllMusters25!$R$15:$R$147,"I",(AllMusters25!$F$15:$F$147),"8") -> 3 | AH12: =COUNTIFS(AllMusters25!$R$15:$R$147,"I",(AllMusters25!$F$15:$F$147),"9") -> 3 | AI12: =COUNTIFS(AllMusters25!$R$15:$R$147,"I",(AllMusters25!$F$15:$F$147),"10") -> 2 | AJ12: =COUNTIFS(AllMusters25!$R$15:$R$147,"I",(AllMusters25!$F$15:$F$147),"11") -> 2 | AK12: =COUNTIFS(AllMusters25!$R$15:$R$147,"I",(AllMusters25!$F$15:$F$147),"12") -> 3 | AL12: =(SUM($Z12:$AK12)) -> 31 | AM12: =(SUM(AL12))/SUM($AL$1) -> 0.63265306 | AN12: =SUM(J12,X12,AL12) -> 84 | AO12: =(SUM(AN12))/SUM($AN$2) -> 0.65116279
A13: SFF Joseph O'Neill-Gregory | B13: 3 | C13: 2 | D13: 3 | E13: 3 | F13: 1 | G13: 4 | H13: 3 | I13: 2 | J13: =SUM(B13:I13) -> 21 | K13: 0.7 | L13: 2 | M13: 3 | N13: 3 | O13: 4 | P13: 3 | Q13: 3 | R13: 3 | S13: 2 | T13: 0 | U13: 4 | V13: 2 | W13: 2 | X13: 31 | Y13: 0.65 | Z13: =COUNTIFS(AllMusters25!$S$15:$S$147,"I",(AllMusters25!$F$15:$F$147),"1") -> 2 | AA13: =COUNTIFS(AllMusters25!$S$15:$S$147,"I",(AllMusters25!$F$15:$F$147),"2") -> 1 | AB13: =COUNTIFS(AllMusters25!$S$15:$S$147,"I",(AllMusters25!$F$15:$F$147),"3") -> 3 | AC13: =COUNTIFS(AllMusters25!$S$15:$S$147,"I",(AllMusters25!$F$15:$F$147),"4") -> 2 | AD13: =COUNTIFS(AllMusters25!$S$15:$S$147,"I",(AllMusters25!$F$15:$F$147),"5") -> 4 | AE13: =COUNTIFS(AllMusters25!$S$15:$S$147,"I",(AllMusters25!$F$15:$F$147),"6") -> 4 | AF13: =COUNTIFS(AllMusters25!$S$15:$S$147,"I",(AllMusters25!$F$15:$F$147),"7") -> 3 | AG13: =COUNTIFS(AllMusters25!$S$15:$S$147,"I",(AllMusters25!$F$15:$F$147),"8") -> 2 | AH13: =COUNTIFS(AllMusters25!$S$15:$S$147,"I",(AllMusters25!$F$15:$F$147),"9") -> 0 | AI13: =COUNTIFS(AllMusters25!$S$15:$S$147,"I",(AllMusters25!$F$15:$F$147),"10") -> 4 | AJ13: =COUNTIFS(AllMusters25!$S$15:$S$147,"I",(AllMusters25!$F$15:$F$147),"11") -> 3 | AK13: =COUNTIFS(AllMusters25!$S$15:$S$147,"I",(AllMusters25!$F$15:$F$147),"12") -> 3 | AL13: =(SUM($Z13:$AK13)) -> 31 | AM13: =(SUM(AL13))/SUM($AL$1) -> 0.63265306 | AN13: =SUM(J13,X13,AL13) -> 83 | AO13: =(SUM(AN13))/SUM($AN$2) -> 0.64341085
A14: SFF Grant Robertson | B14: 3 | C14: 3 | D14: 4 | E14: 4 | F14: 4 | G14: 3 | H14: 4 | I14: 2 | J14: =SUM(B14:I14) -> 27 | K14: 0.9 | L14: 2 | M14: 4 | N14: 4 | O14: 4 | P14: 4 | Q14: 4 | R14: 5 | S14: 5 | T14: 5 | U14: 4 | V14: 3 | W14: 3 | X14: 47 | Y14: 0.925 | Z14: =COUNTIFS(AllMusters25!$T$15:$T$147,"I",(AllMusters25!$F$15:$F$147),"1") -> 2 | AA14: =COUNTIFS(AllMusters25!$T$15:$T$147,"I",(AllMusters25!$F$15:$F$147),"2") -> 3 | AB14: =COUNTIFS(AllMusters25!$T$15:$T$147,"I",(AllMusters25!$F$15:$F$147),"3") -> 5 | AC14: =COUNTIFS(AllMusters25!$T$15:$T$147,"I",(AllMusters25!$F$15:$F$147),"4") -> 4 | AD14: =COUNTIFS(AllMusters25!$T$15:$T$147,"I",(AllMusters25!$F$15:$F$147),"5") -> 3 | AE14: =COUNTIFS(AllMusters25!$T$15:$T$147,"I",(AllMusters25!$F$15:$F$147),"6") -> 3 | AF14: =COUNTIFS(AllMusters25!$T$15:$T$147,"I",(AllMusters25!$F$15:$F$147),"7") -> 4 | AG14: =COUNTIFS(AllMusters25!$T$15:$T$147,"I",(AllMusters25!$F$15:$F$147),"8") -> 4 | AH14: =COUNTIFS(AllMusters25!$T$15:$T$147,"I",(AllMusters25!$F$15:$F$147),"9") -> 5 | AI14: =COUNTIFS(AllMusters25!$T$15:$T$147,"I",(AllMusters25!$F$15:$F$147),"10") -> 4 | AJ14: =COUNTIFS(AllMusters25!$T$15:$T$147,"I",(AllMusters25!$F$15:$F$147),"11") -> 4 | AK14: =COUNTIFS(AllMusters25!$T$15:$T$147,"I",(AllMusters25!$F$15:$F$147),"12") -> 3 | AL14: =(SUM($Z14:$AK14)) -> 44 | AM14: =(SUM(AL14))/SUM($AL$1) -> 0.89795918 | AN14: =SUM(J14,X14,AL14) -> 118 | AO14: =(SUM(AN14))/SUM($AN$2) -> 0.91472868
A15: SFF William O'Connell | B15: 3 | C15: 3 | D15: 4 | E15: 5 | F15: 4 | G15: 3 | H15: 4 | I15: 2 | J15: =SUM(B15:I15) -> 28 | K15: 0.93333333 | L15: 1 | M15: 4 | N15: 3 | O15: 5 | P15: 4 | Q15: 3 | R15: 5 | S15: 5 | T15: 4 | U15: 2 | V15: 4 | W15: 2 | X15: 42 | Y15: 0.875 | Z15: =COUNTIFS(AllMusters25!$U$15:$U$147,"I",(AllMusters25!$F$15:$F$147),"1") -> 3 | AA15: =COUNTIFS(AllMusters25!$U$15:$U$147,"I",(AllMusters25!$F$15:$F$147),"2") -> 3 | AB15: =COUNTIFS(AllMusters25!$U$15:$U$147,"I",(AllMusters25!$F$15:$F$147),"3") -> 5 | AC15: =COUNTIFS(AllMusters25!$U$15:$U$147,"I",(AllMusters25!$F$15:$F$147),"4") -> 3 | AD15: =COUNTIFS(AllMusters25!$U$15:$U$147,"I",(AllMusters25!$F$15:$F$147),"5") -> 3 | AE15: =COUNTIFS(AllMusters25!$U$15:$U$147,"I",(AllMusters25!$F$15:$F$147),"6") -> 3 | AF15: =COUNTIFS(AllMusters25!$U$15:$U$147,"I",(AllMusters25!$F$15:$F$147),"7") -> 1 | AG15: =COUNTIFS(AllMusters25!$U$15:$U$147,"I",(AllMusters25!$F$15:$F$147),"8") -> 3 | AH15: =COUNTIFS(AllMusters25!$U$15:$U$147,"I",(AllMusters25!$F$15:$F$147),"9") -> 5 | AI15: =COUNTIFS(AllMusters25!$U$15:$U$147,"I",(AllMusters25!$F$15:$F$147),"10") -> 4 | AJ15: =COUNTIFS(AllMusters25!$U$15:$U$147,"I",(AllMusters25!$F$15:$F$147),"11") -> 2 | AK15: =COUNTIFS(AllMusters25!$U$15:$U$147,"I",(AllMusters25!$F$15:$F$147),"12") -> 2 | AL15: =(SUM($Z15:$AK15)) -> 37 | AM15: =(SUM(AL15))/SUM($AL$1) -> 0.75510204 | AN15: =SUM(J15,X15,AL15) -> 107 | AO15: =(SUM(AN15))/SUM($AN$2) -> 0.82945736
A16: SFF Robert Mayo | B16: 1 | C16: 3 | D16: 3 | E16: 5 | F16: 2 | G16: 4 | H16: 2 | I16: 2 | J16: =SUM(B16:I16) -> 22 | K16: 0.73333333 | L16: 2 | M16: 4 | N16: 2 | O16: 4 | P16: 3 | Q16: 4 | R16: 4 | S16: 3 | T16: 5 | U16: 1 | V16: 3 | W16: 2 | X16: 37 | Y16: 0.7375 | Z16: =COUNTIFS(AllMusters25!$V$15:$V$147,"I",(AllMusters25!$F$15:$F$147),"1") -> 3 | AA16: =COUNTIFS(AllMusters25!$V$15:$V$147,"I",(AllMusters25!$F$15:$F$147),"2") -> 4 | AB16: =COUNTIFS(AllMusters25!$V$15:$V$147,"I",(AllMusters25!$F$15:$F$147),"3") -> 5 | AC16: =COUNTIFS(AllMusters25!$V$15:$V$147,"I",(AllMusters25!$F$15:$F$147),"4") -> 4 | AD16: =COUNTIFS(AllMusters25!$V$15:$V$147,"I",(AllMusters25!$F$15:$F$147),"5") -> 4 | AE16: =COUNTIFS(AllMusters25!$V$15:$V$147,"I",(AllMusters25!$F$15:$F$147),"6") -> 5 | AF16: =COUNTIFS(AllMusters25!$V$15:$V$147,"I",(AllMusters25!$F$15:$F$147),"7") -> 4 | AG16: =COUNTIFS(AllMusters25!$V$15:$V$147,"I",(AllMusters25!$F$15:$F$147),"8") -> 4 | AH16: =COUNTIFS(AllMusters25!$V$15:$V$147,"I",(AllMusters25!$F$15:$F$147),"9") -> 5 | AI16: =COUNTIFS(AllMusters25!$V$15:$V$147,"I",(AllMusters25!$F$15:$F$147),"10") -> 4 | AJ16: =COUNTIFS(AllMusters25!$V$15:$V$147,"I",(AllMusters25!$F$15:$F$147),"11") -> 4 | AK16: =COUNTIFS(AllMusters25!$V$15:$V$147,"I",(AllMusters25!$F$15:$F$147),"12") -> 3 | AL16: =(SUM($Z16:$AK16)) -> 49 | AM16: =(SUM(AL16))/SUM($AL$1) -> 1 | AN16: =SUM(J16,X16,AL16) -> 108 | AO16: =(SUM(AN16))/SUM($AN$2) -> 0.8372093
A17: SFF Brody Jellyman | Z17: =COUNTIFS(AllMusters25!$W$15:$W$147,"I",(AllMusters25!$F$15:$F$147),"1") -> 2 | AA17: =COUNTIFS(AllMusters25!$W$15:$W$147,"I",(AllMusters25!$F$15:$F$147),"2") -> 1 | AB17: =COUNTIFS(AllMusters25!$W$15:$W$147,"I",(AllMusters25!$F$15:$F$147),"3") -> 2 | AC17: =COUNTIFS(AllMusters25!$W$15:$W$147,"I",(AllMusters25!$F$15:$F$147),"4") -> 3 | AD17: =COUNTIFS(AllMusters25!$W$15:$W$147,"I",(AllMusters25!$F$15:$F$147),"5") -> 1 | AE17: =COUNTIFS(AllMusters25!$W$15:$W$147,"I",(AllMusters25!$F$15:$F$147),"6") -> 3 | AF17: =COUNTIFS(AllMusters25!$W$15:$W$147,"I",(AllMusters25!$F$15:$F$147),"7") -> 3 | AG17: =COUNTIFS(AllMusters25!$W$15:$W$147,"I",(AllMusters25!$F$15:$F$147),"8") -> 3 | AH17: =COUNTIFS(AllMusters25!$W$15:$W$147,"I",(AllMusters25!$F$15:$F$147),"9") -> 2 | AI17: =COUNTIFS(AllMusters25!$W$15:$W$147,"I",(AllMusters25!$F$15:$F$147),"10") -> 2 | AJ17: =COUNTIFS(AllMusters25!$W$15:$W$147,"I",(AllMusters25!$F$15:$F$147),"11") -> 2 | AK17: =COUNTIFS(AllMusters25!$W$15:$W$147,"I",(AllMusters25!$F$15:$F$147),"12") -> 2 | AL17: =(SUM($Z17:$AK17)) -> 26 | AM17: =(SUM(AA17:AK17))/SUM($AA$1:$AK$1) -> 0.52173913 | AN17: =SUM(J17,X17,AL17) -> 26 | AO17: =(SUM(AN17))/SUM($AL$1) -> 0.53061224
A18: QFF Symon Maxwell | B18: 3 | C18: 4 | D18: 4 | E18: 4 | F18: 3 | G18: 4 | H18: 4 | I18: 1 | J18: =SUM(B18:I18) -> 27 | K18: 0.9 | L18: 3 | M18: 4 | N18: 3 | O18: 3 | P18: 2 | Q18: 4 | R18: 4 | S18: 4 | T18: 4 | U18: 3 | V18: 4 | W18: 2 | X18: 40 | Y18: 0.8375 | Z18: =COUNTIFS(AllMusters25!$X$15:$X$147,"I",(AllMusters25!$F$15:$F$147),"1") -> 3 | AA18: =COUNTIFS(AllMusters25!$X$15:$X$147,"I",(AllMusters25!$F$15:$F$147),"2") -> 3 | AB18: =COUNTIFS(AllMusters25!$X$15:$X$147,"I",(AllMusters25!$F$15:$F$147),"3") -> 3 | AC18: =COUNTIFS(AllMusters25!$X$15:$X$147,"I",(AllMusters25!$F$15:$F$147),"4") -> 4 | AD18: =COUNTIFS(AllMusters25!$X$15:$X$147,"I",(AllMusters25!$F$15:$F$147),"5") -> 4 | AE18: =COUNTIFS(AllMusters25!$X$15:$X$147,"I",(AllMusters25!$F$15:$F$147),"6") -> 4 | AF18: =COUNTIFS(AllMusters25!$X$15:$X$147,"I",(AllMusters25!$F$15:$F$147),"7") -> 4 | AG18: =COUNTIFS(AllMusters25!$X$15:$X$147,"I",(AllMusters25!$F$15:$F$147),"8") -> 3 | AH18: =COUNTIFS(AllMusters25!$X$15:$X$147,"I",(AllMusters25!$F$15:$F$147),"9") -> 3 | AI18: =COUNTIFS(AllMusters25!$X$15:$X$147,"I",(AllMusters25!$F$15:$F$147),"10") -> 4 | AJ18: =COUNTIFS(AllMusters25!$X$15:$X$147,"I",(AllMusters25!$F$15:$F$147),"11") -> 3 | AK18: =COUNTIFS(AllMusters25!$X$15:$X$147,"I",(AllMusters25!$F$15:$F$147),"12") -> 3 | AL18: =(SUM($Z18:$AK18)) -> 41 | AM18: =(SUM(AL18))/SUM($AL$1) -> 0.83673469 | AN18: =SUM(J18,X18,AL18) -> 108 | AO18: =(SUM(AN18))/SUM($AN$2) -> 0.8372093
A19: QFF Ian Chapman | B19: 2 | C19: 3 | D19: 3 | E19: 3 | F19: 3 | G19: 2 | H19: 2 | I19: 2 | J19: =SUM(B19:I19) -> 20 | K19: 0.66666667 | L19: 0 | M19: 4 | N19: 2 | O19: 5 | P19: 2 | Q19: 4 | R19: 4 | S19: 2 | T19: 4 | U19: 1 | V19: 4 | W19: 2 | X19: 34 | Y19: 0.675 | Z19: =COUNTIFS(AllMusters25!$Y$15:$Y$147,"I",(AllMusters25!$F$15:$F$147),"1") -> 3 | AA19: =COUNTIFS(AllMusters25!$Y$15:$Y$147,"I",(AllMusters25!$F$15:$F$147),"2") -> 2 | AB19: =COUNTIFS(AllMusters25!$Y$15:$Y$147,"I",(AllMusters25!$F$15:$F$147),"3") -> 4 | AC19: =COUNTIFS(AllMusters25!$Y$15:$Y$147,"I",(AllMusters25!$F$15:$F$147),"4") -> 2 | AD19: =COUNTIFS(AllMusters25!$Y$15:$Y$147,"I",(AllMusters25!$F$15:$F$147),"5") -> 4 | AE19: =COUNTIFS(AllMusters25!$Y$15:$Y$147,"I",(AllMusters25!$F$15:$F$147),"6") -> 4 | AF19: =COUNTIFS(AllMusters25!$Y$15:$Y$147,"I",(AllMusters25!$F$15:$F$147),"7") -> 2 | AG19: =COUNTIFS(AllMusters25!$Y$15:$Y$147,"I",(AllMusters25!$F$15:$F$147),"8") -> 2 | AH19: =COUNTIFS(AllMusters25!$Y$15:$Y$147,"I",(AllMusters25!$F$15:$F$147),"9") -> 3 | AI19: =COUNTIFS(AllMusters25!$Y$15:$Y$147,"I",(AllMusters25!$F$15:$F$147),"10") -> 4 | AJ19: =COUNTIFS(AllMusters25!$Y$15:$Y$147,"I",(AllMusters25!$F$15:$F$147),"11") -> 1 | AK19: =COUNTIFS(AllMusters25!$Y$15:$Y$147,"I",(AllMusters25!$F$15:$F$147),"12") -> 3 | AL19: =(SUM($Z19:$AK19)) -> 34 | AM19: =(SUM(AL19))/SUM($AL$1) -> 0.69387755 | AN19: =SUM(J19,X19,AL19) -> 88 | AO19: =(SUM(AN19))/SUM($AN$2) -> 0.68217054
A20: QFF Melanie Yates | B20: 3 | C20: 1 | D20: 3 | E20: 2 | F20: 2 | G20: 1 | H20: 3 | I20: 0 | J20: =SUM(B20:I20) -> 15 | K20: 0.5 | L20: 0 | M20: 2 | N20: 2 | O20: 4 | P20: 2 | Q20: 2 | R20: 3 | S20: 3 | T20: 3 | U20: 2 | V20: 3 | W20: 2 | X20: 28 | Y20: 0.5375 | Z20: =COUNTIFS(AllMusters25!$Z$15:$Z$147,"I",(AllMusters25!$F$15:$F$147),"1") -> 1 | AA20: =COUNTIFS(AllMusters25!$Z$15:$Z$147,"I",(AllMusters25!$F$15:$F$147),"2") -> 3 | AB20: =COUNTIFS(AllMusters25!$Z$15:$Z$147,"I",(AllMusters25!$F$15:$F$147),"3") -> 3 | AC20: =COUNTIFS(AllMusters25!$Z$15:$Z$147,"I",(AllMusters25!$F$15:$F$147),"4") -> 2 | AD20: =COUNTIFS(AllMusters25!$Z$15:$Z$147,"I",(AllMusters25!$F$15:$F$147),"5") -> 1 | AE20: =COUNTIFS(AllMusters25!$Z$15:$Z$147,"I",(AllMusters25!$F$15:$F$147),"6") -> 2 | AF20: =COUNTIFS(AllMusters25!$Z$15:$Z$147,"I",(AllMusters25!$F$15:$F$147),"7") -> 1 | AG20: =COUNTIFS(AllMusters25!$Z$15:$Z$147,"I",(AllMusters25!$F$15:$F$147),"8") -> 1 | AH20: =COUNTIFS(AllMusters25!$Z$15:$Z$147,"I",(AllMusters25!$F$15:$F$147),"9") -> 4 | AI20: =COUNTIFS(AllMusters25!$Z$15:$Z$147,"I",(AllMusters25!$F$15:$F$147),"10") -> 1 | AJ20: =COUNTIFS(AllMusters25!$Z$15:$Z$147,"I",(AllMusters25!$F$15:$F$147),"11") -> 4 | AK20: =COUNTIFS(AllMusters25!$Z$15:$Z$147,"I",(AllMusters25!$F$15:$F$147),"12") -> 1 | AL20: =(SUM($Z20:$AK20)) -> 24 | AM20: =(SUM(AL20))/SUM($AL$1) -> 0.48979592 | AN20: =SUM(J20,X20,AL20) -> 67 | AO20: =(SUM(AN20))/SUM($AN$2) -> 0.51937984
A21: QFF Maree Primrose | B21: 3 | C21: 4 | D21: 4 | E21: 4 | F21: 4 | G21: 4 | H21: 4 | I21: 2 | J21: =SUM(B21:I21) -> 29 | K21: 0.96666667 | L21: 3 | M21: 4 | N21: 3 | O21: 4 | P21: 3 | Q21: 4 | R21: 2 | S21: 5 | T21: 3 | U21: 4 | V21: 1 | W21: 3 | X21: 39 | Y21: 0.85 | Z21: =COUNTIFS(AllMusters25!$AA$15:$AA$147,"I",(AllMusters25!$F$15:$F$147),"1") -> 3 | AA21: =COUNTIFS(AllMusters25!$AA$15:$AA$147,"I",(AllMusters25!$F$15:$F$147),"2") -> 3 | AB21: =COUNTIFS(AllMusters25!$AA$15:$AA$147,"I",(AllMusters25!$F$15:$F$147),"3") -> 3 | AC21: =COUNTIFS(AllMusters25!$AA$15:$AA$147,"I",(AllMusters25!$F$15:$F$147),"4") -> 3 | AD21: =COUNTIFS(AllMusters25!$AA$15:$AA$147,"I",(AllMusters25!$F$15:$F$147),"5") -> 2 | AE21: =COUNTIFS(AllMusters25!$AA$15:$AA$147,"I",(AllMusters25!$F$15:$F$147),"6") -> 3 | AF21: =COUNTIFS(AllMusters25!$AA$15:$AA$147,"I",(AllMusters25!$F$15:$F$147),"7") -> 2 | AG21: =COUNTIFS(AllMusters25!$AA$15:$AA$147,"I",(AllMusters25!$F$15:$F$147),"8") -> 3 | AH21: =COUNTIFS(AllMusters25!$AA$15:$AA$147,"I",(AllMusters25!$F$15:$F$147),"9") -> 2 | AI21: =COUNTIFS(AllMusters25!$AA$15:$AA$147,"I",(AllMusters25!$F$15:$F$147),"10") -> 4 | AJ21: =COUNTIFS(AllMusters25!$AA$15:$AA$147,"I",(AllMusters25!$F$15:$F$147),"11") -> 2 | AK21: =COUNTIFS(AllMusters25!$AA$15:$AA$147,"I",(AllMusters25!$F$15:$F$147),"12") -> 3 | AL21: =(SUM($Z21:$AK21)) -> 33 | AM21: =(SUM(AL21))/SUM($AL$1) -> 0.67346939 | AN21: =SUM(J21,X21,AL21) -> 101 | AO21: =(SUM(AN21))/SUM($AN$2) -> 0.78294574
A22: QFF Russell Clarke | B22: 1 | C22: 2 | D22: 3 | E22: 1 | F22: 4 | G22: 4 | H22: 3 | I22: 2 | J22: =SUM(B22:I22) -> 20 | K22: 0.7037037 | L22: 3 | M22: 4 | N22: 2 | O22: 5 | P22: 3 | Q22: 4 | R22: 3 | S22: 4 | T22: 3 | U22: 3 | V22: 3 | W22: 3 | X22: 40 | Y22: 0.75 | Z22: =COUNTIFS(AllMusters25!$AB$15:$AB$147,"I",(AllMusters25!$F$15:$F$147),"1") -> 1 | AA22: =COUNTIFS(AllMusters25!$AB$15:$AB$147,"I",(AllMusters25!$F$15:$F$147),"2") -> 2 | AB22: =COUNTIFS(AllMusters25!$AB$15:$AB$147,"I",(AllMusters25!$F$15:$F$147),"3") -> 4 | AC22: =COUNTIFS(AllMusters25!$AB$15:$AB$147,"I",(AllMusters25!$F$15:$F$147),"4") -> 2 | AD22: =COUNTIFS(AllMusters25!$AB$15:$AB$147,"I",(AllMusters25!$F$15:$F$147),"5") -> 3 | AE22: =COUNTIFS(AllMusters25!$AB$15:$AB$147,"I",(AllMusters25!$F$15:$F$147),"6") -> 3 | AF22: =COUNTIFS(AllMusters25!$AB$15:$AB$147,"I",(AllMusters25!$F$15:$F$147),"7") -> 3 | AG22: =COUNTIFS(AllMusters25!$AB$15:$AB$147,"I",(AllMusters25!$F$15:$F$147),"8") -> 4 | AH22: =COUNTIFS(AllMusters25!$AB$15:$AB$147,"I",(AllMusters25!$F$15:$F$147),"9") -> 2 | AI22: =COUNTIFS(AllMusters25!$AB$15:$AB$147,"I",(AllMusters25!$F$15:$F$147),"10") -> 4 | AJ22: =COUNTIFS(AllMusters25!$AB$15:$AB$147,"I",(AllMusters25!$F$15:$F$147),"11") -> 4 | AK22: =COUNTIFS(AllMusters25!$AB$15:$AB$147,"I",(AllMusters25!$F$15:$F$147),"12") -> 3 | AL22: =(SUM($Z22:$AK22)) -> 35 | AM22: =(SUM(AL22))/SUM($AL$1) -> 0.71428571 | AN22: =SUM(J22,X22,AL22) -> 95 | AO22: =(SUM(AN22))/SUM($AN$2) -> 0.73643411
A23: QFF Andrew Bond | B23: 0 | C23: 4 | D23: 3 | E23: 4 | F23: 2 | G23: 3 | H23: 3 | I23: 2 | J23: =SUM(B23:I23) -> 21 | K23: 0.7 | L23: 3 | M23: 4 | N23: 4 | O23: 4 | P23: 3 | Q23: 3 | R23: 3 | S23: 4 | T23: 5 | U23: 3 | V23: 2 | W23: 2 | X23: 40 | Y23: 0.7625 | Z23: =COUNTIFS(AllMusters25!$AC$15:$AC$147,"I",(AllMusters25!$F$15:$F$147),"1") -> 2 | AA23: =COUNTIFS(AllMusters25!$AC$15:$AC$147,"I",(AllMusters25!$F$15:$F$147),"2") -> 3 | AB23: =COUNTIFS(AllMusters25!$AC$15:$AC$147,"I",(AllMusters25!$F$15:$F$147),"3") -> 4 | AC23: =COUNTIFS(AllMusters25!$AC$15:$AC$147,"I",(AllMusters25!$F$15:$F$147),"4") -> 1 | AD23: =COUNTIFS(AllMusters25!$AC$15:$AC$147,"I",(AllMusters25!$F$15:$F$147),"5") -> 2 | AE23: =COUNTIFS(AllMusters25!$AC$15:$AC$147,"I",(AllMusters25!$F$15:$F$147),"6") -> 4 | AF23: =COUNTIFS(AllMusters25!$AC$15:$AC$147,"I",(AllMusters25!$F$15:$F$147),"7") -> 0 | AG23: =COUNTIFS(AllMusters25!$AC$15:$AC$147,"I",(AllMusters25!$F$15:$F$147),"8") -> 0 | AH23: =COUNTIFS(AllMusters25!$AC$15:$AC$147,"I",(AllMusters25!$F$15:$F$147),"9") -> 0 | AI23: =COUNTIFS(AllMusters25!$AC$15:$AC$147,"I",(AllMusters25!$F$15:$F$147),"10") -> 0 | AJ23: =COUNTIFS(AllMusters25!$AC$15:$AC$147,"I",(AllMusters25!$F$15:$F$147),"11") -> 0 | AK23: =COUNTIFS(AllMusters25!$AC$15:$AC$147,"I",(AllMusters25!$F$15:$F$147),"12") -> 0 | AL23: =(SUM($Z23:$AK23)) -> 16 | AM23: =(SUM(AL23))/SUM($AL$1) -> 0.32653061 | AN23: =SUM(J23,X23,AL23) -> 77 | AO23: =(SUM(AN23))/SUM($AN$2) -> 0.59689922
A24: QFF Alan Binnie | B24: 0 | C24: 0 | D24: 0 | E24: 2 | F24: 4 | G24: 0 | H24: 1 | I24: 2 | J24: =SUM(B24:I24) -> 9 | K24: 0.47368421 | L24: 1 | M24: 2 | N24: 2 | O24: 3 | P24: 1 | Q24: 2 | R24: 3 | S24: 3 | T24: 4 | U24: 3 | V24: 2 | W24: 3 | X24: 29 | Y24: 0.475 | Z24: =COUNTIFS(AllMusters25!$AD$15:$AD$147,"I",(AllMusters25!$F$15:$F$147),"1") -> 2 | AA24: =COUNTIFS(AllMusters25!$AD$15:$AD$147,"I",(AllMusters25!$F$15:$F$147),"2") -> 3 | AB24: =COUNTIFS(AllMusters25!$AD$15:$AD$147,"I",(AllMusters25!$F$15:$F$147),"3") -> 3 | AC24: =COUNTIFS(AllMusters25!$AD$15:$AD$147,"I",(AllMusters25!$F$15:$F$147),"4") -> 1 | AD24: =COUNTIFS(AllMusters25!$AD$15:$AD$147,"I",(AllMusters25!$F$15:$F$147),"5") -> 2 | AE24: =COUNTIFS(AllMusters25!$AD$15:$AD$147,"I",(AllMusters25!$F$15:$F$147),"6") -> 3 | AF24: =COUNTIFS(AllMusters25!$AD$15:$AD$147,"I",(AllMusters25!$F$15:$F$147),"7") -> 2 | AG24: =COUNTIFS(AllMusters25!$AD$15:$AD$147,"I",(AllMusters25!$F$15:$F$147),"8") -> 2 | AH24: =COUNTIFS(AllMusters25!$AD$15:$AD$147,"I",(AllMusters25!$F$15:$F$147),"9") -> 2 | AI24: =COUNTIFS(AllMusters25!$AD$15:$AD$147,"I",(AllMusters25!$F$15:$F$147),"10") -> 2 | AJ24: =COUNTIFS(AllMusters25!$AD$15:$AD$147,"I",(AllMusters25!$F$15:$F$147),"11") -> 2 | AK24: =COUNTIFS(AllMusters25!$AD$15:$AD$147,"I",(AllMusters25!$F$15:$F$147),"12") -> 1 | AL24: =(SUM($Z24:$AK24)) -> 25 | AM24: =(SUM(AL24))/SUM($AL$1) -> 0.51020408 | AN24: =SUM(J24,X24,AL24) -> 63 | AO24: =(SUM(AN24))/SUM($AN$2) -> 0.48837209
A25: QFF Josh Pennefather | B25: 3 | C25: 2 | D25: 3 | E25: 3 | F25: 3 | G25: 2 | H25: 2 | I25: 0 | J25: =SUM(B25:I25) -> 18 | K25: 0.6 | L25: 3 | M25: 3 | N25: 3 | O25: 4 | P25: 0 | Q25: 3 | R25: 5 | S25: 4 | T25: 3 | U25: 2 | V25: 3 | W25: 2 | X25: 35 | Y25: 0.6625 | Z25: =COUNTIFS(AllMusters25!$AE$15:$AE$147,"I",(AllMusters25!$F$15:$F$147),"1") -> 3 | AA25: =COUNTIFS(AllMusters25!$AE$15:$AE$147,"I",(AllMusters25!$F$15:$F$147),"2") -> 3 | AB25: =COUNTIFS(AllMusters25!$AE$15:$AE$147,"I",(AllMusters25!$F$15:$F$147),"3") -> 3 | AC25: =COUNTIFS(AllMusters25!$AE$15:$AE$147,"I",(AllMusters25!$F$15:$F$147),"4") -> 3 | AD25: =COUNTIFS(AllMusters25!$AE$15:$AE$147,"I",(AllMusters25!$F$15:$F$147),"5") -> 1 | AE25: =COUNTIFS(AllMusters25!$AE$15:$AE$147,"I",(AllMusters25!$F$15:$F$147),"6") -> 4 | AF25: =COUNTIFS(AllMusters25!$AE$15:$AE$147,"I",(AllMusters25!$F$15:$F$147),"7") -> 2 | AG25: =COUNTIFS(AllMusters25!$AE$15:$AE$147,"I",(AllMusters25!$F$15:$F$147),"8") -> 3 | AH25: =COUNTIFS(AllMusters25!$AE$15:$AE$147,"I",(AllMusters25!$F$15:$F$147),"9") -> 1 | AI25: =COUNTIFS(AllMusters25!$AE$15:$AE$147,"I",(AllMusters25!$F$15:$F$147),"10") -> 2 | AJ25: =COUNTIFS(AllMusters25!$AE$15:$AE$147,"I",(AllMusters25!$F$15:$F$147),"11") -> 4 | AK25: =COUNTIFS(AllMusters25!$AE$15:$AE$147,"I",(AllMusters25!$F$15:$F$147),"12") -> 2 | AL25: =(SUM($Z25:$AK25)) -> 31 | AM25: =(SUM(AL25))/SUM($AL$1) -> 0.63265306 | AN25: =SUM(J25,X25,AL25) -> 84 | AO25: =(SUM(AN25))/SUM($AN$2) -> 0.65116279
A26: QFF Ben Killgour | B26: 2 | C26: 2 | D26: 2 | E26: 4 | F26: 2 | G26: 2 | H26: 1 | I26: 1 | J26: =SUM(B26:I26) -> 16 | K26: 0.53333333 | L26: 1 | M26: 4 | N26: 1 | O26: 4 | P26: 3 | Q26: 3 | R26: 4 | S26: 3 | T26: 4 | U26: 1 | V26: 3 | W26: 1 | X26: 32 | Y26: 0.6 | Z26: =COUNTIFS(AllMusters25!$AF$15:$AF$147,"I",(AllMusters25!$F$15:$F$147),"1") -> 3 | AA26: =COUNTIFS(AllMusters25!$AF$15:$AF$147,"I",(AllMusters25!$F$15:$F$147),"2") -> 1 | AB26: =COUNTIFS(AllMusters25!$AF$15:$AF$147,"I",(AllMusters25!$F$15:$F$147),"3") -> 3 | AC26: =COUNTIFS(AllMusters25!$AF$15:$AF$147,"I",(AllMusters25!$F$15:$F$147),"4") -> 1 | AD26: =COUNTIFS(AllMusters25!$AF$15:$AF$147,"I",(AllMusters25!$F$15:$F$147),"5") -> 2 | AE26: =COUNTIFS(AllMusters25!$AF$15:$AF$147,"I",(AllMusters25!$F$15:$F$147),"6") -> 2 | AF26: =COUNTIFS(AllMusters25!$AF$15:$AF$147,"I",(AllMusters25!$F$15:$F$147),"7") -> 2 | AG26: =COUNTIFS(AllMusters25!$AF$15:$AF$147,"I",(AllMusters25!$F$15:$F$147),"8") -> 3 | AH26: =COUNTIFS(AllMusters25!$AF$15:$AF$147,"I",(AllMusters25!$F$15:$F$147),"9") -> 3 | AI26: =COUNTIFS(AllMusters25!$AF$15:$AF$147,"I",(AllMusters25!$F$15:$F$147),"10") -> 3 | AJ26: =COUNTIFS(AllMusters25!$AF$15:$AF$147,"I",(AllMusters25!$F$15:$F$147),"11") -> 1 | AK26: =COUNTIFS(AllMusters25!$AF$15:$AF$147,"I",(AllMusters25!$F$15:$F$147),"12") -> 3 | AL26: =(SUM($Z26:$AK26)) -> 27 | AM26: =(SUM(AL26))/SUM($AL$1) -> 0.55102041 | AN26: =SUM(J26,X26,AL26) -> 75 | AO26: =(SUM(AN26))/SUM($AN$2) -> 0.58139535
A27: QFF Dallas Steele | B27: 2 | C27: 4 | D27: 3 | E27: 5 | F27: 4 | G27: 3 | H27: 3 | I27: 2 | J27: =SUM(B27:I27) -> 26 | K27: 0.86666667 | L27: 2 | M27: 4 | N27: 3 | O27: 2 | P27: 2 | Q27: 4 | R27: 4 | S27: 2 | T27: 2 | U27: 1 | V27: 2 | W27: 1 | X27: 29 | Y27: 0.6875 | Z27: =COUNTIFS(AllMusters25!$AG$15:$AG$147,"I",(AllMusters25!$F$15:$F$147),"1") -> 1 | AA27: =COUNTIFS(AllMusters25!$AG$15:$AG$147,"I",(AllMusters25!$F$15:$F$147),"2") -> 2 | AB27: =COUNTIFS(AllMusters25!$AG$15:$AG$147,"I",(AllMusters25!$F$15:$F$147),"3") -> 3 | AC27: =COUNTIFS(AllMusters25!$AG$15:$AG$147,"I",(AllMusters25!$F$15:$F$147),"4") -> 3 | AD27: =COUNTIFS(AllMusters25!$AG$15:$AG$147,"I",(AllMusters25!$F$15:$F$147),"5") -> 2 | AE27: =COUNTIFS(AllMusters25!$AG$15:$AG$147,"I",(AllMusters25!$F$15:$F$147),"6") -> 4 | AF27: =COUNTIFS(AllMusters25!$AG$15:$AG$147,"I",(AllMusters25!$F$15:$F$147),"7") -> 1 | AG27: =COUNTIFS(AllMusters25!$AG$15:$AG$147,"I",(AllMusters25!$F$15:$F$147),"8") -> 3 | AH27: =COUNTIFS(AllMusters25!$AG$15:$AG$147,"I",(AllMusters25!$F$15:$F$147),"9") -> 2 | AI27: =COUNTIFS(AllMusters25!$AG$15:$AG$147,"I",(AllMusters25!$F$15:$F$147),"10") -> 2 | AJ27: =COUNTIFS(AllMusters25!$AG$15:$AG$147,"I",(AllMusters25!$F$15:$F$147),"11") -> 2 | AK27: =COUNTIFS(AllMusters25!$AG$15:$AG$147,"I",(AllMusters25!$F$15:$F$147),"12") -> 3 | AL27: =(SUM($Z27:$AK27)) -> 28 | AM27: =(SUM(AL27))/SUM($AL$1) -> 0.57142857 | AN27: =SUM(J27,X27,AL27) -> 83 | AO27: =(SUM(AN27))/SUM($AN$2) -> 0.64341085
A28: QFF Nick Grayson | B28: 2 | C28: 4 | D28: 4 | E28: 5 | F28: 4 | G28: 3 | H28: 4 | I28: 2 | J28: =SUM(B28:I28) -> 28 | K28: 0.93333333 | L28: 3 | M28: 3 | N28: 4 | O28: 5 | P28: 4 | Q28: 3 | R28: 5 | S28: 5 | T28: 4 | U28: 4 | V28: 4 | W28: 3 | X28: 47 | Y28: 0.9375 | Z28: =COUNTIFS(AllMusters25!$AH$15:$AH$147,"I",(AllMusters25!$F$15:$F$147),"1") -> 3 | AA28: =COUNTIFS(AllMusters25!$AH$15:$AH$147,"I",(AllMusters25!$F$15:$F$147),"2") -> 3 | AB28: =COUNTIFS(AllMusters25!$AH$15:$AH$147,"I",(AllMusters25!$F$15:$F$147),"3") -> 0 | AC28: =COUNTIFS(AllMusters25!$AH$15:$AH$147,"I",(AllMusters25!$F$15:$F$147),"4") -> 2 | AD28: =COUNTIFS(AllMusters25!$AH$15:$AH$147,"I",(AllMusters25!$F$15:$F$147),"5") -> 0 | AE28: =COUNTIFS(AllMusters25!$AH$15:$AH$147,"I",(AllMusters25!$F$15:$F$147),"6") -> 4 | AF28: =COUNTIFS(AllMusters25!$AH$15:$AH$147,"I",(AllMusters25!$F$15:$F$147),"7") -> 4 | AG28: =COUNTIFS(AllMusters25!$AH$15:$AH$147,"I",(AllMusters25!$F$15:$F$147),"8") -> 4 | AH28: =COUNTIFS(AllMusters25!$AH$15:$AH$147,"I",(AllMusters25!$F$15:$F$147),"9") -> 5 | AI28: =COUNTIFS(AllMusters25!$AH$15:$AH$147,"I",(AllMusters25!$F$15:$F$147),"10") -> 4 | AJ28: =COUNTIFS(AllMusters25!$AH$15:$AH$147,"I",(AllMusters25!$F$15:$F$147),"11") -> 3 | AK28: =COUNTIFS(AllMusters25!$AH$15:$AH$147,"I",(AllMusters25!$F$15:$F$147),"12") -> 3 | AL28: =(SUM($Z28:$AK28)) -> 35 | AM28: =(SUM(AL28))/SUM($AL$1) -> 0.71428571 | AN28: =SUM(J28,X28,AL28) -> 110 | AO28: =(SUM(AN28))/SUM($AN$2) -> 0.85271318
A29: QFF Jason Court | B29: 0 | C29: 3 | D29: 3 | E29: 2 | F29: 4 | G29: 3 | H29: 4 | I29: 2 | J29: =SUM(B29:I29) -> 21 | K29: 0.7 | L29: 0 | M29: 2 | N29: 3 | O29: 5 | P29: 4 | Q29: 3 | R29: 3 | S29: 2 | T29: 4 | U29: 4 | V29: 4 | W29: 3 | X29: 37 | Y29: 0.725 | Z29: =COUNTIFS(AllMusters25!$AI$15:$AI$147,"I",(AllMusters25!$F$15:$F$147),"1") -> 0 | AA29: =COUNTIFS(AllMusters25!$AI$15:$AI$147,"I",(AllMusters25!$F$15:$F$147),"2") -> 3 | AB29: =COUNTIFS(AllMusters25!$AI$15:$AI$147,"I",(AllMusters25!$F$15:$F$147),"3") -> 5 | AC29: =COUNTIFS(AllMusters25!$AI$15:$AI$147,"I",(AllMusters25!$F$15:$F$147),"4") -> 3 | AD29: =COUNTIFS(AllMusters25!$AI$15:$AI$147,"I",(AllMusters25!$F$15:$F$147),"5") -> 3 | AE29: =COUNTIFS(AllMusters25!$AI$15:$AI$147,"I",(AllMusters25!$F$15:$F$147),"6") -> 5 | AF29: =COUNTIFS(AllMusters25!$AI$15:$AI$147,"I",(AllMusters25!$F$15:$F$147),"7") -> 2 | AG29: =COUNTIFS(AllMusters25!$AI$15:$AI$147,"I",(AllMusters25!$F$15:$F$147),"8") -> 3 | AH29: =COUNTIFS(AllMusters25!$AI$15:$AI$147,"I",(AllMusters25!$F$15:$F$147),"9") -> 5 | AI29: =COUNTIFS(AllMusters25!$AI$15:$AI$147,"I",(AllMusters25!$F$15:$F$147),"10") -> 4 | AJ29: =COUNTIFS(AllMusters25!$AI$15:$AI$147,"I",(AllMusters25!$F$15:$F$147),"11") -> 2 | AK29: =COUNTIFS(AllMusters25!$AI$15:$AI$147,"I",(AllMusters25!$F$15:$F$147),"12") -> 3 | AL29: =(SUM($Z29:$AK29)) -> 38 | AM29: =(SUM(AL29))/SUM($AL$1) -> 0.7755102 | AN29: =SUM(J29,X29,AL29) -> 96 | AO29: =(SUM(AN29))/SUM($AN$2) -> 0.74418605
A30: QFF Crystal McConchie | C30: 1 | D30: 2 | E30: 3 | F30: 3 | G30: 3 | H30: 3 | I30: 1 | J30: =SUM(B30:I30) -> 16 | K30: 0.59259259 | L30: 2 | M30: 1 | N30: 1 | O30: 3 | P30: 3 | Q30: 2 | R30: 2 | S30: 4 | T30: 3 | U30: 3 | V30: 2 | W30: 0 | X30: 26 | Y30: 0.525 | Z30: =COUNTIFS(AllMusters25!$AJ$15:$AJ$147,"I",(AllMusters25!$F$15:$F$147),"1") -> 1 | AA30: =COUNTIFS(AllMusters25!$AJ$15:$AJ$147,"I",(AllMusters25!$F$15:$F$147),"2") -> 2 | AB30: =COUNTIFS(AllMusters25!$AJ$15:$AJ$147,"I",(AllMusters25!$F$15:$F$147),"3") -> 4 | AC30: =COUNTIFS(AllMusters25!$AJ$15:$AJ$147,"I",(AllMusters25!$F$15:$F$147),"4") -> 0 | AD30: =COUNTIFS(AllMusters25!$AJ$15:$AJ$147,"I",(AllMusters25!$F$15:$F$147),"5") -> 3 | AE30: =COUNTIFS(AllMusters25!$AJ$15:$AJ$147,"I",(AllMusters25!$F$15:$F$147),"6") -> 2 | AF30: =COUNTIFS(AllMusters25!$AJ$15:$AJ$147,"I",(AllMusters25!$F$15:$F$147),"7") -> 1 | AG30: =COUNTIFS(AllMusters25!$AJ$15:$AJ$147,"I",(AllMusters25!$F$15:$F$147),"8") -> 2 | AH30: =COUNTIFS(AllMusters25!$AJ$15:$AJ$147,"I",(AllMusters25!$F$15:$F$147),"9") -> 4 | AI30: =COUNTIFS(AllMusters25!$AJ$15:$AJ$147,"I",(AllMusters25!$F$15:$F$147),"10") -> 0 | AJ30: =COUNTIFS(AllMusters25!$AJ$15:$AJ$147,"I",(AllMusters25!$F$15:$F$147),"11") -> 2 | AK30: =COUNTIFS(AllMusters25!$AJ$15:$AJ$147,"I",(AllMusters25!$F$15:$F$147),"12") -> 2 | AL30: =(SUM($Z30:$AK30)) -> 23 | AM30: =(SUM(AL30))/SUM($AL$1) -> 0.46938776 | AN30: =SUM(J30,X30,AL30) -> 65 | AO30: =(SUM(AN30))/SUM($AN$2) -> 0.50387597
A31: FF Jimmy Doyle | B31: 1 | C31: 3 | D31: 2 | E31: 0 | F31: 0 | G31: 2 | H31: 2 | I31: 2 | J31: =SUM(B31:I31) -> 12 | K31: 0.4 | L31: 3 | M31: 1 | N31: 3 | O31: 3 | P31: 4 | Q31: 2 | R31: 4 | S31: 0 | T31: 0 | U31: 1 | V31: 2 | W31: 0 | X31: 23 | Y31: 0.4375 | Z31: =COUNTIFS(AllMusters25!$AK$15:$AK$147,"I",(AllMusters25!$F$15:$F$147),"1") -> 0 | AA31: =COUNTIFS(AllMusters25!$AK$15:$AK$147,"I",(AllMusters25!$F$15:$F$147),"2") -> 0 | AB31: =COUNTIFS(AllMusters25!$AK$15:$AK$147,"I",(AllMusters25!$F$15:$F$147),"3") -> 4 | AC31: =COUNTIFS(AllMusters25!$AK$15:$AK$147,"I",(AllMusters25!$F$15:$F$147),"4") -> 3 | AD31: =COUNTIFS(AllMusters25!$AK$15:$AK$147,"I",(AllMusters25!$F$15:$F$147),"5") -> 3 | AE31: =COUNTIFS(AllMusters25!$AK$15:$AK$147,"I",(AllMusters25!$F$15:$F$147),"6") -> 5 | AF31: =COUNTIFS(AllMusters25!$AK$15:$AK$147,"I",(AllMusters25!$F$15:$F$147),"7") -> 3 | AG31: =COUNTIFS(AllMusters25!$AK$15:$AK$147,"I",(AllMusters25!$F$15:$F$147),"8") -> 3 | AH31: =COUNTIFS(AllMusters25!$AK$15:$AK$147,"I",(AllMusters25!$F$15:$F$147),"9") -> 4 | AI31: =COUNTIFS(AllMusters25!$AK$15:$AK$147,"I",(AllMusters25!$F$15:$F$147),"10") -> 3 | AJ31: =COUNTIFS(AllMusters25!$AK$15:$AK$147,"I",(AllMusters25!$F$15:$F$147),"11") -> 2 | AK31: =COUNTIFS(AllMusters25!$AK$15:$AK$147,"I",(AllMusters25!$F$15:$F$147),"12") -> 3 | AL31: =(SUM($Z31:$AK31)) -> 33 | AM31: =(SUM(AL31))/SUM($AL$1) -> 0.67346939 | AN31: =SUM(J31,X31,AL31) -> 68 | AO31: =(SUM(AN31))/SUM($AN$2) -> 0.52713178
A32: FF Dimmy Bell-Kainiu | B32: 1 | C32: 4 | D32: 4 | E32: 5 | F32: 4 | G32: 4 | H32: 4 | I32: 2 | J32: =SUM(B32:I32) -> 28 | K32: 0.93333333 | L32: 3 | M32: 4 | N32: 4 | O32: 5 | P32: 4 | Q32: 3 | R32: 3 | S32: 5 | T32: 5 | U32: 4 | V32: 4 | W32: 3 | X32: 47 | Y32: 0.9375 | Z32: =COUNTIFS(AllMusters25!$AL$15:$AL$147,"I",(AllMusters25!$F$15:$F$147),"1") -> 3 | AA32: =COUNTIFS(AllMusters25!$AL$15:$AL$147,"I",(AllMusters25!$F$15:$F$147),"2") -> 3 | AB32: =COUNTIFS(AllMusters25!$AL$15:$AL$147,"I",(AllMusters25!$F$15:$F$147),"3") -> 5 | AC32: =COUNTIFS(AllMusters25!$AL$15:$AL$147,"I",(AllMusters25!$F$15:$F$147),"4") -> 4 | AD32: =COUNTIFS(AllMusters25!$AL$15:$AL$147,"I",(AllMusters25!$F$15:$F$147),"5") -> 4 | AE32: =COUNTIFS(AllMusters25!$AL$15:$AL$147,"I",(AllMusters25!$F$15:$F$147),"6") -> 3 | AF32: =COUNTIFS(AllMusters25!$AL$15:$AL$147,"I",(AllMusters25!$F$15:$F$147),"7") -> 4 | AG32: =COUNTIFS(AllMusters25!$AL$15:$AL$147,"I",(AllMusters25!$F$15:$F$147),"8") -> 3 | AH32: =COUNTIFS(AllMusters25!$AL$15:$AL$147,"I",(AllMusters25!$F$15:$F$147),"9") -> 4 | AI32: =COUNTIFS(AllMusters25!$AL$15:$AL$147,"I",(AllMusters25!$F$15:$F$147),"10") -> 2 | AJ32: =COUNTIFS(AllMusters25!$AL$15:$AL$147,"I",(AllMusters25!$F$15:$F$147),"11") -> 4 | AK32: =COUNTIFS(AllMusters25!$AL$15:$AL$147,"I",(AllMusters25!$F$15:$F$147),"12") -> 3 | AL32: =(SUM($Z32:$AK32)) -> 42 | AM32: =(SUM(AL32))/SUM($AL$1) -> 0.85714286 | AN32: =SUM(J32,X32,AL32) -> 117 | AO32: =(SUM(AN32))/SUM($AN$2) -> 0.90697674
A33: FF Mitch Court | B33: 2 | C33: 4 | D33: 4 | E33: 5 | F33: 3 | G33: 4 | H33: 4 | I33: 2 | J33: =SUM(B33:I33) -> 28 | K33: 0.93333333 | L33: 3 | M33: 2 | N33: 3 | O33: 5 | P33: 2 | Q33: 3 | R33: 3 | S33: 4 | T33: 2 | U33: 0 | V33: 4 | W33: 3 | X33: 8 | Y33: 0.45 | Z33: =COUNTIFS(AllMusters25!$AM$15:$AM$147,"I",(AllMusters25!$F$15:$F$147),"1") -> 2 | AA33: =COUNTIFS(AllMusters25!$AM$15:$AM$147,"I",(AllMusters25!$F$15:$F$147),"2") -> 4 | AB33: =COUNTIFS(AllMusters25!$AM$15:$AM$147,"I",(AllMusters25!$F$15:$F$147),"3") -> 5 | AC33: =COUNTIFS(AllMusters25!$AM$15:$AM$147,"I",(AllMusters25!$F$15:$F$147),"4") -> 1 | AD33: =COUNTIFS(AllMusters25!$AM$15:$AM$147,"I",(AllMusters25!$F$15:$F$147),"5") -> 0 | AE33: =COUNTIFS(AllMusters25!$AM$15:$AM$147,"I",(AllMusters25!$F$15:$F$147),"6") -> 5 | AF33: =COUNTIFS(AllMusters25!$AM$15:$AM$147,"I",(AllMusters25!$F$15:$F$147),"7") -> 2 | AG33: =COUNTIFS(AllMusters25!$AM$15:$AM$147,"I",(AllMusters25!$F$15:$F$147),"8") -> 4 | AH33: =COUNTIFS(AllMusters25!$AM$15:$AM$147,"I",(AllMusters25!$F$15:$F$147),"9") -> 5 | AI33: =COUNTIFS(AllMusters25!$AM$15:$AM$147,"I",(AllMusters25!$F$15:$F$147),"10") -> 4 | AJ33: =COUNTIFS(AllMusters25!$AM$15:$AM$147,"I",(AllMusters25!$F$15:$F$147),"11") -> 3 | AK33: =COUNTIFS(AllMusters25!$AM$15:$AM$147,"I",(AllMusters25!$F$15:$F$147),"12") -> 3 | AL33: =(SUM($Z33:$AK33)) -> 38 | AM33: =(SUM(AL33))/SUM($AL$1) -> 0.7755102 | AN33: =SUM(J33,X33,AL33) -> 74 | AO33: =(SUM(AN33))/SUM($AN$2) -> 0.57364341
A34: FF James O'Hare | F34: 4 | G34: 3 | H34: 4 | I34: 1 | J34: =SUM(B34:I34) -> 12 | K34: 0.85714286 | L34: 1 | M34: 1 | N34: 0 | O34: 3 | P34: 3 | Q34: 4 | R34: 5 | S34: 4 | T34: 2 | U34: 2 | V34: 3 | W34: 3 | X34: 2 | Y34: 0.175 | Z34: =COUNTIFS(AllMusters25!$AN$15:$AN$147,"I",(AllMusters25!$F$15:$F$147),"1") -> 2 | AA34: =COUNTIFS(AllMusters25!$AN$15:$AN$147,"I",(AllMusters25!$F$15:$F$147),"2") -> 2 | AB34: =COUNTIFS(AllMusters25!$AN$15:$AN$147,"I",(AllMusters25!$F$15:$F$147),"3") -> 2 | AC34: =COUNTIFS(AllMusters25!$AN$15:$AN$147,"I",(AllMusters25!$F$15:$F$147),"4") -> 4 | AD34: =COUNTIFS(AllMusters25!$AN$15:$AN$147,"I",(AllMusters25!$F$15:$F$147),"5") -> 2 | AE34: =COUNTIFS(AllMusters25!$AN$15:$AN$147,"I",(AllMusters25!$F$15:$F$147),"6") -> 4 | AF34: =COUNTIFS(AllMusters25!$AN$15:$AN$147,"I",(AllMusters25!$F$15:$F$147),"7") -> 3 | AG34: =COUNTIFS(AllMusters25!$AN$15:$AN$147,"I",(AllMusters25!$F$15:$F$147),"8") -> 3 | AH34: =COUNTIFS(AllMusters25!$AN$15:$AN$147,"I",(AllMusters25!$F$15:$F$147),"9") -> 3 | AI34: =COUNTIFS(AllMusters25!$AN$15:$AN$147,"I",(AllMusters25!$F$15:$F$147),"10") -> 3 | AJ34: =COUNTIFS(AllMusters25!$AN$15:$AN$147,"I",(AllMusters25!$F$15:$F$147),"11") -> 2 | AK34: =COUNTIFS(AllMusters25!$AN$15:$AN$147,"I",(AllMusters25!$F$15:$F$147),"12") -> 2 | AL34: =(SUM($Z34:$AK34)) -> 32 | AM34: =(SUM(AL34))/SUM($AL$1) -> 0.65306122 | AN34: =SUM(J34,X34,AL34) -> 46 | AO34: =(SUM(AN34))/SUM($AN$2) -> 0.35658915
A35: FF Kaitlyn Evans | N35: - | O35: 5 | P35: 4 | Q35: 3 | R35: 4 | S35: 4 | T35: 3 | U35: 3 | V35: 2 | W35: 3 | X35: 31 | Y35: 0.62 | Z35: =COUNTIFS(AllMusters25!$AO$15:$AO$147,"I",(AllMusters25!$F$15:$F$147),"1") -> 2 | AA35: =COUNTIFS(AllMusters25!$AO$15:$AO$147,"I",(AllMusters25!$F$15:$F$147),"2") -> 3 | AB35: =COUNTIFS(AllMusters25!$AO$15:$AO$147,"I",(AllMusters25!$F$15:$F$147),"3") -> 5 | AC35: =COUNTIFS(AllMusters25!$AO$15:$AO$147,"I",(AllMusters25!$F$15:$F$147),"4") -> 4 | AD35: =COUNTIFS(AllMusters25!$AO$15:$AO$147,"I",(AllMusters25!$F$15:$F$147),"5") -> 2 | AE35: =COUNTIFS(AllMusters25!$AO$15:$AO$147,"I",(AllMusters25!$F$15:$F$147),"6") -> 5 | AF35: =COUNTIFS(AllMusters25!$AO$15:$AO$147,"I",(AllMusters25!$F$15:$F$147),"7") -> 2 | AG35: =COUNTIFS(AllMusters25!$AO$15:$AO$147,"I",(AllMusters25!$F$15:$F$147),"8") -> 4 | AH35: =COUNTIFS(AllMusters25!$AO$15:$AO$147,"I",(AllMusters25!$F$15:$F$147),"9") -> 4 | AI35: =COUNTIFS(AllMusters25!$AO$15:$AO$147,"I",(AllMusters25!$F$15:$F$147),"10") -> 2 | AJ35: =COUNTIFS(AllMusters25!$AO$15:$AO$147,"I",(AllMusters25!$F$15:$F$147),"11") -> 3 | AK35: =COUNTIFS(AllMusters25!$AO$15:$AO$147,"I",(AllMusters25!$F$15:$F$147),"12") -> 2 | AL35: =(SUM($Z35:$AK35)) -> 38 | AM35: =(SUM(AL35))/SUM($AL$1) -> 0.7755102 | AN35: =SUM(J35,X35,AL35) -> 69 | AO35: =(SUM(AN35))/SUM($AN$2) -> 0.53488372
A36: FF Jaime Moore | N36: - | U36: 3 | V36: 4 | W36: 3 | X36: 10 | Y36: 0.2 | Z36: =COUNTIFS(AllMusters25!$AP$15:$AP$147,"I",(AllMusters25!$F$15:$F$147),"1") -> 3 | AA36: =COUNTIFS(AllMusters25!$AP$15:$AP$147,"I",(AllMusters25!$F$15:$F$147),"2") -> 3 | AB36: =COUNTIFS(AllMusters25!$AP$15:$AP$147,"I",(AllMusters25!$F$15:$F$147),"3") -> 5 | AC36: =COUNTIFS(AllMusters25!$AP$15:$AP$147,"I",(AllMusters25!$F$15:$F$147),"4") -> 3 | AD36: =COUNTIFS(AllMusters25!$AP$15:$AP$147,"I",(AllMusters25!$F$15:$F$147),"5") -> 1 | AE36: =COUNTIFS(AllMusters25!$AP$15:$AP$147,"I",(AllMusters25!$F$15:$F$147),"6") -> 5 | AF36: =COUNTIFS(AllMusters25!$AP$15:$AP$147,"I",(AllMusters25!$F$15:$F$147),"7") -> 2 | AG36: =COUNTIFS(AllMusters25!$AP$15:$AP$147,"I",(AllMusters25!$F$15:$F$147),"8") -> 2 | AH36: =COUNTIFS(AllMusters25!$AP$15:$AP$147,"I",(AllMusters25!$F$15:$F$147),"9") -> 3 | AI36: =COUNTIFS(AllMusters25!$AP$15:$AP$147,"I",(AllMusters25!$F$15:$F$147),"10") -> 3 | AJ36: =COUNTIFS(AllMusters25!$AP$15:$AP$147,"I",(AllMusters25!$F$15:$F$147),"11") -> 3 | AK36: =COUNTIFS(AllMusters25!$AP$15:$AP$147,"I",(AllMusters25!$F$15:$F$147),"12") -> 3 | AL36: =(SUM($Z36:$AK36)) -> 36 | AM36: =(SUM(AL36))/SUM($AL$1) -> 0.73469388 | AN36: =SUM(J36,X36,AL36) -> 46 | AO36: =(SUM($AL36,$X36))/SUM($AL$1,$T$1:$W$1) -> 0.70769231
A37: FF Torrens Butcher | N37: - | U37: 2 | V37: 3 | W37: 2 | X37: 7 | Y37: 0.14 | Z37: =COUNTIFS(AllMusters25!$AQ$15:$AQ$147,"I",(AllMusters25!$F$15:$F$147),"1") -> 2 | AA37: =COUNTIFS(AllMusters25!$AQ$15:$AQ$147,"I",(AllMusters25!$F$15:$F$147),"2") -> 4 | AB37: =COUNTIFS(AllMusters25!$AQ$15:$AQ$147,"I",(AllMusters25!$F$15:$F$147),"3") -> 5 | AC37: =COUNTIFS(AllMusters25!$AQ$15:$AQ$147,"I",(AllMusters25!$F$15:$F$147),"4") -> 4 | AD37: =COUNTIFS(AllMusters25!$AQ$15:$AQ$147,"I",(AllMusters25!$F$15:$F$147),"5") -> 3 | AE37: =COUNTIFS(AllMusters25!$AQ$15:$AQ$147,"I",(AllMusters25!$F$15:$F$147),"6") -> 3 | AF37: =COUNTIFS(AllMusters25!$AQ$15:$AQ$147,"I",(AllMusters25!$F$15:$F$147),"7") -> 4 | AG37: =COUNTIFS(AllMusters25!$AQ$15:$AQ$147,"I",(AllMusters25!$F$15:$F$147),"8") -> 4 | AH37: =COUNTIFS(AllMusters25!$AQ$15:$AQ$147,"I",(AllMusters25!$F$15:$F$147),"9") -> 5 | AI37: =COUNTIFS(AllMusters25!$AQ$15:$AQ$147,"I",(AllMusters25!$F$15:$F$147),"10") -> 4 | AJ37: =COUNTIFS(AllMusters25!$AQ$15:$AQ$147,"I",(AllMusters25!$F$15:$F$147),"11") -> 2 | AK37: =COUNTIFS(AllMusters25!$AQ$15:$AQ$147,"I",(AllMusters25!$F$15:$F$147),"12") -> 1 | AL37: =(SUM($Z37:$AK37)) -> 41 | AM37: =(SUM(AL37))/SUM($AL$1) -> 0.83673469 | AN37: =SUM(J37,X37,AL37) -> 48 | AO37: =(SUM($AL37,$X37))/SUM($AL$1,$T$1:$W$1) -> 0.73846154
A38: FF Matt Humber | N38: - | U38: 2 | V38: 4 | W38: 2 | X38: 8 | Y38: 0.16 | Z38: =COUNTIFS(AllMusters25!$AR$15:$AR$147,"I",(AllMusters25!$F$15:$F$147),"1") -> 2 | AA38: =COUNTIFS(AllMusters25!$AR$15:$AR$147,"I",(AllMusters25!$F$15:$F$147),"2") -> 4 | AB38: =COUNTIFS(AllMusters25!$AR$15:$AR$147,"I",(AllMusters25!$F$15:$F$147),"3") -> 5 | AC38: =COUNTIFS(AllMusters25!$AR$15:$AR$147,"I",(AllMusters25!$F$15:$F$147),"4") -> 4 | AD38: =COUNTIFS(AllMusters25!$AR$15:$AR$147,"I",(AllMusters25!$F$15:$F$147),"5") -> 3 | AE38: =COUNTIFS(AllMusters25!$AR$15:$AR$147,"I",(AllMusters25!$F$15:$F$147),"6") -> 3 | AF38: =COUNTIFS(AllMusters25!$AR$15:$AR$147,"I",(AllMusters25!$F$15:$F$147),"7") -> 2 | AG38: =COUNTIFS(AllMusters25!$AR$15:$AR$147,"I",(AllMusters25!$F$15:$F$147),"8") -> 3 | AH38: =COUNTIFS(AllMusters25!$AR$15:$AR$147,"I",(AllMusters25!$F$15:$F$147),"9") -> 3 | AI38: =COUNTIFS(AllMusters25!$AR$15:$AR$147,"I",(AllMusters25!$F$15:$F$147),"10") -> 3 | AJ38: =COUNTIFS(AllMusters25!$AR$15:$AR$147,"I",(AllMusters25!$F$15:$F$147),"11") -> 3 | AK38: =COUNTIFS(AllMusters25!$AR$15:$AR$147,"I",(AllMusters25!$F$15:$F$147),"12") -> 3 | AL38: =(SUM($Z38:$AK38)) -> 38 | AM38: =(SUM(AL38))/SUM($AL$1) -> 0.7755102 | AN38: =SUM(J38,X38,AL38) -> 46 | AO38: =(SUM($AL38,$X38))/SUM($AL$1,$T$1:$W$1) -> 0.70769231
A39: RFF Leone Humber | H39: 4 | I39: 2 | J39: =SUM(B39:I39) -> 6 | K39: 0.42857143 | L39: 3 | M39: 4 | N39: 4 | O39: 2 | P39: 2 | Q39: 0 | R39: 0 | S39: 0 | T39: 0 | U39: 0 | V39: 2 | W39: 0 | X39: 11 | Y39: 0.2125 | Z39: =COUNTIFS(AllMusters25!$AS$15:$AS$147,"I",(AllMusters25!$F$15:$F$147),"1") -> 1 | AA39: =COUNTIFS(AllMusters25!$AS$15:$AS$147,"I",(AllMusters25!$F$15:$F$147),"2") -> 3 | AB39: =COUNTIFS(AllMusters25!$AS$15:$AS$147,"I",(AllMusters25!$F$15:$F$147),"3") -> 3 | AC39: =COUNTIFS(AllMusters25!$AS$15:$AS$147,"I",(AllMusters25!$F$15:$F$147),"4") -> 2 | AD39: =COUNTIFS(AllMusters25!$AS$15:$AS$147,"I",(AllMusters25!$F$15:$F$147),"5") -> 3 | AE39: =COUNTIFS(AllMusters25!$AS$15:$AS$147,"I",(AllMusters25!$F$15:$F$147),"6") -> 4 | AF39: =COUNTIFS(AllMusters25!$AS$15:$AS$147,"I",(AllMusters25!$F$15:$F$147),"7") -> 0 | AG39: =COUNTIFS(AllMusters25!$AS$15:$AS$147,"I",(AllMusters25!$F$15:$F$147),"8") -> 0 | AH39: =COUNTIFS(AllMusters25!$AS$15:$AS$147,"I",(AllMusters25!$F$15:$F$147),"9") -> 0 | AI39: =COUNTIFS(AllMusters25!$AS$15:$AS$147,"I",(AllMusters25!$F$15:$F$147),"10") -> 0 | AJ39: =COUNTIFS(AllMusters25!$AS$15:$AS$147,"I",(AllMusters25!$F$15:$F$147),"11") -> 0 | AK39: =COUNTIFS(AllMusters25!$AS$15:$AS$147,"I",(AllMusters25!$F$15:$F$147),"12") -> 0 | AL39: =(SUM($Z39:$AK39)) -> 16 | AM39: =(SUM(AL39))/SUM($AL$1) -> 0.32653061 | AN39: =SUM(J39,X39,AL39) -> 33 | AO39: =(SUM(AN39))/SUM($AN$2) -> 0.25581395
A40: RFF Joel Robbins | AD40: =COUNTIFS(AllMusters25!$AT$15:$AT$147,"I",(AllMusters25!$F$15:$F$147),"5") -> 3 | AE40: =COUNTIFS(AllMusters25!$AT$15:$AT$147,"I",(AllMusters25!$F$15:$F$147),"6") -> 5 | AF40: =COUNTIFS(AllMusters25!$AT$15:$AT$147,"I",(AllMusters25!$F$15:$F$147),"7") -> 3 | AG40: =COUNTIFS(AllMusters25!$AT$15:$AT$147,"I",(AllMusters25!$F$15:$F$147),"8") -> 4 | AH40: =COUNTIFS(AllMusters25!$AT$15:$AT$147,"I",(AllMusters25!$F$15:$F$147),"9") -> 5 | AI40: =COUNTIFS(AllMusters25!$AT$15:$AT$147,"I",(AllMusters25!$F$15:$F$147),"10") -> 4 | AJ40: =COUNTIFS(AllMusters25!$AT$15:$AT$147,"I",(AllMusters25!$F$15:$F$147),"11") -> 4 | AK40: =COUNTIFS(AllMusters25!$AT$15:$AT$147,"I",(AllMusters25!$F$15:$F$147),"12") -> 3 | AL40: =(SUM($Z40:$AK40)) -> 31 | AM40: =(SUM(AL40))/SUM($AD$1:$AK$1) -> 0.93939394 | AN40: =SUM(J40,X40,AL40) -> 31 | AO40: =(SUM($AL40)/SUM($AD$1:$AK$1)) -> 0.93939394
A41: RFF Tracey Brownlee | AH41: =COUNTIFS(AllMusters25!$AU$15:$AU$147,"I",(AllMusters25!$F$15:$F$147),"9") -> 3 | AI41: =COUNTIFS(AllMusters25!$AU$15:$AU$147,"I",(AllMusters25!$F$15:$F$147),"10") -> 4 | AJ41: =COUNTIFS(AllMusters25!$AU$15:$AU$147,"I",(AllMusters25!$F$15:$F$147),"11") -> 2 | AK41: =COUNTIFS(AllMusters25!$AU$15:$AU$147,"I",(AllMusters25!$F$15:$F$147),"12") -> 3 | AL41: =(SUM($AH41:$AK41)) -> 12 | AM41: =(SUM(AL41))/SUM($AH$1:$AK$1) -> 0.75 | AN41: =SUM(J41,X41,AL41) -> 12 | AO41: =(SUM($AL41)/SUM($AH$1:$AK$1)) -> 0.75
A42: RFF Sacha Hoole | AH42: =COUNTIFS(AllMusters25!$AV$15:$AV$147,"I",(AllMusters25!$F$15:$F$147),"9") -> 3 | AI42: =COUNTIFS(AllMusters25!$AV$15:$AV$147,"I",(AllMusters25!$F$15:$F$147),"10") -> 2 | AJ42: =COUNTIFS(AllMusters25!$AV$15:$AV$147,"I",(AllMusters25!$F$15:$F$147),"11") -> 4 | AK42: =COUNTIFS(AllMusters25!$AV$15:$AV$147,"I",(AllMusters25!$F$15:$F$147),"12") -> 3 | AL42: =(SUM($AH42:$AK42)) -> 12 | AM42: =(SUM(AL42))/SUM($AH$1:$AK$1) -> 0.75 | AN42: =SUM(J42,X42,AL42) -> 12 | AO42: =(SUM($AL42)/SUM($AH$1:$AK$1)) -> 0.75
A43: RFF Callum Reid | AJ43: 2 | AK43: =COUNTIFS(AllMusters25!$AV$15:$AV$147,"I",(AllMusters25!$F$15:$F$147),"12") -> 3 | AL43: =(SUM($AH43:$AK43)) -> 5 | AM43: =(SUM(AL43))/SUM($AH$1:$AK$1) -> 0.3125 | AN43: =SUM(J43,X43,AL43) -> 5 | AO43: =(SUM($AL43)/SUM($AH$1:$AK$1)) -> 0.3125
A44: RFF Jack Piggott Newton | B44: 2 | C44: 2 | D44: 3 | E44: 3 | F44: 1 | G44: 4 | H44: 3 | I44: 2 | J44: 20 | K44: 0.67 | L44: 1 | M44: 2 | N44: 2 | O44: 1 | P44: 2 | Q44: 2 | R44: 1 | S44: 0 | X44: 11 | Y44: 0.47 | AJ44: 2 | AK44: =COUNTIFS(AllMusters25!$AH$15:$AH$147,"I",(AllMusters25!$F$15:$F$147),"12") -> 3 | AL44: =(SUM($Z44:$AK44)) -> 5 | AM44: =(SUM(AL44))/SUM($AL$1) -> 0.10204082 | AN44: =SUM(J44,X44,AL44) -> 36 | AO44: =(SUM(AN44))/SUM($AN$2) -> 0.27906977

Sheet AllCalls25
A1: Call Number | B1: Completion time | C1: Time | D1: Date2 | E1: Date | F1: Next Call Number | G1: AI Response ID | H1: Event Number2 | I1: Event Number | J1: Month | K1: MonthNo | L1: Row Number | M1: Event Type | N1: Incident Info2 | O1: Incident Info | P1: CPN | Q1: Number of Trucks | R1: Appliances | S1: Address2 | T1: Address | U1: Cross Streets | V1: Result | W1: OIC | X1: CFO John Robinson | Y1: DCFO Bharat Ravji | Z1: SSO Darcy Hart | AA1: SSO Vaughan Wood | AB1: SO Richard Jellyman | AC1: SO Richard Irving | AD1: SO Darryn Pritchard | AE1: SO Jon White | AF1: SFF Brent Reynolds | AG1: SFF Joseph O'Neill-Gregory | AH1: SFF Grant Robertson | AI1: SFF William O'Connell | AJ1: SFF Robert Mayo | AK1: SFF Brody Jellyman | AL1: QFF Symon Maxwell | AM1: QFF Ian Chapman | AN1: QFF Melanie Yates | AO1: QFF Maree Primrose | AP1: QFF Russell Clarke | AQ1: QFF Andrew Bond | AR1: QFF Alan Binnie | AS1: QFF Josh Pennefather | AT1: QFF Ben Killgour | AU1: QFF Dallas Steele | AV1: QFF Nick Grayson | AW1: QFF Jason Court | AX1: QFF Crystal McConchie | AY1: FF Jimmy Doyle | AZ1: FF Dimmy Bell-Kainiu | BA1: FF Mitch Court | BB1: FF Jamie O'Hare | BC1: FF Kaitlyn Evans | BD1: FF Jaime Moore | BE1: FF Torrens Butcher | BF1: FF Matt Humber | BG1: RFF Leone Humber | BH1: RFF Joel Robbins | BI1: RFF Tracey Brownlee | BJ1: RFF Sacha Hoole | BK1: RFF Callum Reid | BL1: RFF Jack Piggott-Newton | BM1: Number of Responders | BN1: Number of Drivers | BO1: Number of Officers | BP1: Number of FF | BQ1: Submitted By | BR1: Notes
A2: Current Call Count: | C2: =MAX($A15:$A1653) -> 652 | F2: =(C2+1) -> 653 | J2: =TODAY() -> 46055 | O2: Current Month | P2: Next Row | R2: =MAX($L15:$L1653)+1 -> 665 | V2: OFFICER, DRIVER, RECRUIT | W2: =$T3 & ", " & T4+ T5 & ", " & T6 -> 8, 10, 0 | X2: OF | Y2: OF | Z2: OF | AA2: OF | AB2: OF | AC2: OF | AD2: OF | AE2: OF | AF2: DR* | AG2: DR | AH2: DR* | AI2: DR* | AJ2: DR | AK2: DR | AM2: DR | AN2: DR | AR2: DR | AS2: DR | BG2: RC | BH2: RC | BI2: RC | BJ2: RC | BM2: =COUNTIF($X2:$BF2, "I") -> 0 | BN2: =COUNTIFS($X2:$BF2, "I",$X$2:$BF$2, "DR" ) -> 0 | BO2: =COUNTIFS($X2:$BF2, "I",$X$5:$BF$5, "OF" ) -> 0 | BP2: =COUNTIFS($X2:$BF2, "I",$X$5:$BF$5, "FF" ) -> 0
C3: Jan | D3: =COUNTIF($K$15:$K$1769, "1") -> 57 | T3: =COUNTIF($X$2:$BF$2, "OF") -> 8 | V3: Chainsaw Op | W3: =COUNTIF($X$3:$BF$3, "C") -> 20 | X3: C | Y3: C | AC3: C | AD3: C | AE3: C | AF3: C | AG3: C | AH3: C | AI3: C | AJ3: C | AK3: C | AL3: C | AM3: C | AN3: C | AO3: C | AP3: C | AQ3: C | AR3: C | AS3: C | AY3: C | BM3: =COUNTIF($X3:$BF3, "I") -> 0 | BN3: =COUNTIFS($X3:$BF3, "I",$X$2:$BF$2, "DR" ) -> 0 | BO3: =COUNTIFS($X3:$BF3, "I",$X$5:$BF$5, "OF" ) -> 0 | BP3: =COUNTIFS($X3:$BF3, "I",$X$5:$BF$5, "FF" ) -> 0 | BQ3: Less than 2 OF | BR3: =COUNTIF(BO:BO, 1)+COUNTIF(BO:BO, 0) -> 104
C4: Feb | D4: =COUNTIF($K$15:$K$1769, "2") -> 48 | V4: BA Filler | W4: =COUNTIF($X$4:$BF$4, "BA") -> 6 | Y4: BA | AD4: BA | AE4: BA | AH4: BA | AI4: BA | AM4: BA | BM4: =COUNTIF($X4:$BF4, "I") -> 0 | BN4: =COUNTIFS($X4:$BF4, "I",$X$2:$BF$2, "DR" ) -> 0 | BO4: =COUNTIFS($X4:$BF4, "I",$X$5:$BF$5, "OF" ) -> 0 | BP4: =COUNTIFS($X4:$BF4, "I",$X$5:$BF$5, "FF" ) -> 0 | BQ4: Less than 2 DR | BR4: =COUNTIF(BN:BN,1)+COUNTIF(BN:BN,0) -> 150
C5: Mar | D5: =COUNTIF($K$15:$K$1769, "3") -> 70 | T5: =COUNTIF($X$2:$BF$2, "DR*") -> 10 | X5: OF | Y5: OF | Z5: OF | AA5: OF | AB5: OF | AC5: OF | AD5: OF | AE5: FF | AF5: FF | AG5: FF | AH5: FF | AI5: FF | AJ5: FF | AK5: FF | AL5: FF | AM5: FF | AN5: FF | AO5: FF | AP5: FF | AQ5: FF | AR5: FF | AS5: FF | AT5: FF | AU5: FF | AV5: FF | AW5: FF | AX5: FF | AY5: FF | AZ5: FF | BA5: FF | BB5: FF | BC5: FF | BM5: =COUNTIF($X5:$BF5, "I") -> 0 | BN5: =COUNTIFS($X5:$BF5, "I",$X$2:$BF$2, "DR" ) -> 0 | BO5: =COUNTIFS($X5:$BF5, "I",$X$5:$BF$5, "OF" ) -> 0 | BP5: =COUNTIFS($X5:$BF5, "I",$X$5:$BF$5, "FF" ) -> 0 | BQ5: Less Than 6 FF | BR5: =COUNTIF(BM:BM,1)+COUNTIF(BM:BM,0)+COUNTIF(BM:BM,2)+COUNTIF(BM:BM,3)+COUNTIF(BM:BM,4)+COUNTIF(BM:BM,5) -> 28
C6: Apr | D6: =COUNTIF($K$15:$K$1769, "4") -> 42 | T6: =COUNTIF($X$2:$BF$2, "RC") -> 0 | BM6: =COUNTIF($X6:$BF6, "I") -> 0 | BN6: =COUNTIFS($X6:$BF6, "I",$X$2:$BF$2, "DR" ) -> 0 | BO6: =COUNTIFS($X6:$BF6, "I",$X$5:$BF$5, "OF" ) -> 0 | BP6: =COUNTIFS($X6:$BF6, "I",$X$5:$BF$5, "FF" ) -> 0 | BQ6: Less than 8 Total | BR6: =COUNTIF(BM:BM,1)+COUNTIF(BM:BM,0)+COUNTIF(BM:BM,2)+COUNTIF(BM:BM,3)+COUNTIF(BM:BM,4)+COUNTIF(BM:BM,5)+COUNTIF(BM:BM,6)+COUNTIF(BM:BM,7) -> 89
C7: May | D7: =COUNTIF($K$15:$K$1769, "5") -> 68 | BM7: =COUNTIF($X7:$BF7, "I") -> 0 | BN7: =COUNTIFS($X7:$BF7, "I",$X$2:$BF$2, "DR" ) -> 0 | BO7: =COUNTIFS($X7:$BF7, "I",$X$5:$BF$5, "OF" ) -> 0 | BP7: =COUNTIFS($X7:$BF7, "I",$X$5:$BF$5, "FF" ) -> 0 | BQ7: 2 P Calls | BR7: =COUNTIF(Q:Q,2)+COUNTIF(Q:Q,3) -> 66
C8: June | D8: =COUNTIF($K$15:$K$1769, "6") -> 35 | BM8: =COUNTIF($X8:$BF8, "I") -> 0 | BN8: =COUNTIFS($X8:$BF8, "I",$X$2:$BF$2, "DR" ) -> 0 | BO8: =COUNTIFS($X8:$BF8, "I",$X$5:$BF$5, "OF" ) -> 0 | BP8: =COUNTIFS($X8:$BF8, "I",$X$5:$BF$5, "FF" ) -> 0
C9: July | D9: =COUNTIF($K$15:$K$1769, "7") -> 56 | BM9: =COUNTIF($X9:$BF9, "I") -> 0 | BN9: =COUNTIFS($X9:$BF9, "I",$X$2:$BF$2, "DR" ) -> 0 | BO9: =COUNTIFS($X9:$BF9, "I",$X$5:$BF$5, "OF" ) -> 0 | BP9: =COUNTIFS($X9:$BF9, "I",$X$5:$BF$5, "FF" ) -> 0 | BQ9: Less than 1 OF | BR9: =COUNTIF(BO:BO, 0) -> 26
C10: Aug | D10: =COUNTIF($K$15:$K$1769, "8") -> 53 | BM10: =COUNTIF($X10:$BF10, "I") -> 0 | BN10: =COUNTIFS($X10:$BF10, "I",$X$2:$BF$2, "DR" ) -> 0 | BO10: =COUNTIFS($X10:$BF10, "I",$X$5:$BF$5, "OF" ) -> 0 | BP10: =COUNTIFS($X10:$BF10, "I",$X$5:$BF$5, "FF" ) -> 0 | BQ10: Less than 1 DR | BR10: =COUNTIF(BN:BN,0) -> 36
C11: Sep | D11: =COUNTIF($K$15:$K$1769, "9") -> 47 | W11: Calls attended | X11: =COUNTIF(X$15:X$951, "I") -> 307 | Y11: =COUNTIF(Y$15:Y$951, "I") -> 360 | Z11: =COUNTIF(Z$15:Z$951, "I") -> 169 | AA11: =COUNTIF(AA$15:AA$951, "I") -> 431 | AB11: =COUNTIF(AB$15:AB$951, "I") -> 234 | AC11: =COUNTIF(AC$15:AC$951, "I") -> 128 | AD11: =COUNTIF(AD$15:AD$951, "I") -> 212 | AE11: =COUNTIF(AE$15:AE$951, "I") -> 187 | ... BJ11: =COUNTIF(BJ$15:BJ$951, "I") -> 61 | BM11: =COUNTIF($X11:$BF11, "I") -> 0 | BN11: =COUNTIFS($X11:$BF11, "I",$X$2:$BF$2, "DR" ) -> 0 | BO11: =COUNTIFS($X11:$BF11, "I",$X$5:$BF$5, "OF" ) -> 0 | BP11: =COUNTIFS($X11:$BF11, "I",$X$5:$BF$5, "FF" ) -> 0 | BQ11: Less Than 3 FF | BR11: =COUNTIF(BM:BM,1)+COUNTIF(BM:BM,0)+COUNTIF(BM:BM,2) -> 15
C12: Oct | D12: =COUNTIF($K$15:$K$1769, "10") -> 39 | W12: % To Date | X12: =(X11/$C$2) -> 0.4708589 | Y12: =(Y11/$C$2) -> 0.55214724 | Z12: =(Z11/$C$2) -> 0.25920245 | AA12: =(AA11/$C$2) -> 0.66104294 | AB12: =(AB11/$C$2) -> 0.35889571 | AC12: =(AC11/$C$2) -> 0.19631902 | AD12: =(AD11/$C$2) -> 0.32515337 | AE12: =(AE11/$C$2) -> 0.28680982 | ... BJ12: =(BJ11/$C$2) -> 0.093558282 | BM12: =COUNTIF($X12:$BF12, "I") -> 0 | BN12: =COUNTIFS($X12:$BF12, "I",$X$2:$BF$2, "DR" ) -> 0 | BO12: =COUNTIFS($X12:$BF12, "I",$X$5:$BF$5, "OF" ) -> 0 | BP12: =COUNTIFS($X12:$BF12, "I",$X$5:$BF$5, "FF" ) -> 0 | BQ12: Less than 4 Total | BR12: =COUNTIF(BM:BM,1)+COUNTIF(BM:BM,0)+COUNTIF(BM:BM,2)+COUNTIF(BM:BM,3) -> 15
C13: Nov | D13: =COUNTIF($K$15:$K$1769, "11") -> 58 | BM13: =COUNTIF($X13:$BF13, "I") -> 0 | BN13: =COUNTIFS($X13:$BF13, "I",$X$2:$BF$2, "DR" ) -> 0 | BO13: =COUNTIFS($X13:$BF13, "I",$X$5:$BF$5, "OF" ) -> 0 | BP13: =COUNTIFS($X13:$BF13, "I",$X$5:$BF$5, "FF" ) -> 0 | BQ13: 1 P Calls | BR13: =COUNTIF(Q:Q,1) -> 86
C14: Dec | D14: =COUNTIF($K$15:$K$1769, "12") -> 79 | BM14: =COUNTIF($X14:$BF14, "I") -> 0 | BN14: =COUNTIFS($X14:$BF14, "I",$X$2:$BF$2, "DR" ) -> 0 | BO14: =COUNTIFS($X14:$BF14, "I",$X$5:$BF$5, "OF" ) -> 0 | BP14: =COUNTIFS($X14:$BF14, "I",$X$5:$BF$5, "FF" ) -> 0 | BR14: Needs Editing.
A15: 1 | B15: 45658.2 | C15: 0.73402778 | D15: 45658 | E15: 45658 | G15: 1 | H15: F4120384 | I15: F4120384 | J15: 45658 | K15: =MONTH($J15) -> 1 | L15: 15 | M15: MED | N15: Medical | O15: Medical | P15: - | Q15: 1 | R15: ["PUKE551"] | S15: 17a Prospect Terrace, Pukekohe | T15: 17a Prospect Terrace, Pukekohe | U15: XStr THE GLADE SOUTH | V15: K41-1 | W15: SSO Wood | X15: . | Y15: . | Z15: . | AA15: I | AB15: . | AC15: I | AD15: . | AE15: . | AF15: . | AG15: I | AH15: I | AI15: . | AJ15: . | AK15: . | AL15: I | AM15: . | AN15: . | AO15: . | AP15: I | AQ15: . | AR15: . | AS15: . | AT15: . | AU15: I | AV15: . | AW15: . | AX15: . | AY15: . | AZ15: . | BA15: . | BB15: . | BC15: . | BD15: . | BE15: . | BF15: . | BG15: I | BM15: =COUNTIF($X15:$BF15, "I") -> 7 | BN15: =COUNTIFS($X15:$BF15, "I",$X$2:$BF$2, "DR" ) -> 1 | BO15: =COUNTIFS($X15:$BF15, "I",$X$5:$BF$5, "OF" ) -> 2 | BP15: =COUNTIFS($X15:$BF15, "I",$X$5:$BF$5, "FF" ) -> 5 | BQ15: Leone Humber | BR15: X
A16: 2 | B16: 45658.874 | C16: 0.35833333 | D16: 45659 | E16: 45659 | G16: 2 | H16: F4120622 | I16: F4120622 | J16: 45659 | K16: =MONTH($J16) -> 1 | L16: 16 | M16: VEG | N16: Vegetation Fire | O16: Tree Fire - Power Lines Arcing | P16: - | Q16: 1 | R16: ["PUKE551"] | S16: Birdwood Road, Pukekohe | T16: Birdwood Road, Pukekohe | U16: XStr HELVETIA RD/FRANK HEWITT ST | V16: Vegetation Fire | W16: SFF Robertson | X16: . | Y16: . | Z16: . | AA16: . | AB16: . | AC16: I | AD16: . | AE16: . | AF16: . | AG16: . | AH16: I | AI16: I | AJ16: . | AK16: . | AL16: I | AM16: . | AN16: . | AO16: . | AP16: I | AQ16: . | AR16: . | AS16: I | AT16: . | AU16: I | AV16: I | AW16: . | AX16: . | AY16: . | AZ16: . | BA16: . | BB16: . | BC16: . | BD16: . | BE16: . | BF16: I | BG16: . | BM16: =COUNTIF($X16:$BF16, "I") -> 9 | BN16: =COUNTIFS($X16:$BF16, "I",$X$2:$BF$2, "DR" ) -> 1 | BO16: =COUNTIFS($X16:$BF16, "I",$X$5:$BF$5, "OF" ) -> 1 | BP16: =COUNTIFS($X16:$BF16, "I",$X$5:$BF$5, "FF" ) -> 7 | BQ16: Josh | BR16: Powerline down in tree
A17: 3 | B17: 45659.71 | C17: 0.22916667 | D17: 45660 | E17: 45660 | G17: 3 | H17: F4121024 | I17: F4121024 | J17: 45660 | K17: =MONTH($J17) -> 1 | L17: 17 | M17: FIREALM | N17: PFA/Alarm Activation | O17: PFA/Alarm Activation | P17: AGROWQUIP PUKEKOHE | Q17: 2 | R17: ["PUKE551","PUKE557"] | S17: 23 Paerata Road, Pukekohe | T17: 23 Paerata Road | U17: XStr COMRIE PL/KAYES RD | V17: False Alarm | W17: SFF Robertson | X17: . | Y17: . | Z17: . | AA17: . | AB17: . | AC17: . | AD17: . | AE17: . | AF17: . | AG17: I | AH17: I | AI17: I | AJ17: . | AK17: . | AL17: I | AM17: . | AN17: . | AO17: I | AP17: . | AQ17: . | AR17: I | AS17: . | AT17: . | AU17: . | AV17: I | AW17: . | AX17: . | AY17: . | AZ17: . | BA17: . | BB17: . | BC17: . | BD17: I | BE17: . | BF17: I | BG17: . | BM17: =COUNTIF($X17:$BF17, "I") -> 9 | BN17: =COUNTIFS($X17:$BF17, "I",$X$2:$BF$2, "DR" ) -> 2 | BO17: =COUNTIFS($X17:$BF17, "I",$X$5:$BF$5, "OF" ) -> 0 | BP17: =COUNTIFS($X17:$BF17, "I",$X$5:$BF$5, "FF" ) -> 7 | BQ17: Grayson
A18: 4 | B18: 45660.753 | C18: 0.24583333 | D18: 45661 | E18: 45661 | G18: 4 | H18: F4121458 | I18: F4121458 | J18: 45661 | K18: =MONTH($J18) -> 1 | L18: 18 | M18: STRU | N18: PFA/Alarm Activation | O18: PFA/Alarm Activation | P18: BEDPOST PUKEKOHE | Q18: 2 | R18: ["PUKE551","PUKE557"] | S18: 7 Wrightson Way, Pukekohe | T18: 7 Wrightson way | U18: XStr MANUKAU RD | V18: False Alarm | W18: CFO Robinson | X18: I | Y18: . | Z18: . | AA18: I | AB18: . | AC18: . | AD18: . | AE18: I | AF18: . | AG18: I | AH18: I | AI18: I | AJ18: . | AK18: . | AL18: I | AM18: . | AN18: . | AO18: I | AP18: . | AQ18: . | AR18: I | AS18: . | AT18: . | AU18: . | AV18: . | AW18: . | AX18: . | AY18: . | AZ18: . | BA18: . | BB18: . | BC18: . | BD18: . | BE18: I | BF18: . | BG18: . | BM18: =COUNTIF($X18:$BF18, "I") -> 10 | BN18: =COUNTIFS($X18:$BF18, "I",$X$2:$BF$2, "DR" ) -> 2 | BO18: =COUNTIFS($X18:$BF18, "I",$X$5:$BF$5, "OF" ) -> 2 | BP18: =COUNTIFS($X18:$BF18, "I",$X$5:$BF$5, "FF" ) -> 7 | BQ18: Maxwell | BR18: Undetermined
A19: 5 | B19: 45660.795 | C19: 0.31388889 | D19: 45661 | E19: 45661 | G19: 5 | H19: F4121472 | I19: F4121472 | J19: 45661 | K19: =MONTH($J19) -> 1 | L19: 19 | M19: FIREALM | N19: PFA/Alarm Activation | O19: PFA/Alarm Activation | P19: PGG WRIGHTSON FRUITFED SUPPLIES STORE PUKEKOHE | Q19: 2 | R19: ["PUKE551","PUKE557"] | S19: 219 Manukau Road, Pukekohe | T19: 219 Manukau Road Pukekohe | U19: XStr WRIGHTSON WAY/BUCKLAND RD | V19: False Alarm | W19: SSO Wood | X19: I | Y19: . | Z19: . | AA19: I | AB19: . | AC19: . | AD19: . | AE19: I | AF19: . | AG19: I | AH19: I | AI19: . | AJ19: . | AK19: . | AL19: I | AM19: . | AN19: . | AO19: I | AP19: . | AQ19: . | AR19: . | AS19: . | AT19: . | AU19: I | AV19: . | AW19: . | AX19: I | AY19: . | AZ19: . | BA19: . | BB19: I | BC19: . | BD19: I | BE19: . | BF19: I | BG19: I | BM19: =COUNTIF($X19:$BF19, "I") -> 12 | BN19: =COUNTIFS($X19:$BF19, "I",$X$2:$BF$2, "DR" ) -> 1 | BO19: =COUNTIFS($X19:$BF19, "I",$X$5:$BF$5, "OF" ) -> 2 | BP19: =COUNTIFS($X19:$BF19, "I",$X$5:$BF$5, "FF" ) -> 8 | BQ19: Wood | BR19: Burglar alarm activated by brigade
A20: 6 | B20: 45661.392 | C20: 0.9 | D20: 45661 | E20: 45661 | G20: 6 | H20: F4121785 | I20: F4121785 | J20: 45661 | K20: =MONTH($J20) -> 1 | L20: 20 | M20: MIN | N20: Car Fire | O20: Car Fire | P20: - | Q20: 3 | R20: ["PUKE551","PUKE557","PUKE5529"] | S20: Pukekohe East Road, Pukekohe | T20: Pukekohe East Rd, Pukekohe | U20: XStr ANSELMI RIDGE RD/VALLEY ROYAL WAY | V20: Mobile Property Fire | W20: CFO Robinson | X20: I | Y20: . | Z20: . | AA20: . | AB20: . | AC20: . | AD20: . | AE20: I | AF20: . | AG20: I | AH20: . | AI20: . | AJ20: . | AK20: . | AL20: . | AM20: . | AN20: . | AO20: I | AP20: . | AQ20: . | AR20: I | AS20: I | AT20: I | AU20: . | AV20: I | AW20: . | AX20: I | AY20: . | AZ20: . | BA20: . | BB20: . | BC20: . | BD20: I | BE20: I | BF20: . | BG20: I | BM20: =COUNTIF($X20:$BF20, "I") -> 11 | BN20: =COUNTIFS($X20:$BF20, "I",$X$2:$BF$2, "DR" ) -> 3 | BO20: =COUNTIFS($X20:$BF20, "I",$X$5:$BF$5, "OF" ) -> 1 | BP20: =COUNTIFS($X20:$BF20, "I",$X$5:$BF$5, "FF" ) -> 8 | BQ20: C McConchie | BR20: Car Fire
A21: 7 | B21: 45661.733 | C21: 0.26597222 | D21: 45662 | E21: 45662 | G21: 7 | H21: F4121867 | I21: F4121867 | J21: 45662 | K21: =MONTH($J21) -> 1 | L21: 21 | M21: MED | N21: Medical | O21: Medical | P21: - | Q21: 1 | R21: ["PUKE551"] | S21: 68 Helvetia Road, Pukekohe | T21: 68 Helvetia Road | U21: XStr PRINCES ST/TASMAN ST | V21: K49 | W21: CFO Robinson | X21: I | Y21: . | Z21: . | AA21: . | AB21: . | AC21: . | AD21: . | AE21: I | AF21: . | AG21: . | AH21: I | AI21: I | AJ21: . | AK21: . | AL21: I | AM21: . | AN21: . | AO21: . | AP21: . | AQ21: . | AR21: . | AS21: . | AT21: . | AU21: I | AV21: I | AW21: . | AX21: . | AY21: . | AZ21: . | BA21: . | BB21: . | BC21: . | BD21: . | BE21: . | BF21: I | BG21: . | BM21: =COUNTIF($X21:$BF21, "I") -> 8 | BN21: =COUNTIFS($X21:$BF21, "I",$X$2:$BF$2, "DR" ) -> 0 | BO21: =COUNTIFS($X21:$BF21, "I",$X$5:$BF$5, "OF" ) -> 1 | BP21: =COUNTIFS($X21:$BF21, "I",$X$5:$BF$5, "FF" ) -> 6 | BQ21: Maxwell
A22: 8 | B22: 45663.197 | C22: 0.65763889 | D22: 45663 | E22: 45661 | F22: 562 | G22: 8 | H22: F4122582 | I22: F4122582 | J22: 45663 | K22: =MONTH($J22) -> 1 | L22: 22 | M22: MVCRESC | N22: MVC | O22: MVC | P22: - | Q22: 2 | R22: ["PUKE551","PUKE557"] | S22: 53 Nelson Street, Pukekohe | T22: 53 Nelson Street, Pukekohe | U22: XStr JOHN ST/COLLIE RD | V22: Not Trapped | W22: CFO Robinson | X22: I | Y22: I | Z22: . | AA22: . | AB22: . | AC22: . | AD22: I | AE22: I | AF22: . | AG22: I | AH22: I | AI22: I | AJ22: I | AK22: . | AL22: I | AM22: . | AN22: I | AO22: . | AP22: I | AQ22: . | AR22: . | AS22: . | AT22: . | AU22: . | AV22: . | AW22: . | AX22: I | AY22: . | AZ22: . | BA22: . | BB22: I | BC22: . | BD22: I | BE22: . | BF22: I | BG22: I | BM22: =COUNTIF($X22:$BF22, "I") -> 15 | BN22: =COUNTIFS($X22:$BF22, "I",$X$2:$BF$2, "DR" ) -> 3 | BO22: =COUNTIFS($X22:$BF22, "I",$X$5:$BF$5, "OF" ) -> 3 | BP22: =COUNTIFS($X22:$BF22, "I",$X$5:$BF$5, "FF" ) -> 10 | BQ22: Crystal | BR22: Car V Tree
A23: 9 | B23: 45663.204 | C23: 0.73472222 | D23: 45663 | E23: 45663 | F23: 563 | G23: 9 | H23: F4122626 | I23: F4122626 | J23: 45663 | K23: =MONTH($J23) -> 1 | L23: 23 | M23: MED | N23: Medical | O23: Medical | P23: - | Q23: 1 | R23: ["PUKE551"] | S23: 24 Landscape Road, Pukekohe | T23: 24 Landscape Road Pukekohe | U23: XStr FAIRFIELD ST/BERESFORD ST | V23: K49 | W23: SO Jellyman | X23: . | Y23: . | Z23: . | AA23: . | AB23: I | AC23: . | AD23: I | AE23: . | AF23: . | AG23: . | AH23: I | AI23: I | AJ23: I | AK23: . | AL23: . | AM23: . | AN23: . | AO23: I | AP23: I | AQ23: I | AR23: . | AS23: . | AT23: . | AU23: I | AV23: . | AW23: . | AX23: I | AY23: . | AZ23: . | BA23: . | BB23: . | BC23: . | BD23: . | BE23: . | BF23: . | BG23: . | BM23: =COUNTIF($X23:$BF23, "I") -> 10 | BN23: =COUNTIFS($X23:$BF23, "I",$X$2:$BF$2, "DR" ) -> 1 | BO23: =COUNTIFS($X23:$BF23, "I",$X$5:$BF$5, "OF" ) -> 2 | BP23: =COUNTIFS($X23:$BF23, "I",$X$5:$BF$5, "FF" ) -> 8 | BQ23: Jelly | BR23: Wrong location
A24: 10 | B24: 45663.287 | C24: 0.81736111 | D24: 45663 | E24: 45663 | F24: 564 | G24: 10 | H24: F4122686 | I24: F4122686 | J24: 45663 | K24: =MONTH($J24) -> 1 | L24: 24 | M24: STRU | N24: PFA/Alarm Activation | O24: PFA/Alarm Activation | P24: CARLS JR PUKEKOHE | Q24: 2 | R24: ["PUKE551","PUKE557"] | S24: 11 Stadium Drive, Pukekohe | T24: 11 Stadium Drive | U24: XStr EAST ST/FRANKLIN RD | V24: False Alarm | W24: CFO Robinson | X24: I | Y24: . | Z24: . | AA24: . | AB24: I | AC24: . | AD24: . | AE24: I | AF24: . | AG24: . | AH24: . | AI24: I | AJ24: I | AK24: . | AL24: I | AM24: . | AN24: . | AO24: I | AP24: I | AQ24: I | AR24: . | AS24: . | AT24: . | AU24: . | AV24: . | AW24: . | AX24: . | AY24: . | AZ24: . | BA24: . | BB24: . | BC24: . | BD24: . | BE24: . | BF24: . | BG24: . | BM24: =COUNTIF($X24:$BF24, "I") -> 9 | BN24: =COUNTIFS($X24:$BF24, "I",$X$2:$BF$2, "DR" ) -> 1 | BO24: =COUNTIFS($X24:$BF24, "I",$X$5:$BF$5, "OF" ) -> 2 | BP24: =COUNTIFS($X24:$BF24, "I",$X$5:$BF$5, "FF" ) -> 7 | BQ24: White | BR24: Defective K46-3
A25: 11 | B25: 45664.161 | C25: 0.66875 | D25: 45664 | E25: 45664 | F25: 565 | G25: 11 | H25: F4123160 | I25: F4123160 | J25: 45664 | K25: =MONTH($J25) -> 1 | L25: 25 | M25: NAT | N25: Tree Down | O25: Tree down Blocking one lane | P25: - | Q25: 1 | R25: ["PUKE551"] | S25: 18 Beatty Road, Pukekohe | T25: 18 Beaty Rd, Pukekohe | U25: XStr MCSHANE ST/KAYES RD | V25: Weather Related Call | W25: SSO Hart | X25: I | Y25: . | Z25: I | AA25: . | AB25: . | AC25: . | AD25: . | AE25: I | AF25: . | AG25: . | AH25: I | AI25: . | AJ25: I | AK25: . | AL25: I | AM25: . | AN25: . | AO25: . | AP25: I | AQ25: I | AR25: I | AS25: I | AT25: . | AU25: . | AV25: . | AW25: . | AX25: I | AY25: . | AZ25: . | BA25: . | BB25: . | BC25: . | BD25: I | BE25: . | BF25: . | BG25: . | BM25: =COUNTIF($X25:$BF25, "I") -> 12 | BN25: =COUNTIFS($X25:$BF25, "I",$X$2:$BF$2, "DR" ) -> 3 | BO25: =COUNTIFS($X25:$BF25, "I",$X$5:$BF$5, "OF" ) -> 2 | BP25: =COUNTIFS($X25:$BF25, "I",$X$5:$BF$5, "FF" ) -> 9 | BQ25: Josh | BR25: NAT 2 Tree down blocking lane removed
A26: 12 | B26: 45664.773 | C26: 0.30069444 | D26: 45665 | E26: 45664 | F26: 566 | G26: 12 | H26: F4123401 | I26: F4123401 | J26: 0 | K26: =MONTH($J26) -> 1 | L26: 26 | M26: STRU | N26: PFA/Alarm Activation | O26: PFA/Alarm Activation | P26: RSA Pukekohe | Q26: 2 | R26: ["PUKE551","PUKE557"] | S26: 17 Edinburgh St, Pukekohe | T26: 17 Edinburgh street | U26: XStr HARRIS ST/MASSEY AV | V26: False Alarm | W26: SO Jellyman | X26: . | Y26: . | Z26: . | AA26: . | AB26: I | AC26: I | AD26: . | AE26: I | AF26: . | AG26: I | AH26: I | AI26: I | AJ26: I | AK26: . | AL26: I | AM26: I | AN26: . | AO26: I | AP26: I | AQ26: . | AR26: . | AS26: I | AT26: . | AU26: . | AV26: . | AW26: . | AX26: . | AY26: . | AZ26: . | BA26: . | BB26: I | BC26: . | BD26: . | BE26: . | BF26: . | BG26: . | BM26: =COUNTIF($X26:$BF26, "I") -> 13 | BN26: =COUNTIFS($X26:$BF26, "I",$X$2:$BF$2, "DR" ) -> 4 | BO26: =COUNTIFS($X26:$BF26, "I",$X$5:$BF$5, "OF" ) -> 2 | BP26: =COUNTIFS($X26:$BF26, "I",$X$5:$BF$5, "FF" ) -> 11 | BQ26: White | BR26: Workmen
A27: 13 | B27: 45664.971 | C27: 0.48402778 | D27: 45665 | E27: 45665 | F27: 567 | G27: 13 | H27: F4123565 | I27: F4123565 | J27: 0 | K27: =MONTH($J27) -> 1 | L27: 27 | M27: STRU | N27: Structure Fire | O27: Structure Fire | P27: Mauku School | Q27: 2 | R27: ["PUKE551","PUKE557"] | S27: 389 Union Rd, Mauku | T27: Mauku School - 389 Union Rd, Mauku | U27: XStr PATUMAHOE RD/TITI RD | V27: Structure Fire | W27: PATU561 | X27: . | Y27: . | Z27: . | AA27: I | AB27: . | AC27: . | AD27: . | AE27: I | AF27: I | AG27: I | AH27: I | AI27: . | AJ27: I | AK27: . | AL27: I | AM27: I | AN27: . | AO27: I | AP27: . | AQ27: I | AR27: I | AS27: I | AT27: . | AU27: . | AV27: . | AW27: . | AX27: . | AY27: . | AZ27: . | BA27: . | BB27: . | BC27: . | BD27: . | BE27: . | BF27: . | BG27: . | BM27: =COUNTIF($X27:$BF27, "I") -> 12 | BN27: =COUNTIFS($X27:$BF27, "I",$X$2:$BF$2, "DR" ) -> 5 | BO27: =COUNTIFS($X27:$BF27, "I",$X$5:$BF$5, "OF" ) -> 1 | BP27: =COUNTIFS($X27:$BF27, "I",$X$5:$BF$5, "FF" ) -> 11 | BQ27: Bond | BR27: Switchboard Fire OOA
A28: 14 | B28: 45665.007 | C28: 0.53472222 | D28: 45665 | E28: 45665 | F28: 568 | G28: 14 | H28: F4123637 | I28: F4123637 | J28: 0 | K28: =MONTH($J28) -> 1 | L28: 28 | M28: FIREALM | N28: PFA/Alarm Activation | O28: PFA/Alarm Activation | P28: SAINT JOSEPHS SCHOOL PUKEKOHE | Q28: 2 | R28: ["PUKE551","PUKE557"] | S28: 94-102 Seddon St, Pukekohe | T28: St Joseph’s School, 94-102 Seddon St | U28: XStr ALBERT ST/BLAIR AV | V28: False Alarm | W28: SSO Wood | X28: . | Y28: . | Z28: . | AA28: I | AB28: . | AC28: . | AD28: . | AE28: I | AF28: I | AG28: I | AH28: I | AI28: . | AJ28: I | AK28: . | AL28: . | AM28: I | AN28: I | AO28: I | AP28: . | AQ28: I | AR28: . | AS28: I | AT28: . | AU28: . | AV28: . | AW28: . | AX28: . | AY28: . | AZ28: . | BA28: . | BB28: I | BC28: . | BD28: . | BE28: . | BF28: . | BG28: . | BM28: =COUNTIF($X28:$BF28, "I") -> 12 | BN28: =COUNTIFS($X28:$BF28, "I",$X$2:$BF$2, "DR" ) -> 5 | BO28: =COUNTIFS($X28:$BF28, "I",$X$5:$BF$5, "OF" ) -> 1 | BP28: =COUNTIFS($X28:$BF28, "I",$X$5:$BF$5, "FF" ) -> 11 | BQ28: Bond | BR28: Undetermined K46-7
A29: 15 | B29: 45666.013 | C29: 0.53541667 | D29: 45666 | E29: 45665 | F29: 569 | G29: 15 | H29: F4124165 | I29: F4124165 | J29: 0 | K29: =MONTH($J29) -> 1 | L29: 29 | M29: STRU | N29: PFA/Alarm Activation | O29: PFA/Alarm Activation | P29: CHARLESTONS RESTAURANT AND BAR PUKEKOHE | Q29: 2 | R29: ["PUKE551","PUKE557"] | S29: 8 Massey Av, Pukekohe | T29: 8 Massey Av | U29: XStr ROULSTON ST/ROULSTON LA | V29: False Alarm | W29: SSO Wood | X29: . | Y29: . | Z29: . | AA29: I | AB29: . | AC29: . | AD29: . | AE29: I | AF29: I | AG29: I | AH29: I | AI29: I | AJ29: I | AL29: I | AM29: I | AN29: . | AO29: . | AP29: . | AQ29: . | AR29: . | AS29: . | AT29: I | AU29: . | AV29: . | AW29: . | AX29: . | AY29: . | AZ29: . | BA29: . | BB29: . | BC29: . | BD29: . | BE29: I | BF29: . | BG29: . | BM29: =COUNTIF($X29:$BF29, "I") -> 11 | BN29: =COUNTIFS($X29:$BF29, "I",$X$2:$BF$2, "DR" ) -> 3 | BO29: =COUNTIFS($X29:$BF29, "I",$X$5:$BF$5, "OF" ) -> 1 | BP29: =COUNTIFS($X29:$BF29, "I",$X$5:$BF$5, "FF" ) -> 9 | BQ29: White | BR29: Defective K46-3
A30: 16 | B30: 45666.546 | C30: 0.068055556 | D30: 45667 | E30: 45667 | F30: 570 | G30: 16 | H30: F4124500 | I30: F4124500 | J30: 0 | K30: =MONTH($J30) -> 1 | L30: 30 | M30: MIN | N30: Rubbish Fire | O30: Vegetation Fire | Q30: 1 | R30: ["PUKE551"] | S30: Aka Aka Rd, Puni | T30: 357 Waiuku road | U30: XStr WAIUKU RD / SHIPHERD RD | V30: Controlled Burn | W30: SO Jellyman | X30: I | Y30: . | Z30: . | AA30: . | AB30: I | AC30: I | AD30: . | AE30: I | AF30: . | AG30: I | AH30: . | AI30: . | AJ30: . | AL30: I | AM30: . | AN30: . | AO30: . | AP30: . | AQ30: . | AR30: . | AS30: I | AT30: . | AU30: . | AV30: . | AW30: . | AX30: . | AY30: . | AZ30: . | BA30: . | BB30: . | BC30: . | BD30: . | BE30: . | BF30: I | BG30: . | BM30: =COUNTIF($X30:$BF30, "I") -> 8 | BN30: =COUNTIFS($X30:$BF30, "I",$X$2:$BF$2, "DR" ) -> 2 | BO30: =COUNTIFS($X30:$BF30, "I",$X$5:$BF$5, "OF" ) -> 3 | BP30: =COUNTIFS($X30:$BF30, "I",$X$5:$BF$5, "FF" ) -> 4 | BQ30: Maxwell | BR30: No Occupant - left to burn Was in the vicinity of Puni School
A31: 17 | B31: 45667.557 | C31: 0.088888889 | D31: 45668 | E31: 45668 | F31: 571 | G31: 17 | H31: F4125121 | I31: F4125121 | J31: 0 | K31: =MONTH($J31) -> 1 | L31: 31 | M31: MED | N31: Medical | O31: Medical | P31: FRANKLINS BAR AND EATERY | Q31: 1 | R31: ["PUKE551"] | S31: 1 Queen St, Pukekohe | T31: 1 queen st | U31: XStr KING ST / DEVON LA | V31: Not Cardiac Arrest | W31: SSO Hart | X31: . | Y31: . | Z31: I | AA31: . | AB31: . | AC31: I | AD31: . | AE31: . | AF31: . | AG31: . | AH31: . | AI31: I | AJ31: I | AL31: I | AM31: . | AN31: . | AO31: . | AP31: . | AQ31: . | AR31: . | AS31: I | AT31: . | AU31: I | AV31: . | AW31: . | AX31: . | AY31: . | AZ31: . | BA31: . | BB31: . | BC31: . | BD31: . | BE31: . | BF31: . | BG31: . | BM31: =COUNTIF($X31:$BF31, "I") -> 7 | BN31: =COUNTIFS($X31:$BF31, "I",$X$2:$BF$2, "DR" ) -> 2 | BO31: =COUNTIFS($X31:$BF31, "I",$X$5:$BF$5, "OF" ) -> 2 | BP31: =COUNTIFS($X31:$BF31, "I",$X$5:$BF$5, "FF" ) -> 5 | BQ31: Maxwell | BR31: ETOH - outside the Monarch
A32: 18 | B32: 45667.985 | C32: 0.48819444 | D32: 45668 | E32: 45668 | F32: 573 | G32: 18 | H32: F4125293 | I32: F4125293 | J32: 0 | K32: =MONTH($J32) -> 1 | L32: 32 | M32: SPRNKLR | N32: PFA/Alarm Activation | O32: PFA/Alarm Activation | P32: WESLEY COLLEGE | Q32: 2 | R32: ["PUKE551","PUKE557"] | S32: 801 Paerata Rd, Paerata | T32: Wesley College | U32: XStr PUHITAHI HILL RD / CROWN RD | V32: False Alarm | W32: SSO Hart | X32: I | Y32: . | Z32: I | AA32: . | AB32: . | AC32: . | AD32: . | AE32: . | AF32: . | AG32: . | AH32: I | AI32: . | AJ32: I | AL32: I | AM32: . | AN32: . | AO32: . | AP32: . | AQ32: . | AR32: I | AS32: I | AT32: I | AU32: . | AV32: . | AW32: . | AX32: . | AY32: . | AZ32: . | BA32: . | BB32: . | BC32: . | BD32: . | BE32: . | BF32: . | BG32: . | BM32: =COUNTIF($X32:$BF32, "I") -> 8 | BN32: =COUNTIFS($X32:$BF32, "I",$X$2:$BF$2, "DR" ) -> 3 | BO32: =COUNTIFS($X32:$BF32, "I",$X$5:$BF$5, "OF" ) -> 2 | BP32: =COUNTIFS($X32:$BF32, "I",$X$5:$BF$5, "FF" ) -> 6 | BQ32: Grant | BR32: Flea Bomb - CPN was flagged in wrong location
A33: 19 | B33: 45668.454 | C33: 0.97083333 | D33: 45668 | E33: 45668 | F33: 574 | G33: 19 | H33: F4125587 | I33: F4125587 | J33: 0 | K33: =MONTH($J33) -> 1 | L33: 33 | M33: FIREALM | N33: PFA/Alarm Activation | O33: PFA/Alarm Activation | P33: BUNNINGS WAREHOUSE TRADE CENTRE PUKEKOHE | Q33: 2 | R33: ["PUKE551","PUKE557"] | S33: 5 Crosbie Rd, Pukekohe | T33: 5 Crosbie Rd, Pukekohe | U33: XStr MANUKAU RD / AUSTEN PL | V33: False Alarm | W33: SO Irving | X33: . | Y33: . | Z33: . | AA33: . | AB33: . | AC33: I | AD33: . | AE33: . | AF33: . | AG33: . | AH33: I | AI33: . | AJ33: . | AL33: I | AM33: . | AN33: . | AO33: . | AP33: . | AQ33: I | AR33: . | AS33: I | AT33: I | AU33: . | AV33: . | AW33: . | AX33: . | AY33: . | AZ33: . | BA33: . | BB33: . | BC33: . | BD33: . | BE33: . | BF33: . | BG33: . | BM33: =COUNTIF($X33:$BF33, "I") -> 6 | BN33: =COUNTIFS($X33:$BF33, "I",$X$2:$BF$2, "DR" ) -> 1 | BO33: =COUNTIFS($X33:$BF33, "I",$X$5:$BF$5, "OF" ) -> 1 | BP33: =COUNTIFS($X33:$BF33, "I",$X$5:$BF$5, "FF" ) -> 5 | BQ33: Josh | BR33: Short Crewed
A34: 20 | B34: 45668.819 | C34: 0.34861111 | D34: 45669 | E34: 45669 | F34: 575 | G34: 20 | H34: F4125682 | I34: F4125682 | J34: 0 | K34: =MONTH($J34) -> 1 | L34: 34 | M34: MVCHEVY | N34: MVC | O34: MVC | Q34: 2 | R34: ["PUKE551","PUKE557"] | S34: 21 Rowles Rd, Pukekohe | T34: 21 Rowles Rd Pukekohe | U34: XStr SUNSET DR / CATHERINE MCLEAN RD | V34: Not Trapped | W34: CFO Robinson | X34: I | Y34: . | Z34: . | AA34: I | AB34: . | AC34: I | AD34: . | AE34: . | AF34: . | AG34: . | AH34: I | AI34: I | AJ34: . | AL34: I | AM34: . | AN34: . | AO34: . | AP34: . | AQ34: I | AR34: I | AS34: I | AT34: . | AU34: . | AV34: . | AW34: . | AX34: . | AY34: . | AZ34: . | BA34: . | BB34: I | BC34: . | BD34: . | BE34: . | BF34: . | BG34: . | BM34: =COUNTIF($X34:$BF34, "I") -> 10 | BN34: =COUNTIFS($X34:$BF34, "I",$X$2:$BF$2, "DR" ) -> 2 | BO34: =COUNTIFS($X34:$BF34, "I",$X$5:$BF$5, "OF" ) -> 3 | BP34: =COUNTIFS($X34:$BF34, "I",$X$5:$BF$5, "FF" ) -> 7 | BQ34: Bond | BR34: Car vs House
A35: 21 | B35: 45670.396 | C35: 0.92152778 | D35: 45670 | E35: 45670 | F35: 576 | G35: 21 | H35: F4126674 | I35: F4126674 | J35: 0 | K35: =MONTH($J35) -> 1 | L35: 35 | M35: VEG | N35: Rubbish Fire | O35: Vegetation Fire | Q35: 1 | R35: ["PUKE551"] | S35: 132 Paparata Rd, Bombay | T35: 132 Paparata Road | U35: XStr CRANLEIGH WAY / WOOTTEN RD | V35: Controlled Burn | W35: POKE507 | X35: I | Y35: . | Z35: I | AA35: . | AB35: I | AC35: I | AD35: . | AE35: . | AF35: . | AG35: . | AH35: . | AI35: . | AJ35: . | AL35: . | AM35: I | AN35: . | AO35: . | AP35: I | AQ35: . | AR35: I | AS35: I | AT35: I | AU35: . | AV35: I | AW35: . | AX35: . | AY35: . | AZ35: . | BA35: I | BB35: . | BC35: I | BD35: . | BE35: . | BF35: . | BG35: I | BM35: =COUNTIF($X35:$BF35, "I") -> 12 | BN35: =COUNTIFS($X35:$BF35, "I",$X$2:$BF$2, "DR" ) -> 3 | BO35: =COUNTIFS($X35:$BF35, "I",$X$5:$BF$5, "OF" ) -> 4 | BP35: =COUNTIFS($X35:$BF35, "I",$X$5:$BF$5, "FF" ) -> 8 | BQ35: Jelly | BR35: Fire Extinguished
A36: 22 | B36: 45671.006 | C36: 0.52152778 | D36: 45671 | E36: 45671 | F36: 577 | G36: 22 | H36: F4127031 | I36: F4127031 | J36: 0 | K36: =MONTH($J36) -> 1 | L36: 36 | M36: MIN | N36: Child Stuck in Baby Swing | O36: Child stuck in swing | P36: HYDE PARK PLAGROUND PAERATA RISE | Q36: 1 | R36: ["PUKE551"] | S36: 8 Tabernackle St, Karaka | T36: 8 tabernacle st | U36: XStr GARTH ROSS LA / ROSSLANDS AV | V36: Trapped | W36: SSO Wood | X36: . | Y36: . | Z36: . | AA36: I | AB36: . | AC36: . | AD36: . | AE36: . | AF36: . | AG36: . | AH36: I | AI36: . | AJ36: I | AL36: . | AM36: . | AN36: . | AO36: . | AP36: . | AQ36: . | AR36: . | AS36: I | AT36: . | AU36: . | AV36: . | AW36: . | AX36: . | AY36: . | AZ36: I | BA36: . | BB36: . | BC36: . | BD36: . | BE36: . | BF36: . | BG36: I | BM36: =COUNTIF($X36:$BF36, "I") -> 5 | BN36: =COUNTIFS($X36:$BF36, "I",$X$2:$BF$2, "DR" ) -> 2 | BO36: =COUNTIFS($X36:$BF36, "I",$X$5:$BF$5, "OF" ) -> 1 | BP36: =COUNTIFS($X36:$BF36, "I",$X$5:$BF$5, "FF" ) -> 4 | BQ36: Rhys | BR36: Released using tools
A37: 23 | B37: 45671.841 | C37: 0.36944444 | D37: 45672 | E37: 45672 | F37: 578 | G37: 23 | H37: F4128079 | I37: F4128079 | J37: 0 | K37: =MONTH($J37) -> 1 | L37: 37 | M37: MED | N37: Medical | O37: Medical | P37: PUKEKOHE HOSPITAL | Q37: 1 | R37: ["PUKE551"] | S37: Tuakau Rd, Pukekohe | T37: Pukekohe hospital Tuakau rd | U37: XStr KITCHENER RD / WEBB ST | V37: K49 | W37: SSO Wood | X37: . | Y37: . | Z37: . | AA37: I | AB37: . | AC37: . | AD37: . | AE37: . | AF37: . | AG37: . | AH37: I | AI37: I | AJ37: I | AK37: . | AL37: . | AM37: . | AN37: . | AO37: . | AP37: . | AQ37: . | AR37: . | AS37: . | AT37: . | AU37: I | AV37: . | AW37: . | AX37: I | AY37: . | AZ37: . | BA37: . | BB37: I | BC37: . | BD37: . | BE37: . | BF37: . | BG37: . | BM37: =COUNTIF($X37:$BF37, "I") -> 7 | BN37: =COUNTIFS($X37:$BF37, "I",$X$2:$BF$2, "DR" ) -> 1 | BO37: =COUNTIFS($X37:$BF37, "I",$X$5:$BF$5, "OF" ) -> 1 | BP37: =COUNTIFS($X37:$BF37, "I",$X$5:$BF$5, "FF" ) -> 6 | BQ37: Mayo | BR37: Stood down on arrival
A38: 24 | B38: 45674.043 | C38: 0.57847222 | D38: 45674 | E38: 45674 | F38: 579 | G38: 24 | H38: F4129785 | I38: F4129785 | J38: 0 | K38: =MONTH($J38) -> 1 | L38: 38 | M38: MED | N38: Medical | O38: Medical | Q38: 1 | R38: ["PUKE551"] | S38: 5\69 Queen Street, Pukekohe | T38: 569 Queen Street | U38: XStr WESLEY ST / HARRIS ST | V38: K41-1 | W38: CFO Robinson | X38: I | Y38: . | Z38: . | AA38: I | AB38: . | AC38: . | AD38: . | AE38: . | AF38: I | AG38: . | AH38: I | AI38: . | AJ38: . | AK38: . | AL38: . | AM38: I | AN38: . | AO38: . | AP38: . | AQ38: . | AR38: . | AS38: . | AT38: I | AU38: . | AV38: I | AW38: . | AX38: . | AY38: . | AZ38: . | BA38: . | BB38: . | BC38: . | BD38: . | BE38: . | BF38: . | BG38: . | BM38: =COUNTIF($X38:$BF38, "I") -> 7 | BN38: =COUNTIFS($X38:$BF38, "I",$X$2:$BF$2, "DR" ) -> 1 | BO38: =COUNTIFS($X38:$BF38, "I",$X$5:$BF$5, "OF" ) -> 2 | BP38: =COUNTIFS($X38:$BF38, "I",$X$5:$BF$5, "FF" ) -> 5 | BQ38: Grayson | BR38: Stood down on arrival
A39: 25 | B39: FAILED | C39: 0.43402778 | D39: 45675 | E39: 45675 | F39: 580 | G39: 25 | H39: F4130248 | I39: F4130248 | J39: 1 | K39: =MONTH($J39) -> 1 | L39: 39 | M39: MVCRESC | N39: MVC | O39: MVC | Q39: 1 | R39: ["PUKE557"] | S39: Union Rd, Mauku | T39: Mauku, Union Rd/Titi Rd | U39: XStr UNION RD / TITI RD | V39: Not Trapped | W39: PATU561 | X39: I | Y39: . | Z39: . | AA39: . | AB39: . | AC39: . | AD39: . | AE39: . | AF39: . | AG39: . | AH39: I | AI39: . | AJ39: I | AK39: . | AL39: I | AM39: . | AN39: . | AO39: I | AP39: . | AQ39: . | AR39: . | AS39: . | AT39: I | AU39: . | AV39: . | AW39: . | AX39: . | AY39: . | AZ39: . | BA39: . | BB39: . | BC39: . | BD39: . | BE39: . | BF39: . | BG39: I | BM39: =COUNTIF($X39:$BF39, "I") -> 6 | BN39: =COUNTIFS($X39:$BF39, "I",$X$2:$BF$2, "DR" ) -> 1 | BO39: =COUNTIFS($X39:$BF39, "I",$X$5:$BF$5, "OF" ) -> 1 | BP39: =COUNTIFS($X39:$BF39, "I",$X$5:$BF$5, "FF" ) -> 5 | BQ39: Grant | BR39: Car v Fence
A40: 26 | B40: FAILED | C40: 0.93194444 | D40: 45675 | E40: 45675 | F40: 581 | G40: 26 | H40: F4130590 | I40: F4130590 | J40: 1 | K40: =MONTH($J40) -> 1 | L40: 40 | M40: VEG | N40: Vegetation Fire | O40: Vegetation Fire | Q40: 1 | R40: ["PUKE551"] | S40: Ray Wright Rd, Pukekohe | T40: Ray wright road | U40: XStr UPPER QUEEN ST / NANDINA LA | V40: Controlled Burn | W40: SO Irving | X40: . | Y40: . | Z40: . | AA40: I | AB40: . | AC40: I | AD40: . | AE40: . | AF40: . | AG40: . | AH40: . | AI40: . | AJ40: I | AL40: I | AM40: . | AN40: . | AO40: I | AP40: . | AQ40: . | AR40: . | AS40: . | AT40: . | AU40: . | AV40: I | AW40: . | AX40: . | AY40: . | AZ40: . | BA40: . | BB40: . | BC40: . | BD40: . | BE40: . | BF40: I | BG40: I | BM40: =COUNTIF($X40:$BF40, "I") -> 7 | BN40: =COUNTIFS($X40:$BF40, "I",$X$2:$BF$2, "DR" ) -> 1 | BO40: =COUNTIFS($X40:$BF40, "I",$X$5:$BF$5, "OF" ) -> 2 | BP40: =COUNTIFS($X40:$BF40, "I",$X$5:$BF$5, "FF" ) -> 4 | BQ40: Maxwell | BR40: Bonfire. Dampened Down Hotspots left to burn
A41: 27 | B41: 45676.791 | C41: 0.29236111 | D41: 45677 | E41: 45677 | F41: 583 | G41: 27 | H41: F4131151 | I41: F4131151 | J41: 0 | K41: =MONTH($J41) -> 1 | L41: 41 | M41: MVCRESC | N41: MVC | O41: MVC | Q41: 2 | R41: ["PUKE551","PUKE557"] | S41: 241B Runciman Rd, Ramarama | T41: 241b Runciman rd | U41: XStr RUTHERFORD RD / GORDON FRANCIS DR | V41: Trapped | W41: SO Irving | X41: . | Y41: . | Z41: I | AA41: I | AB41: . | AC41: I | AD41: . | AE41: . | AF41: . | AG41: . | AH41: I | AI41: I | AJ41: . | AK41: I | AL41: . | AM41: . | AN41: . | AO41: I | AP41: . | AQ41: . | AR41: . | AS41: . | AT41: . | AU41: . | AV41: . | AW41: . | AX41: . | AY41: . | AZ41: . | BA41: . | BB41: . | BC41: . | BD41: . | BE41: . | BF41: . | BG41: . | BM41: =COUNTIF($X41:$BF41, "I") -> 7 | BN41: =COUNTIFS($X41:$BF41, "I",$X$2:$BF$2, "DR" ) -> 1 | BO41: =COUNTIFS($X41:$BF41, "I",$X$5:$BF$5, "OF" ) -> 3 | BP41: =COUNTIFS($X41:$BF41, "I",$X$5:$BF$5, "FF" ) -> 4 | BQ41: Irving | BR41: Car v Car - trapped by Seatbelt
A42: 28 | B42: 45677.479 | C42: 0.011805556 | D42: 45678 | E42: 45678 | F42: 584 | G42: 28 | H42: F4131784 | I42: F4131784 | J42: 0 | K42: =MONTH($J42) -> 1 | L42: 42 | M42: FIREALM | N42: PFA/Alarm Activation | O42: PFA/Alarm Activation | P42: TONYS TYRE SERVICE PUKEKOHE | Q42: 2 | R42: ["PUKE551","PUKE557"] | S42: 50 Manukau Rd, Pukekohe | T42: 50 Manukau Road, Pukekohe | U42: XStr MASSEY AV / HARRIS ST | V42: False Alarm | W42: CFO Robinson | X42: I | Y42: . | Z42: I | AA42: I | AB42: . | AC42: . | AD42: . | AE42: . | AF42: . | AG42: I | AH42: . | AI42: . | AJ42: . | AK42: I | AL42: I | AM42: I | AN42: . | AO42: I | AP42: . | AQ42: . | AR42: . | AS42: . | AT42: I | AU42: . | AV42: I | AW42: . | AX42: . | AY42: . | AZ42: . | BA42: . | BB42: . | BC42: . | BD42: . | BE42: . | BF42: I | BG42: . | BM42: =COUNTIF($X42:$BF42, "I") -> 11 | BN42: =COUNTIFS($X42:$BF42, "I",$X$2:$BF$2, "DR" ) -> 3 | BO42: =COUNTIFS($X42:$BF42, "I",$X$5:$BF$5, "OF" ) -> 3 | BP42: =COUNTIFS($X42:$BF42, "I",$X$5:$BF$5, "FF" ) -> 7 | BQ42: Brody Jellyman | BR42: Undetermined K46-7
A43: 29 | B43: 45677.668 | C43: 0.18125 | D43: 45678 | E43: 45678 | F43: 585 | G43: 29 | H43: F4131821 | I43: F4131821 | J43: 0 | K43: =MONTH($J43) -> 1 | L43: 43 | M43: STRU | N43: PFA/Alarm Activation | O43: PFA/Alarm Activation | P43: CHORUS EXCHANGE PATUMAHOE | Q43: 1 | R43: ["PUKE551"] | S43: Patumahoe Road, Patumahoe | T43: 11 Mauku Rd | U43: XStr WOODHOUSE RD / MARERETU AV | V43: False Alarm | W43: PATU561 | X43: I | Y43: . | Z43: . | AA43: I | AB43: . | AC43: . | AD43: . | AE43: . | AF43: . | AG43: . | AH43: I | AI43: I | AJ43: . | AK43: I | AL43: . | AM43: I | AN43: . | AO43: I | AP43: . | AQ43: . | AR43: I | AS43: . | AT43: I | AU43: . | AV43: . | AW43: . | AX43: . | AY43: . | AZ43: . | BA43: . | BB43: . | BC43: . | BD43: I | BE43: . | BF43: I | BG43: . | BM43: =COUNTIF($X43:$BF43, "I") -> 11 | BN43: =COUNTIFS($X43:$BF43, "I",$X$2:$BF$2, "DR" ) -> 3 | BO43: =COUNTIFS($X43:$BF43, "I",$X$5:$BF$5, "OF" ) -> 2 | BP43: =COUNTIFS($X43:$BF43, "I",$X$5:$BF$5, "FF" ) -> 7 | BQ43: Wood | BR43: Defective K46-3
A44: 30 | B44: 45677.945 | C44: 0.47291667 | D44: 45678 | E44: 45678 | F44: 586 | G44: 30 | H44: F4132057 | I44: F4132057 | J44: 0 | K44: =MONTH($J44) -> 1 | L44: 44 | M44: FIREALM | N44: PFA/Alarm Activation | O44: PFA/Alarm Activation | P44: PUKEKOHE INTERMEDIATE SCHOOL | Q44: 2 | R44: ["PUKE551","PUKE557"] | S44: 44-74 Queen St, Pukekohe | T44: Pukekohe intermediate | U44: XStr WESLEY ST / HARRIS ST | V44: False Alarm | W44: SO Jellyman | X44: . | Y44: . | Z44: . | AA44: I | AB44: I | AC44: . | AD44: . | AE44: . | AF44: . | AG44: . | AH44: I | AI44: . | AJ44: I | AK44: I | AL44: . | AM44: I | AN44: . | AO44: I | AP44: . | AQ44: . | AR44: I | AS44: . | AT44: . | AU44: . | AV44: . | AW44: . | AX44: . | AY44: . | AZ44: . | BA44: . | BB44: . | BC44: . | BD44: . | BE44: . | BF44: I | BG44: I | BM44: =COUNTIF($X44:$BF44, "I") -> 9 | BN44: =COUNTIFS($X44:$BF44, "I",$X$2:$BF$2, "DR" ) -> 4 | BO44: =COUNTIFS($X44:$BF44, "I",$X$5:$BF$5, "OF" ) -> 2 | BP44: =COUNTIFS($X44:$BF44, "I",$X$5:$BF$5, "FF" ) -> 6 | BQ44: Wood | BR44: Accidental K46-2
A45: 31 | B45: 45678.16 | C45: 0.68819444 | D45: 45678 | E45: 45678 | F45: 587 | G45: 31 | H45: F4132318 | I45: F4132318 | J45: 0 | K45: =MONTH($J45) -> 1 | L45: 45 | M45: MED | N45: Medical | O45: Medical | Q45: 1 | R45: ["PUKE551"] | S45: 12 Four Oaks Pl, Pukekohe | T45: 12 Four Oaks Place | U45: XStr KAURI RD | V45: Not Cardiac Arrest | W45: SO Jellyman | X45: I | Y45: I | Z45: I | AA45: I | AB45: I | AC45: . | AD45: . | AE45: . | AF45: . | AG45: . | AH45: I | AI45: . | AJ45: I | AK45: I | AL45: . | AM45: I | AN45: . | AO45: I | AP45: . | AQ45: . | AR45: . | AS45: . | AT45: . | AU45: . | AV45: . | AW45: . | AX45: . | AY45: . | AZ45: . | BA45: . | BB45: . | BC45: . | BD45: . | BE45: . | BF45: . | BG45: I | BM45: =COUNTIF($X45:$BF45, "I") -> 10 | BN45: =COUNTIFS($X45:$BF45, "I",$X$2:$BF$2, "DR" ) -> 3 | BO45: =COUNTIFS($X45:$BF45, "I",$X$5:$BF$5, "OF" ) -> 5 | BP45: =COUNTIFS($X45:$BF45, "I",$X$5:$BF$5, "FF" ) -> 5 | BQ45: Wood | BR45: Assisted Ambulance Status 1
A46: 32 | B46: 45679.875 | C46: 0.40833333 | D46: 45680 | E46: 45680 | F46: 588 | G46: 32 | H46: F4133469 | I46: F4133469 | J46: 0 | K46: =MONTH($J46) -> 1 | L46: 46 | M46: MED | N46: Medical | O46: Medical | Q46: 1 | R46: ["PUKE551"] | S46: 16 Kennelly Cr, Pukekohe | T46: 16 kennelly cr | U46: XStr KIWI PL / MONTGOMERY AV | V46: K49 | W46: DCFO Ravji | X46: . | Y46: I | Z46: . | AA46: . | AB46: . | AC46: . | AD46: . | AE46: . | AF46: I | AG46: . | AH46: . | AI46: . | AJ46: I | AK46: . | AL46: . | AM46: . | AN46: . | AO46: . | AP46: . | AQ46: . | AR46: I | AS46: . | AT46: . | AU46: I | AV46: . | AW46: . | AX46: . | AY46: . | AZ46: . | BA46: . | BB46: . | BC46: . | BD46: . | BE46: . | BF46: . | BG46: I | BM46: =COUNTIF($X46:$BF46, "I") -> 5 | BN46: =COUNTIFS($X46:$BF46, "I",$X$2:$BF$2, "DR" ) -> 2 | BO46: =COUNTIFS($X46:$BF46, "I",$X$5:$BF$5, "OF" ) -> 1 | BP46: =COUNTIFS($X46:$BF46, "I",$X$5:$BF$5, "FF" ) -> 4 | BQ46: Binnie | BR46: Stood Down Prior to Arrival
A47: 33 | B47: 45680.032 | C47: 0.55416667 | D47: 45680 | E47: 45680 | F47: 589 | G47: 33 | H47: F4133649 | I47: F4133469 | J47: 0 | K47: =MONTH($J47) -> 1 | L47: 47 | M47: MVCHEVY | N47: MVC | O47: MVC | P47: BED BATH AND BEYOND PUKEKOHE | Q47: 2 | R47: ["PUKE551","PUKE557"] | S47: 132 Manukau Rd, Pukekohe | T47: 132 Manukau Rd | U47: XStr KIWI PL / MONTGOMERY AV | V47: Not Trapped | W47: SSO Wood | X47: . | Y47: I | Z47: . | AA47: I | AB47: . | AC47: . | AD47: . | AE47: . | AF47: I | AG47: . | AH47: I | AI47: I | AJ47: I | AK47: . | AL47: . | AM47: . | AN47: I | AO47: . | AP47: . | AQ47: . | AR47: . | AS47: . | AT47: . | AU47: I | AV47: . | AW47: . | AX47: . | AY47: . | AZ47: . | BA47: . | BB47: . | BC47: . | BD47: . | BE47: . | BF47: I | BG47: . | BM47: =COUNTIF($X47:$BF47, "I") -> 9 | BN47: =COUNTIFS($X47:$BF47, "I",$X$2:$BF$2, "DR" ) -> 2 | BO47: =COUNTIFS($X47:$BF47, "I",$X$5:$BF$5, "OF" ) -> 2 | BP47: =COUNTIFS($X47:$BF47, "I",$X$5:$BF$5, "FF" ) -> 6 | BQ47: Wood | BR47: Truck v Car
A48: 34 | B48: 45680.141 | C48: 0.66319444 | D48: 45680 | E48: 45680 | F48: 590 | G48: 34 | H48: F4133775 | I48: F4133775 | J48: 0 | K48: =MONTH($J48) -> 1 | L48: 48 | M48: FIREALM | N48: PFA/Alarm Activation | O48: PFA/Alarm Activation | P48: PGG WRIGHTSON FRUITFED SUPPLIES STORE PUKEKOHE | Q48: 2 | R48: ["PUKE551","PUKE557"] | S48: 219 Manukau Rd, Pukekohe | T48: PGA Wrightsons Manukau Road | U48: XStr WRIGHTSON WAY / BUCKLAND RD | V48: False Alarm | W48: CFO Robinson | X48: I | Y48: . | Z48: . | AA48: . | AB48: I | AC48: . | AD48: . | AE48: . | AF48: . | AG48: . | AH48: I | AI48: . | AJ48: . | AK48: . | AL48: . | AM48: . | AN48: I | AO48: . | AP48: . | AQ48: . | AR48: . | AS48: I | AT48: . | AU48: . | AV48: . | AW48: . | AX48: I | AY48: I | AZ48: . | BA48: . | BB48: . | BC48: . | BD48: . | BE48: . | BF48: I | BG48: . | BM48: =COUNTIF($X48:$BF48, "I") -> 8 | BN48: =COUNTIFS($X48:$BF48, "I",$X$2:$BF$2, "DR" ) -> 2 | BO48: =COUNTIFS($X48:$BF48, "I",$X$5:$BF$5, "OF" ) -> 2 | BP48: =COUNTIFS($X48:$BF48, "I",$X$5:$BF$5, "FF" ) -> 5 | BQ48: Jelly | BR48: Accidental K46-2
A49: 35 | B49: 45680.188 | C49: 0.71597222 | D49: 45680 | E49: 45679 | F49: 591 | G49: 35 | H49: F4133818 | I49: F4133818 | J49: 0 | K49: =MONTH($J49) -> 1 | L49: 49 | M49: MIN | N49: Smoke in Vicinity | O49: Vegetation Fire | Q49: 1 | R49: ["PUKE551"] | S49: Jutland Rd, Pukekohe | T49: Jutland Rd | U49: XStr JUTLAND RD / BELMONT RD | V49: Vegetation Fire | W49: SO Jellyman | X49: I | Y49: . | Z49: . | AA49: I | AB49: I | AC49: . | AD49: . | AE49: . | AF49: . | AG49: . | AH49: I | AI49: . | AJ49: . | AK49: . | AL49: . | AM49: . | AN49: . | AO49: I | AP49: . | AQ49: . | AR49: I | AS49: . | AT49: . | AU49: . | AV49: I | AW49: . | AX49: I | AY49: . | AZ49: . | BA49: . | BB49: . | BC49: . | BD49: . | BE49: . | BF49: I | BG49: I | BM49: =COUNTIF($X49:$BF49, "I") -> 9 | BN49: =COUNTIFS($X49:$BF49, "I",$X$2:$BF$2, "DR" ) -> 1 | BO49: =COUNTIFS($X49:$BF49, "I",$X$5:$BF$5, "OF" ) -> 3 | BP49: =COUNTIFS($X49:$BF49, "I",$X$5:$BF$5, "FF" ) -> 5 | BQ49: Grant | BR49: Fire in Creekbed K12
A50: 36 | B50: 45680.621 | C50: 0.11736111 | D50: 45681 | E50: 45681 | F50: 592 | G50: 36 | H50: F4133984 | I50: F4133984 | J50: 45681 | K50: =MONTH($J50) -> 1 | L50: 50 | M50: MIN | N50: Car Fire | O50: Car fire | Q50: 2 | R50: ["PUKE551","PUKE557"] | S50: Gun Club Rd, Pukekohe | T50: Cnr gun club Helvetia road | U50: XStr HELVETIA RD / GUN CLUB RD | V50: Mobile Property Fire | W50: SSO Hart | X50: . | Y50: . | Z50: I | AA50: I | AB50: . | AC50: . | AD50: . | AE50: . | AF50: . | AG50: . | AH50: I | AI50: . | AJ50: . | AL50: I | AM50: I | AN50: . | AO50: . | AP50: . | AQ50: . | AR50: I | AS50: . | AT50: I | AU50: . | AV50: I | AW50: . | AX50: . | AY50: . | AZ50: . | BA50: . | BB50: . | BC50: . | BD50: . | BE50: . | BF50: . | BG50: . | BM50: =COUNTIF($X50:$BF50, "I") -> 8 | BN50: =COUNTIFS($X50:$BF50, "I",$X$2:$BF$2, "DR" ) -> 2 | BO50: =COUNTIFS($X50:$BF50, "I",$X$5:$BF$5, "OF" ) -> 2 | BP50: =COUNTIFS($X50:$BF50, "I",$X$5:$BF$5, "FF" ) -> 6 | BQ50: Wood | BR50: Car Fire
A51: 37 | B51: 45681.511 | C51: 0.034027778 | D51: 45682 | E51: 45682 | F51: 593 | G51: 37 | H51: F4134681 | I51: F4134681 | J51: 45682 | K51: =MONTH($J51) -> 1 | L51: 51 | M51: STRU | N51: PFA/Alarm Activation | O51: PFA/Alarm Activation | P51: LITTLE ED PUKEKOHE | Q51: 2 | R51: ["PUKE551","PUKE557"] | S51: 36 Edinburgh St, Pukekohe | T51: 36 Edinburgh Street | U51: XStr DEVON LA / KING ST | V51: False Alarm | W51: CFO Robinson | X51: I | Y51: I | Z51: . | AA51: . | AB51: . | AC51: . | AD51: . | AE51: . | AF51: . | AG51: . | AH51: I | AI51: . | AJ51: I | AL51: . | AM51: . | AN51: . | AO51: . | AP51: I | AQ51: . | AR51: . | AS51: I | AT51: . | AU51: . | AV51: I | AW51: . | AX51: . | AY51: . | AZ51: . | BA51: . | BB51: . | BC51: . | BD51: . | BE51: . | BF51: . | BG51: . | BM51: =COUNTIF($X51:$BF51, "I") -> 7 | BN51: =COUNTIFS($X51:$BF51, "I",$X$2:$BF$2, "DR" ) -> 2 | BO51: =COUNTIFS($X51:$BF51, "I",$X$5:$BF$5, "OF" ) -> 2 | BP51: =COUNTIFS($X51:$BF51, "I",$X$5:$BF$5, "FF" ) -> 5 | BQ51: Grayson | BR51: Accidental K46-2
A52: 38 | B52: 45681.607 | C52: 0.13819444 | D52: 45682 | E52: 45682 | F52: 594 | G52: 38 | H52: F4134717 | I52: F4134717 | J52: 45682 | K52: =MONTH($J52) -> 1 | L52: 52 | M52: MIN | N52: Rubbish Fire | O52: Fire in Vicinity | Q52: 1 | R52: ["PUKE551"] | S52: 105 Helvetia Rd, Pukekohe | T52: Kauri / Helvetia | U52: XStr BIRDWOOD RD / WAIRAU PL | V52: Rubbish Fire | W52: DCFO Ravji | X52: I | Y52: I | Z52: . | AA52: . | AB52: . | AC52: . | AD52: . | AE52: . | AF52: . | AG52: . | AH52: I | AI52: I | AJ52: I | AL52: . | AM52: . | AN52: . | AO52: . | AP52: I | AQ52: . | AR52: . | AS52: I | AT52: . | AU52: . | AV52: I | AW52: . | AX52: I | AY52: . | AZ52: . | BA52: . | BB52: . | BC52: . | BD52: . | BE52: . | BF52: I | BG52: . | BM52: =COUNTIF($X52:$BF52, "I") -> 10 | BN52: =COUNTIFS($X52:$BF52, "I",$X$2:$BF$2, "DR" ) -> 2 | BO52: =COUNTIFS($X52:$BF52, "I",$X$5:$BF$5, "OF" ) -> 2 | BP52: =COUNTIFS($X52:$BF52, "I",$X$5:$BF$5, "FF" ) -> 7 | BQ52: Wall John | BR52: Extinguished
A53: 39 | B53: 45681.905 | C53: 0.36527778 | D53: 45682 | E53: 45682 | F53: 595 | G53: 39 | H53: F4134816 | I53: F4134816 | J53: 45682 | K53: =MONTH($J53) -> 1 | L53: 53 | M53: MVCHEVY | N53: MVC | O53: MVC | P53: WK501 WAIKATO EXPRESSWAY (NORTHBOUND NIKAU RD TO MILL RD) | Q53: 1 | R53: ["PUKE551"] | S53: Great South Rd, Bombay | T53: WK501 Waikato Expressway | U53: XStr BEAVER RD WEST OFF-RAMP / BEAVER RD WEST ON-RAMP | V53: Not Trapped | W53: POKE507 | X53: I | Y53: I | Z53: . | AA53: . | AB53: . | AC53: . | AD53: . | AE53: . | AF53: . | AG53: . | AH53: I | AI53: I | AJ53: I | AL53: I | AM53: . | AN53: . | AO53: . | AP53: I | AQ53: . | AR53: . | AS53: I | AT53: I | AU53: . | AV53: . | AW53: . | AX53: I | AY53: . | AZ53: . | BD53: . | BE53: . | BF53: I | BG53: . | BM53: =COUNTIF($X53:$BF53, "I") -> 11 | BN53: =COUNTIFS($X53:$BF53, "I",$X$2:$BF$2, "DR" ) -> 2 | BO53: =COUNTIFS($X53:$BF53, "I",$X$5:$BF$5, "OF" ) -> 2 | BP53: =COUNTIFS($X53:$BF53, "I",$X$5:$BF$5, "FF" ) -> 8 | BQ53: Grant | BR53: Car v Truck
A54: 40 | B54: 45681.966 | C54: 0.42361111 | D54: 45682 | E54: 45682 | F54: 596 | G54: 40 | H54: F4134887 | I54: F4134887 | J54: 45682 | K54: =MONTH($J54) -> 1 | L54: 54 | M54: VEG | N54: Vegetation Fire | O54: Vegetation Fire | Q54: 2 | R54: ["PUKE551","PUKE5529"] | S54: 44 Beaver Rd East, Bombay | T54: 44 Beaver Road | U54: XStr RAZORBACK RD / BEAVER RD EAST OFF-RAMP | V54: Vegetation Fire | W54: POKE507 | X54: I | Y54: I | Z54: . | AA54: . | AB54: . | AC54: . | AD54: . | AE54: . | AF54: I | AG54: . | AH54: . | AI54: . | AJ54: I | AL54: . | AM54: . | AN54: . | AO54: . | AP54: . | AQ54: I | AR54: I | AS54: I | AT54: I | AU54: . | AV54: I | AW54: . | AX54: . | AY54: . | AZ54: . | BA54: I | BD54: . | BE54: . | BF54: I | BG54: . | BM54: =COUNTIF($X54:$BF54, "I") -> 11 | BN54: =COUNTIFS($X54:$BF54, "I",$X$2:$BF$2, "DR" ) -> 3 | BO54: =COUNTIFS($X54:$BF54, "I",$X$5:$BF$5, "OF" ) -> 2 | BP54: =COUNTIFS($X54:$BF54, "I",$X$5:$BF$5, "FF" ) -> 8 | BQ54: Grayson | BR54: Fire in woodland 40x50m
A55: 41 | B55: 45682.209 | C55: 0.69375 | D55: 45682 | E55: 45682 | F55: 597 | G55: 42 | H55: F4135093 | I55: F4135093 | J55: 45682 | K55: =MONTH($J55) -> 1 | L55: 55 | M55: VEG | N55: Vegetation Fire | O55: Vegetation Fire | Q55: 2 | R55: ["PUKE551","PUKE557"] | S55: 1548 Buckville Rd, Buckland | T55: 154 Buckville Rd, Buckland | U55: XStr JAMIESON RD / HARRISVILLE RD | V55: Vegetation Fire | W55: DCFO Ravji | X55: I | Y55: I | Z55: . | AA55: . | AB55: . | AC55: . | AD55: . | AE55: . | AF55: I | AG55: . | AH55: . | AI55: . | AJ55: I | AL55: I | AM55: . | AN55: . | AO55: . | AP55: . | AQ55: I | AR55: . | AS55: I | AT55: . | AU55: . | AV55: . | AW55: . | AX55: . | AY55: . | AZ55: . | BA55: I | BD55: . | BE55: . | BF55: . | BG55: . | BM55: =COUNTIF($X55:$BF55, "I") -> 8 | BN55: =COUNTIFS($X55:$BF55, "I",$X$2:$BF$2, "DR" ) -> 2 | BO55: =COUNTIFS($X55:$BF55, "I",$X$5:$BF$5, "OF" ) -> 2 | BP55: =COUNTIFS($X55:$BF55, "I",$X$5:$BF$5, "FF" ) -> 6 | BQ55: Bond | BR55: Burnoff spread to scrub
A56: 42 | B56: 45682.53 | C56: 0.0625 | D56: 45683 | E56: 45683 | F56: 598 | G56: 41 | H56: F4135284 | I56: F4135284 | J56: 45683 | K56: =MONTH($J56) -> 1 | L56: 56 | M56: MED | N56: Medical | O56: Medical | Q56: 1 | R56: ["PUKE551"] | S56: 90 Valley Rd, Pukekohe | T56: 90 valley road | U56: XStr REYNOLDS RD / MAX SHORT DR | V56: K49 | W56: DCFO Ravji | X56: I | Y56: I | Z56: . | AA56: . | AB56: . | AC56: I | AD56: . | AE56: . | AF56: . | AG56: . | AH56: I | AI56: . | AJ56: I | AL56: I | AM56: . | AN56: . | AO56: . | AP56: . | AQ56: I | AR56: . | AS56: I | AT56: . | AU56: . | AV56: . | AW56: . | AX56: . | AY56: . | AZ56: . | BD56: . | BE56: . | BF56: . | BG56: . | BM56: =COUNTIF($X56:$BF56, "I") -> 8 | BN56: =COUNTIFS($X56:$BF56, "I",$X$2:$BF$2, "DR" ) -> 2 | BO56: =COUNTIFS($X56:$BF56, "I",$X$5:$BF$5, "OF" ) -> 3 | BP56: =COUNTIFS($X56:$BF56, "I",$X$5:$BF$5, "FF" ) -> 5 | BQ56: Maxwell | BR56: Stood Down enroute - continued for lift assist - assisted Status 2
A57: 43 | B57: 45683.182 | C57: 0.71388889 | D57: 45683 | E57: 45683 | F57: 599 | G57: 43 | H57: F4135701 | I57: F4135701 | J57: 45683 | K57: =MONTH($J57) -> 1 | L57: 57 | M57: MIN | N57: Person Locked In Car | O57: Person locked in car | Q57: 1 | R57: ["PUKE551"] | S57: 116A Princes St, Pukekohe | T57: 116A Princess Strees | U57: XStr MONTGOMERY AV / HELVETIA RD | V57: Trapped | W57: DCFO Ravji | X57: . | Y57: I | Z57: . | AA57: . | AB57: . | AC57: . | AD57: . | AE57: . | AF57: I | AG57: I | AH57: . | AI57: I | AJ57: . | AL57: . | AM57: . | AN57: . | AO57: I | AP57: . | AQ57: I | AR57: . | AS57: I | AT57: . | AU57: . | AV57: I | AW57: . | AX57: . | AY57: . | AZ57: . | BD57: . | BE57: . | BF57: . | BG57: . | BM57: =COUNTIF($X57:$BF57, "I") -> 8 | BN57: =COUNTIFS($X57:$BF57, "I",$X$2:$BF$2, "DR" ) -> 2 | BO57: =COUNTIFS($X57:$BF57, "I",$X$5:$BF$5, "OF" ) -> 1 | BP57: =COUNTIFS($X57:$BF57, "I",$X$5:$BF$5, "FF" ) -> 7 | BQ57: Grayson | BR57: Person Released by Brigade
A58: 44 | B58: 45683.234 | C58: 0.75625 | D58: 45683 | E58: 45683 | F58: 600 | G58: 44 | H58: F4135729 | I58: F4135729 | J58: 45683 | K58: =MONTH($J58) -> 1 | L58: 58 | M58: MVC | N58: Car v Power Pole | O58: MVC | Q58: 2 | R58: ["PUKE551","PUKE557"] | S58: 120 Helvetia Rd, Pukekohe | T58: 120 Helvetia rd | U58: XStr WAIRUA PL / KAURI RD | V58: Not Trapped | W58: SO Irving | X58: . | Y58: I | Z58: . | AA58: . | AB58: . | AC58: I | AD58: . | AE58: . | AF58: I | AG58: I | AH58: . | AI58: . | AJ58: . | AL58: . | AM58: . | AN58: . | AO58: I | AP58: . | AQ58: I | AR58: . | AS58: . | AT58: . | AU58: . | AV58: I | AW58: . | AX58: I | AY58: . | AZ58: . | BC58: I | BD58: . | BE58: . | BF58: . | BG58: I | BM58: =COUNTIF($X58:$BF58, "I") -> 9 | BN58: =COUNTIFS($X58:$BF58, "I",$X$2:$BF$2, "DR" ) -> 1 | BO58: =COUNTIFS($X58:$BF58, "I",$X$5:$BF$5, "OF" ) -> 2 | BP58: =COUNTIFS($X58:$BF58, "I",$X$5:$BF$5, "FF" ) -> 7 | BQ58: Grayson | BR58: Traffic Control
A59: 45 | B59: 45684.934 | C59: 0.46111111 | D59: 45685 | E59: 45685 | F59: 601 | G59: 45 | H59: F4136689 | I59: F4136689 | J59: 45685 | K59: =MONTH($J59) -> 1 | L59: 59 | M59: FIREALM | N59: PFA/Alarm Activation | O59: PFA/Alarm Activation | P59: PUKEKOHE INTERMEDIATE SCHOOL | Q59: 2 | R59: ["PUKE551","PUKE557"] | S59: 44-74 Queen St, Pukekohe | T59: 44-74 Queen Street | U59: XStr WESLEY ST / HARRIS ST | V59: False Alarm | W59: SSO Wood | X59: . | Y59: I | Z59: . | AA59: I | AB59: . | AC59: . | AD59: . | AE59: . | AF59: . | AG59: . | AH59: . | AI59: . | AJ59: I | AK59: I | AL59: . | AM59: . | AN59: . | AO59: I | AP59: . | AQ59: I | AR59: . | AS59: . | AT59: . | AU59: . | AV59: I | AW59: . | AX59: . | AY59: . | AZ59: . | BB59: I | BD59: . | BE59: . | BF59: I | BG59: . | BM59: =COUNTIF($X59:$BF59, "I") -> 9 | BN59: =COUNTIFS($X59:$BF59, "I",$X$2:$BF$2, "DR" ) -> 2 | BO59: =COUNTIFS($X59:$BF59, "I",$X$5:$BF$5, "OF" ) -> 2 | BP59: =COUNTIFS($X59:$BF59, "I",$X$5:$BF$5, "FF" ) -> 6 | BQ59: Grayson | BR59: Contractors
A60: 46 | B60: 45685.234 | C60: 0.74583333 | D60: 45685 | E60: 45685 | F60: 602 | G60: 46 | H60: F4137022 | I60: F4137022 | J60: 45685 | K60: =MONTH($J60) -> 1 | L60: 60 | M60: VEG | N60: Vegetation Fire | O60: Vegetation Fire | Q60: 2 | R60: ["PUKE551","PUKE5529"] | S60: 106 Pukekohe East Rd, Pukekohe | T60: Pukekohe East Road | U60: XStr ANSELMI RIDGE RD / VALLEY ROYAL WAY | V60: Vegetation Fire | W60: CFO Robinson | X60: I | Y60: I | Z60: I | AA60: I | AB60: I | AC60: . | AD60: . | AE60: . | AF60: I | AG60: . | AH60: . | AI60: . | AJ60: I | AL60: I | AM60: I | AN60: . | AO60: I | AP60: . | AQ60: I | AR60: I | AS60: . | AT60: . | AU60: . | AV60: I | AW60: . | AX60: . | AY60: . | AZ60: . | BD60: . | BE60: . | BF60: I | BG60: . | BM60: =COUNTIF($X60:$BF60, "I") -> 14 | BN60: =COUNTIFS($X60:$BF60, "I",$X$2:$BF$2, "DR" ) -> 3 | BO60: =COUNTIFS($X60:$BF60, "I",$X$5:$BF$5, "OF" ) -> 5 | BP60: =COUNTIFS($X60:$BF60, "I",$X$5:$BF$5, "FF" ) -> 8 | BQ60: Jelly | BR60: 3 x 2 m
A61: 47 | B61: 45685.319 | C61: 0.84166667 | D61: 45685 | E61: 45685 | F61: 603 | G61: 47 | H61: F4137082 | I61: F4137082 | J61: 45685 | K61: =MONTH($J61) -> 1 | L61: 61 | M61: SPRNKLR | N61: PFA/Alarm Activation | O61: PFA/Alarm Activation | P61: COUNTIES ENERGY PUKEKOHE | Q61: 1 | R61: ["PUKE551"] | S61: 14 Glasgow Rd, Pukekohe | T61: Counties Energy 14 Glasgow Rd | U61: XStr MANUKAU RD / JOHN ST | V61: False Alarm | W61: PAPA387 | X61: I | Y61: I | Z61: I | AA61: I | AB61: I | AC61: . | AD61: . | AE61: I | AF61: I | AG61: . | AH61: . | AI61: I | AJ61: I | AL61: I | AM61: I | AN61: I | AO61: I | AP61: . | AQ61: I | AR61: I | AS61: I | AT61: I | AU61: . | AV61: I | AW61: . | AX61: . | AY61: . | AZ61: I | BA61: I | BB61: I | BC61: I | BD61: I | BE61: I | BF61: I | BG61: . | BM61: =COUNTIF($X61:$BF61, "I") -> 25 | BN61: =COUNTIFS($X61:$BF61, "I",$X$2:$BF$2, "DR" ) -> 5 | BO61: =COUNTIFS($X61:$BF61, "I",$X$5:$BF$5, "OF" ) -> 5 | BP61: =COUNTIFS($X61:$BF61, "I",$X$5:$BF$5, "FF" ) -> 17 | BQ61: Bondy | BR61: Undetermined K46-7
A62: 48 | B62: 45685.362 | C62: 0.89513889 | D62: 45685 | E62: 45685 | F62: 604 | G62: 48 | H62: F4137127 | I62: F4137127 | J62: 45685 | K62: =MONTH($J62) -> 1 | L62: 62 | M62: MIN | N62: Rubbish Fire | O62: Rubbish Bin Fire | Q62: 1 | R62: ["PUKE551"] | S62: Logan Rd, Buckland | T62: Logan Road, Buckland, opposite hall | U62: XStr BUCKLAND RD / BUCKVILLE RD | V62: Rubbish Fire | W62: SSO Hart | X62: I | Y62: I | Z62: I | AA62: I | AB62: I | AC62: . | AD62: . | AE62: . | AF62: . | AG62: . | AH62: . | AI62: I | AJ62: . | AL62: . | AM62: . | AN62: . | AO62: I | AP62: . | AQ62: . | AR62: I | AS62: . | AT62: I | AU62: . | AV62: I | AW62: . | AX62: . | AY62: . | AZ62: . | BA62: I | BB62: I | BC62: I | BD62: . | BE62: I | BF62: . | BG62: . | BM62: =COUNTIF($X62:$BF62, "I") -> 14 | BN62: =COUNTIFS($X62:$BF62, "I",$X$2:$BF$2, "DR" ) -> 1 | BO62: =COUNTIFS($X62:$BF62, "I",$X$5:$BF$5, "OF" ) -> 5 | BP62: =COUNTIFS($X62:$BF62, "I",$X$5:$BF$5, "FF" ) -> 8 | BQ62: Mel | BR62: Extinguished
A63: 49 | B63: 45685.526 | C63: 0.059027778 | D63: 45686 | E63: 45686 | F63: 605 | G63: 49 | H63: F4137176 | I63: F4137176 | J63: 45686 | K63: =MONTH($J63) -> 1 | L63: 63 | M63: MIN | N63: Rubbish Fire | O63: Rubbish fire | Q63: 1 | R63: ["PUKE551"] | S63: 3A Birdwood Rd, Pukekohe | T63: 3a Birdwood Road | U63: XStr HELVETIA RD / FRANK HEWITT ST | V63: Rubbish Fire | W63: CFO Robinson | X63: I | Y63: . | Z63: I | AA63: . | AB63: . | AC63: . | AD63: . | AE63: . | AF63: . | AG63: . | AH63: . | AI63: . | AJ63: . | AL63: . | AM63: I | AN63: . | AO63: I | AP63: . | AQ63: . | AR63: . | AS63: I | AT63: . | AU63: . | AV63: . | AW63: . | AX63: . | AY63: . | AZ63: . | BD63: . | BE63: . | BF63: . | BG63: I | BM63: =COUNTIF($X63:$BF63, "I") -> 5 | BN63: =COUNTIFS($X63:$BF63, "I",$X$2:$BF$2, "DR" ) -> 2 | BO63: =COUNTIFS($X63:$BF63, "I",$X$5:$BF$5, "OF" ) -> 2 | BP63: =COUNTIFS($X63:$BF63, "I",$X$5:$BF$5, "FF" ) -> 3 | BQ63: J Ryan | BR63: OOA NABB
A64: 50 | B64: 45685.64 | C64: 0.16805556 | D64: 45686 | E64: 45686 | F64: 606 | G64: 50 | H64: F4137187 | I64: F4137187 | J64: 45686 | K64: =MONTH($J64) -> 1 | L64: 64 | M64: MIN | N64: Other Fire | O64: Structure Fire | P64: COUNTIES MANUKAU HOCKEY ASSOCIATION | Q64: 1 | R64: ["PUKE551"] | S64: Beresford St, Pukekohe | T64: Beresford Street | U64: XStr SANGAM PL / BARSANA PL | V64: Playground Equipment Fire | W64: CFO Robinson | X64: I | Y64: . | Z64: . | AA64: . | AB64: I | AC64: . | AD64: . | AE64: . | AF64: . | AG64: . | AH64: . | AI64: . | AJ64: . | AL64: . | AM64: I | AN64: . | AO64: I | AP64: . | AQ64: . | AR64: . | AS64: . | AT64: . | AU64: . | AV64: . | AW64: . | AX64: . | AY64: . | AZ64: . | BD64: . | BE64: . | BF64: . | BG64: . | BM64: =COUNTIF($X64:$BF64, "I") -> 4 | BN64: =COUNTIFS($X64:$BF64, "I",$X$2:$BF$2, "DR" ) -> 1 | BO64: =COUNTIFS($X64:$BF64, "I",$X$5:$BF$5, "OF" ) -> 2 | BP64: =COUNTIFS($X64:$BF64, "I",$X$5:$BF$5, "FF" ) -> 2 | BQ64: Jelly | BR64: Extinguished
A65: 51 | B65: 45685.861 | C65: 0.38958333 | D65: 45686 | E65: 45686 | F65: 607 | G65: 51 | H65: F4137327 | I65: F4137327 | J65: 45686 | K65: =MONTH($J65) -> 1 | L65: 65 | M65: MIN | N65: Rubbish Fire | O65: Tyres on Fire | P65: ON ROAD TRANSPORT PUKEKOHE | Q65: 1 | R65: ["PUKE551"] | S65: 2169 Buckland Rd, Buckland | T65: 2169 Buckland Rd | U65: XStr PARKER LA / FRIEDLANDER RD | V65: Rubbish Fire | W65: TUAK517 | X65: . | Y65: . | Z65: . | AA65: I | AB65: I | AC65: . | AD65: . | AE65: . | AF65: . | AG65: . | AH65: . | AI65: . | AJ65: I | AK65: I | AL65: . | AM65: I | AN65: . | AO65: I | AP65: . | AQ65: . | AR65: . | AS65: . | AT65: . | AU65: . | AV65: I | AW65: . | AX65: . | AY65: . | AZ65: . | BD65: . | BE65: . | BF65: . | BG65: . | BM65: =COUNTIF($X65:$BF65, "I") -> 7 | BN65: =COUNTIFS($X65:$BF65, "I",$X$2:$BF$2, "DR" ) -> 3 | BO65: =COUNTIFS($X65:$BF65, "I",$X$5:$BF$5, "OF" ) -> 2 | BP65: =COUNTIFS($X65:$BF65, "I",$X$5:$BF$5, "FF" ) -> 5 | BQ65: Wood | BR65: Extinguished
A66: 52 | B66: 45686.445 | C66: 0.97638889 | D66: 45686 | E66: 45686 | F66: 608 | G66: 52 | H66: F4137923 | I66: F4137923 | J66: 45686 | K66: =MONTH($J66) -> 1 | L66: 66 | M66: FIREALM | N66: PFA/Alarm Activation | O66: PFA/Alarm Activation | P66: GUTHRIE BOWRON PUKEKOHE | Q66: 2 | R66: ["PUKE551","PUKE557"] | S66: 16C Wrightson Way, Pukekohe | T66: Guthrie Bowron | U66: XStr MANUKAU RD / SVENDSEN RD | V66: False Alarm | W66: CFO Robinson | X66: I | Y66: . | Z66: I | AA66: I | AB66: I | AC66: . | AD66: . | AE66: . | AF66: . | AG66: . | AH66: . | AI66: I | AJ66: I | AL66: I | AM66: I | AN66: . | AO66: I | AP66: . | AQ66: . | AR66: I | AS66: I | AT66: . | AU66: . | AV66: I | AW66: . | AX66: . | AY66: . | AZ66: . | BD66: . | BE66: . | BF66: . | BG66: . | BM66: =COUNTIF($X66:$BF66, "I") -> 12 | BN66: =COUNTIFS($X66:$BF66, "I",$X$2:$BF$2, "DR" ) -> 4 | BO66: =COUNTIFS($X66:$BF66, "I",$X$5:$BF$5, "OF" ) -> 4 | BP66: =COUNTIFS($X66:$BF66, "I",$X$5:$BF$5, "FF" ) -> 8 | BQ66: Jelly | BR66: Accidental K46-2
A67: 53 | B67: 45687.258 | C67: 0.79305556 | D67: 45687 | E67: 45687 | F67: 609 | G67: 53 | H67: F4138621 | I67: F4138621 | J67: 45687 | K67: =MONTH($J67) -> 1 | L67: 67 | M67: VEG | N67: Vegetation Fire | O67: Vegetation Fire | Q67: 1 | R67: ["PUKE551"] | S67: 121 West St, Pukekohe | T67: 121 West Street | U67: XStr PATERSON AV / ARVIDSON WAY | V67: Vegetation Fire | W67: SSO Wood | X67: I | Y67: I | Z67: I | AA67: I | AB67: I | AC67: . | AD67: . | AE67: . | AF67: I | AG67: I | AH67: . | AI67: . | AJ67: . | AL67: . | AM67: I | AN67: . | AO67: . | AP67: . | AQ67: . | AR67: I | AS67: . | AT67: I | AU67: . | AV67: . | AW67: . | AX67: . | AY67: . | AZ67: . | BB67: I | BD67: . | BE67: . | BF67: I | BG67: . | BM67: =COUNTIF($X67:$BF67, "I") -> 12 | BN67: =COUNTIFS($X67:$BF67, "I",$X$2:$BF$2, "DR" ) -> 3 | BO67: =COUNTIFS($X67:$BF67, "I",$X$5:$BF$5, "OF" ) -> 5 | BP67: =COUNTIFS($X67:$BF67, "I",$X$5:$BF$5, "FF" ) -> 6 | BQ67: Jelly | BR67: Extinguished
A68: 54 | B68: 45687.276 | C68: 0.80972222 | D68: 45687 | E68: 45687 | F68: 610 | G68: 54 | H68: F4138632 | I68: F4138632 | J68: 45687 | K68: =MONTH($J68) -> 1 | L68: 68 | M68: VEG | N68: Vegetation Fire | O68: Vegetation Fire | Q68: 1 | R68: ["PUKE551"] | S68: John St, Pukekohe | T68: John Street | U68: XStr HARRIS ST / COLLIE RD | V68: Vegetation Fire | W68: SSO Wood | X68: I | Y68: I | Z68: I | AA68: I | AB68: I | AC68: I | AD68: . | AE68: . | AF68: I | AG68: I | AH68: . | AI68: I | AJ68: . | AL68: . | AM68: I | AN68: . | AO68: . | AP68: . | AQ68: . | AR68: I | AS68: I | AT68: I | AU68: . | AV68: . | AW68: . | AX68: . | AY68: . | AZ68: . | BB68: I | BD68: . | BE68: . | BF68: . | BG68: . | BM68: =COUNTIF($X68:$BF68, "I") -> 14 | BN68: =COUNTIFS($X68:$BF68, "I",$X$2:$BF$2, "DR" ) -> 4 | BO68: =COUNTIFS($X68:$BF68, "I",$X$5:$BF$5, "OF" ) -> 6 | BP68: =COUNTIFS($X68:$BF68, "I",$X$5:$BF$5, "FF" ) -> 8 | BQ68: Jelly | BR68: Extinguished
A69: 55 | B69: 45687.738 | C69: 0.25694444 | D69: 45687 | E69: 45688 | F69: 611 | G69: 55 | H69: F4138769 | I69: F4138769 | J69: 45688 | K69: =MONTH($J69) -> 1 | L69: 69 | M69: MVCRESC | N69: MVC | O69: MVC | Q69: 3 | R69: ["PUKE551","PUKE557","PUKE5529"] | S69: Heights Rd, Paerata | T69: Nights Road | U69: XStr HEIGHTS RD / PAERATA RD | V69: Not Trapped | W69: SSO Hart | X69: I | Y69: I | Z69: I | AA69: I | AB69: I | AC69: . | AD69: . | AE69: . | AF69: . | AG69: . | AH69: . | AI69: I | AJ69: . | AL69: I | AM69: I | AN69: . | AO69: . | AP69: . | AQ69: . | AR69: I | AS69: I | AT69: . | AU69: . | AV69: . | AW69: . | AX69: . | AY69: . | AZ69: . | BB69: I | BD69: . | BE69: . | BF69: . | BG69: I | BM69: =COUNTIF($X69:$BF69, "I") -> 11 | BN69: =COUNTIFS($X69:$BF69, "I",$X$2:$BF$2, "DR" ) -> 3 | BO69: =COUNTIFS($X69:$BF69, "I",$X$5:$BF$5, "OF" ) -> 5 | BP69: =COUNTIFS($X69:$BF69, "I",$X$5:$BF$5, "FF" ) -> 6 | BQ69: Jelly | BR69: Car v Powerpole
A70: 56 | B70: 45687.793 | C70: 0.31944444 | D70: 45688 | E70: 45688 | F70: 612 | G70: 56 | H70: F4138802 | I70: F4138802 | J70: 45688 | K70: =MONTH($J70) -> 1 | L70: 70 | M70: FIREALM | N70: PFA/Alarm Activation | O70: PFA/Alarm Activation | P70: BUNNINGS WAREHOUSE TRADE CENTRE PUKEKOHE | Q70: 2 | R70: ["PUKE551","PUKE557"] | S70: 5 Crosbie Rd, Pukekohe | T70: Bunnings Crosbie Road | U70: XStr MANUKAU RD / AUSTEN PL | V70: False Alarm | W70: CFO Robinson | X70: I | Y70: I | Z70: . | AA70: I | AB70: I | AC70: . | AD70: . | AE70: . | AF70: . | AG70: . | AH70: . | AI70: . | AJ70: . | AL70: . | AM70: I | AN70: . | AO70: . | AP70: . | AQ70: . | AR70: . | AS70: I | AT70: . | AU70: . | AV70: . | AW70: . | AX70: . | AY70: . | AZ70: . | BB70: I | BD70: . | BE70: . | BF70: . | BG70: . | BM70: =COUNTIF($X70:$BF70, "I") -> 7 | BN70: =COUNTIFS($X70:$BF70, "I",$X$2:$BF$2, "DR" ) -> 2 | BO70: =COUNTIFS($X70:$BF70, "I",$X$5:$BF$5, "OF" ) -> 4 | BP70: =COUNTIFS($X70:$BF70, "I",$X$5:$BF$5, "FF" ) -> 3 | BQ70: Jelly | BR70: Accidental K46-2
A71: 57 | B71: 45688.048 | C71: 0.57361111 | D71: 45688 | E71: 45686 | F71: 613 | G71: 57 | H71: F4139119 | I71: F4139119 | J71: 45688 | K71: =MONTH($J71) -> 1 | L71: 71 | M71: MIN | N71: Ring Cutter Required | O71: Ring cutter | P71: URGENT CARE FRANKLIN | Q71: 1 | R71: ["PUKE5529"] | S71: 12 Glasgow Rd, Pukekohe | T71: Urgent care Franklin 12 Glasgow Rd | U71: XStr MANUKAU RD / JOHN ST | V71: Ring Stuck | W71: SSO Wood | X71: I | Y71: I | Z71: . | AA71: I | AB71: . | AC71: . | AD71: . | AE71: . | AF71: . | AG71: . | AH71: . | AI71: . | AJ71: I | AL71: . | AM71: I | AN71: . | AO71: . | AP71: . | AQ71: . | AR71: . | AS71: . | AT71: . | AU71: . | AV71: . | AW71: . | AX71: I | AY71: . | AZ71: . | BB71: I | BD71: . | BE71: . | BF71: I | BG71: . | BM71: =COUNTIF($X71:$BF71, "I") -> 8 | BN71: =COUNTIFS($X71:$BF71, "I",$X$2:$BF$2, "DR" ) -> 2 | BO71: =COUNTIFS($X71:$BF71, "I",$X$5:$BF$5, "OF" ) -> 3 | BP71: =COUNTIFS($X71:$BF71, "I",$X$5:$BF$5, "FF" ) -> 4 | BQ71: SSO Wood | BR71: Ring Removed Dremel
A72: 58 | B72: 45689.101 | C72: 0.63541667 | D72: 45689 | E72: 45686 | F72: 614 | G72: 58 | H72: F4139790 | I72: F4139790 | J72: 45689 | K72: =MONTH($J72) -> 2 | L72: 72 | M72: MIN | N72: Rubbish Fire | O72: Rubbish fire | Q72: 1 | R72: ["PUKE551"] | S72: 51 Victoria St, Pukekohe | T72: 51 Victoria st | U72: XStr HARRINGTON AV / MONTGOMERY AV | V72: Rubbish Fire | W72: SSO Hart | X72: I | Y72: I | Z72: I | AA72: . | AB72: . | AC72: . | AD72: . | AE72: . | AF72: . | AG72: . | AH72: . | AI72: . | AJ72: . | AL72: I | AM72: . | AN72: I | AO72: . | AP72: . | AQ72: . | AR72: . | AS72: . | AT72: . | AU72: . | AV72: . | AW72: . | AX72: . | AY72: . | AZ72: . | BD72: . | BE72: . | BF72: I | BG72: . | BM72: =COUNTIF($X72:$BF72, "I") -> 6 | BN72: =COUNTIFS($X72:$BF72, "I",$X$2:$BF$2, "DR" ) -> 1 | BO72: =COUNTIFS($X72:$BF72, "I",$X$5:$BF$5, "OF" ) -> 3 | BP72: =COUNTIFS($X72:$BF72, "I",$X$5:$BF$5, "FF" ) -> 2 | BQ72: Bharat | BR72: Controlled Burn
A73: 59 | B73: 45689.353 | C73: 0.79027778 | D73: 45689 | E73: 45686 | F73: 615 | G73: 59 | H73: F4139909 | I73: F4139909 | J73: 45689 | K73: =MONTH($J73) -> 2 | L73: 73 | M73: MIN | N73: Rubbish Fire | O73: Vegetation Fire | P73: PUKEKOHE GOLF COURSE | Q73: 2 | R73: ["PUKE551","PUKE557"] | S73: Karaka Rd, Karaka | T73: Pukekohe golf course | U73: XStr GELLERT RD / TE RATA BLVD | V73: Vegetation Fire | W73: SSO Wood | X73: . | Y73: I | Z73: I | AA73: I | AB73: . | AC73: . | AD73: . | AE73: . | AF73: . | AG73: . | AH73: . | AI73: . | AJ73: I | AL73: I | AM73: . | AN73: . | AO73: . | AP73: . | AQ73: . | AR73: I | AS73: I | AT73: I | AU73: . | AV73: . | AW73: . | AX73: . | AY73: . | AZ73: . | BA73: I | BC73: I | BD73: . | BE73: . | BF73: . | BG73: . | BM73: =COUNTIF($X73:$BF73, "I") -> 10 | BN73: =COUNTIFS($X73:$BF73, "I",$X$2:$BF$2, "DR" ) -> 3 | BO73: =COUNTIFS($X73:$BF73, "I",$X$5:$BF$5, "OF" ) -> 3 | BP73: =COUNTIFS($X73:$BF73, "I",$X$5:$BF$5, "FF" ) -> 7 | BQ73: Bharat | BR73: Extinguished
A74: 60 | B74: 45691.005 | C74: 0.46180556 | D74: 45691 | E74: 45691 | F74: 616 | G74: 60 | H74: F4140776 | I74: F4140776 | J74: 45691 | K74: =MONTH($J74) -> 2 | L74: 74 | M74: STRU | N74: Structure Fire | O74: Structure Fire | Q74: 1 | R74: ["PUKE551"] | S74: 7 Ewing Rd, Tuakau | T74: 7 Ewing Road | U74: XStr WHANGARATA RD / POTTER RD | V74: Structure Fire | W74: TUAK517 | X74: . | Y74: . | Z74: . | AA74: . | AB74: . | AC74: . | AD74: . | AE74: . | AF74: I | AG74: . | AH74: . | AI74: . | AJ74: I | AL74: . | AM74: I | AN74: . | AO74: . | AP74: . | AQ74: . | AR74: . | AS74: I | AT74: I | AU74: I | AV74: I | AW74: . | AX74: . | AY74: . | AZ74: . | BD74: . | BE74: I | BF74: I | BG74: . | BM74: =COUNTIF($X74:$BF74, "I") -> 9 | BN74: =COUNTIFS($X74:$BF74, "I",$X$2:$BF$2, "DR" ) -> 3 | BO74: =COUNTIFS($X74:$BF74, "I",$X$5:$BF$5, "OF" ) -> 0 | BP74: =COUNTIFS($X74:$BF74, "I",$X$5:$BF$5, "FF" ) -> 7 | BQ74: Grayson | BR74: 2 Alarm
A75: 61 | B75: 45691.884 | C75: 0.41736111 | D75: 45692 | E75: 45692 | F75: 617 | G75: 61 | H75: F4141575 | I75: F4141575 | J75: 45692 | K75: =MONTH($J75) -> 2 | L75: 75 | M75: MIN | N75: Ring Cutter Required | O75: Ring Cutter Required | P75: FIRE STATION PUKEKOHE | Q75: 1 | R75: ["PUKE551"] | S75: 24 Wellington St, Pukekohe | T75: 24 Wellington St, Pukekohe | U75: XStr HARRIS ST / FAIRFIELD ST | V75: Ring Stuck | W75: SO Jellyman | X75: . | Y75: I | Z75: . | AA75: . | AB75: I | AC75: . | AD75: . | AE75: . | AF75: I | AG75: . | AH75: . | AI75: . | AJ75: . | AK75: I | AL75: . | AM75: I | AN75: I | AO75: . | AP75: . | AQ75: . | AR75: I | AS75: I | AT75: . | AU75: . | AV75: . | AW75: . | AX75: I | AY75: . | AZ75: . | BD75: . | BE75: . | BF75: . | BG75: . | BM75: =COUNTIF($X75:$BF75, "I") -> 9 | BN75: =COUNTIFS($X75:$BF75, "I",$X$2:$BF$2, "DR" ) -> 5 | BO75: =COUNTIFS($X75:$BF75, "I",$X$5:$BF$5, "OF" ) -> 2 | BP75: =COUNTIFS($X75:$BF75, "I",$X$5:$BF$5, "FF" ) -> 7 | BQ75: R Bharat | BR75: Ring Removed
A76: 62 | B76: 45693.109 | C76: 0.64166667 | D76: 45693 | E76: 45691 | F76: 618 | G76: 62 | H76: F4142766 | I76: F4142766 | J76: 45693 | K76: =MONTH($J76) -> 2 | L76: 76 | M76: FIREALM | N76: PFA/Alarm Activation | O76: PFA/Alarm Activation | P76: TUAKAU MEMORIAL HALL | Q76: 1 | R76: ["PUKE551"] | S76: 70 George St, Tuakau | T76: Tuakau Memorial Hall, Hall St Tuakau | U76: XStr HALL ST / HENDERSON AV | V76: False Alarm | W76: TUAK511 | X76: . | Y76: . | Z76: . | AA76: . | AB76: . | AC76: . | AD76: . | AE76: . | AF76: . | AG76: I | AH76: I | AI76: . | AJ76: . | AK76: I | AL76: . | AM76: I | AN76: . | AO76: . | AP76: . | AQ76: . | AR76: . | AS76: . | AT76: . | AU76: . | AV76: I | AW76: . | AX76: I | AY76: . | AZ76: . | BB76: I | BD76: . | BE76: . | BF76: I | BG76: . | BM76: =COUNTIF($X76:$BF76, "I") -> 8 | BN76: =COUNTIFS($X76:$BF76, "I",$X$2:$BF$2, "DR" ) -> 3 | BO76: =COUNTIFS($X76:$BF76, "I",$X$5:$BF$5, "OF" ) -> 0 | BP76: =COUNTIFS($X76:$BF76, "I",$X$5:$BF$5, "FF" ) -> 7 | BQ76: Jellyman B | BR76: Tuakau Short of Crew
A77: 63 | B77: 45694.629 | C77: 0.083333333 | D77: 45695 | E77: 45695 | F77: 619 | G77: 63 | H77: F4143651 | I77: F4143651 | J77: 45695 | K77: =MONTH($J77) -> 2 | L77: 77 | M77: STRU | N77: Structure Fire | O77: Structure Fire | P77: WASH N SAVE PUKEKOHE | Q77: 3 | R77: ["PUKE551","PUKE557","PUKE5529"] | S77: 12 Hall St, Pukekohe | T77: 12 Hall St | U77: XStr LODGE ST / STADIUM DR | V77: Structure Fire | W77: CFO Robinson | X77: I | Y77: . | Z77: . | AA77: I | AB77: . | AC77: . | AD77: . | AE77: . | AF77: . | AG77: I | AH77: I | AI77: I | AJ77: I | AL77: . | AM77: . | AN77: . | AO77: . | AP77: . | AQ77: . | AR77: I | AS77: I | AT77: . | AU77: . | AV77: I | AW77: . | AX77: . | AY77: . | AZ77: . | BA77: I | BC77: I | BD77: . | BE77: . | BF77: I | BG77: . | BM77: =COUNTIF($X77:$BF77, "I") -> 12 | BN77: =COUNTIFS($X77:$BF77, "I",$X$2:$BF$2, "DR" ) -> 4 | BO77: =COUNTIFS($X77:$BF77, "I",$X$5:$BF$5, "OF" ) -> 2 | BP77: =COUNTIFS($X77:$BF77, "I",$X$5:$BF$5, "FF" ) -> 9 | BQ77: John | BR77: Fire in Dryer at laundromat
A78: 64 | B78: 45695.196 | C78: 0.71875 | D78: 45695 | E78: 45695 | F78: 620 | G78: 64 | H78: F4144146 | I78: F4144146 | J78: 45695 | K78: =MONTH($J78) -> 2 | L78: 78 | M78: VEG | N78: Vegetation Fire | O78: Vegetation Fire | Q78: 1 | R78: ["PUKE551"] | S78: Kiwi Pl, Pukekohe | T78: Kiwi place | U78: XStr KENNELLY CR | V78: Vegetation Fire | W78: CFO Robinson | X78: I | Y78: . | Z78: . | AA78: I | AB78: . | AC78: . | AD78: . | AE78: . | AF78: . | AG78: I | AH78: I | AI78: I | AJ78: I | AK78: I | AL78: I | AM78: . | AN78: . | AO78: . | AP78: I | AQ78: . | AR78: . | AS78: . | AT78: I | AU78: . | AV78: I | AW78: . | AX78: . | AY78: . | AZ78: . | BB78: I | BD78: . | BE78: . | BF78: . | BG78: . | BM78: =COUNTIF($X78:$BF78, "I") -> 12 | BN78: =COUNTIFS($X78:$BF78, "I",$X$2:$BF$2, "DR" ) -> 3 | BO78: =COUNTIFS($X78:$BF78, "I",$X$5:$BF$5, "OF" ) -> 2 | BP78: =COUNTIFS($X78:$BF78, "I",$X$5:$BF$5, "FF" ) -> 10 | BQ78: Wood | BR78: Treen and Bank Fire 1x2m
A79: 65 | B79: 45695.27 | C79: 0.78333333 | D79: 45695 | E79: 45695 | F79: 621 | G79: 65 | H79: F4144230 | I79: F4144230 | J79: 45695 | K79: =MONTH($J79) -> 2 | L79: 79 | M79: VEG | N79: Vegetation Fire | O79: Vegetation Fire | Q79: 1 | R79: ["PUKE551"] | S79: Kiwi Pl, Pukekohe | T79: Kiwi Place | U79: XStr KENNELLY CR | V79: Vegetation Fire | W79: SSO Wood | X79: I | Y79: I | Z79: . | AA79: I | AB79: . | AC79: . | AD79: . | AE79: . | AF79: . | AG79: I | AH79: I | AI79: . | AJ79: I | AK79: I | AL79: I | AM79: . | AN79: . | AO79: . | AP79: I | AQ79: . | AR79: . | AS79: . | AT79: I | AU79: I | AV79: I | AW79: . | AX79: . | AY79: . | AZ79: . | BB79: I | BD79: . | BE79: . | BF79: . | BG79: I | BM79: =COUNTIF($X79:$BF79, "I") -> 13 | BN79: =COUNTIFS($X79:$BF79, "I",$X$2:$BF$2, "DR" ) -> 3 | BO79: =COUNTIFS($X79:$BF79, "I",$X$5:$BF$5, "OF" ) -> 3 | BP79: =COUNTIFS($X79:$BF79, "I",$X$5:$BF$5, "FF" ) -> 10 | BQ79: Grayson. | BR79: Tree Smouldering
A80: 66 | B80: 45695.391 | C80: 0.90694444 | D80: 45695 | E80: 45695 | F80: 622 | G80: 66 | H80: F4144322 | I80: F4144322 | J80: 45695 | K80: =MONTH($J80) -> 2 | L80: 80 | M80: MVCRESC | N80: MVC | O80: MVC | Q80: 1 | R80: ["PUKE551","PUKE557"] | S80: 164 Seddon St, Pukekohe | T80: 164 Seddon Street, Pukekohe | U80: XStr HOGAN ST / EDINBURGH ST | V80: Not Trapped | W80: SSO Wood | X80: I | Y80: I | Z80: . | AA80: I | AB80: . | AC80: . | AD80: . | AE80: . | AF80: . | AG80: I | AH80: . | AI80: . | AJ80: . | AK80: I | AL80: . | AM80: I | AN80: . | AO80: . | AP80: I | AQ80: . | AR80: . | AS80: . | AT80: I | AU80: I | AV80: I | AW80: . | AX80: I | AY80: . | AZ80: . | BB80: I | BD80: I | BE80: . | BF80: . | BG80: . | BM80: =COUNTIF($X80:$BF80, "I") -> 13 | BN80: =COUNTIFS($X80:$BF80, "I",$X$2:$BF$2, "DR" ) -> 3 | BO80: =COUNTIFS($X80:$BF80, "I",$X$5:$BF$5, "OF" ) -> 3 | BP80: =COUNTIFS($X80:$BF80, "I",$X$5:$BF$5, "FF" ) -> 9 | BQ80: Ravji | BR80: Car v Light pole
A81: 67 | B81: 45695.551 | C81: 0.058333333 | D81: 45696 | E81: 45696 | F81: 623 | G81: 67 | H81: F4144375 | I81: F4144375 | J81: 45696 | K81: =MONTH($J81) -> 2 | L81: 81 | M81: MED | N81: Medical | O81: Medical | Q81: 1 | R81: ["PUKE551"] | S81: 222 Waiuku Rd, Puni | T81: 222 Waiuku Road | U81: XStr TRAMWAY RD / ATTEWELL RD | V81: K41-1 | W81: SSO Wood | X81: I | Y81: . | Z81: . | AA81: I | AB81: . | AC81: . | AD81: . | AE81: . | AF81: . | AG81: I | AH81: . | AI81: . | AJ81: . | AK81: I | AL81: . | AM81: . | AN81: . | AO81: . | AP81: I | AQ81: . | AR81: . | AS81: . | AT81: I | AU81: . | AV81: I | AW81: . | AX81: I | AY81: . | AZ81: . | BA81: I | BB81: I | BD81: . | BE81: . | BF81: . | BG81: I | BM81: =COUNTIF($X81:$BF81, "I") -> 10 | BN81: =COUNTIFS($X81:$BF81, "I",$X$2:$BF$2, "DR" ) -> 2 | BO81: =COUNTIFS($X81:$BF81, "I",$X$5:$BF$5, "OF" ) -> 2 | BP81: =COUNTIFS($X81:$BF81, "I",$X$5:$BF$5, "FF" ) -> 8 | BQ81: Grayson | BR81: K13 and CPR done
A82: 68 | B82: 45696.116 | C82: 0.65138889 | D82: 45696 | E82: 45696 | F82: 624 | G82: 68 | H82: F4144649 | I82: F4144649 | J82: 45696 | K82: =MONTH($J82) -> 2 | L82: 82 | M82: VEG | N82: Vegetation Fire | O82: Vegetation Fire | Q82: 1 | R82: ["PUKE5529"] | S82: 151 Skyhigh Rd, Hunua | T82: 151 Skyhigh Road | U82: XStr MATHIS RD / BRIDLE WAY | V82: K28 | W82: HUNU4771 | X82: I | Y82: . | Z82: . | AA82: I | AB82: . | AC82: . | AD82: . | AE82: . | AF82: . | AG82: . | AH82: I | AI82: I | AJ82: I | AK82: I | AL82: . | AM82: . | AN82: . | AO82: I | AP82: . | AQ82: . | AR82: I | AS82: . | AT82: . | AU82: . | AV82: I | AW82: . | AX82: . | AY82: . | AZ82: . | BA82: I | BD82: . | BE82: . | BF82: . | BG82: . | BM82: =COUNTIF($X82:$BF82, "I") -> 10 | BN82: =COUNTIFS($X82:$BF82, "I",$X$2:$BF$2, "DR" ) -> 3 | BO82: =COUNTIFS($X82:$BF82, "I",$X$5:$BF$5, "OF" ) -> 2 | BP82: =COUNTIFS($X82:$BF82, "I",$X$5:$BF$5, "FF" ) -> 8 | BQ82: Grayson | BR82: 5529 attached in error due to data issue
A83: 69 | B83: 45696.515 | C83: 0.047222222 | D83: 45697 | E83: 45697 | F83: 625 | G83: 69 | H83: F4144899 | I83: F4144899 | J83: 45697 | K83: =MONTH($J83) -> 2 | L83: 83 | M83: MED | N83: Medical | O83: Medical | Q83: 1 | R83: ["PUKE551"] | S83: 166 wellington St, Pukekohe | T83: 166 Wellington st Pukekohe | U83: XStr EMSWORTH CT / BONAPARTE DR | V83: K49 | W83: SFF Robertson | X83: . | Y83: . | Z83: . | AA83: I | AB83: . | AC83: . | AD83: . | AE83: . | AF83: . | AG83: . | AH83: I | AI83: . | AJ83: I | AL83: . | AM83: I | AN83: . | AO83: . | AP83: . | AQ83: . | AR83: . | AS83: . | AT83: . | AU83: . | AV83: I | AW83: . | AX83: . | AY83: . | AZ83: . | BB83: I | BD83: . | BE83: . | BF83: . | BG83: . | BM83: =COUNTIF($X83:$BF83, "I") -> 6 | BN83: =COUNTIFS($X83:$BF83, "I",$X$2:$BF$2, "DR" ) -> 2 | BO83: =COUNTIFS($X83:$BF83, "I",$X$5:$BF$5, "OF" ) -> 1 | BP83: =COUNTIFS($X83:$BF83, "I",$X$5:$BF$5, "FF" ) -> 5 | BQ83: Mayo
A84: 70 | B84: 45696.588 | C84: 0.12013889 | D84: 45697 | E84: 45697 | F84: 626 | G84: 70 | H84: F4144934 | I84: F4144934 | J84: 45697 | K84: =MONTH($J84) -> 2 | L84: 84 | M84: MIN | N84: Rubbish Fire | O84: Fire in Vicinity | Q84: 1 | R84: ["PUKE551"] | S84: 105 Helvetia Rd, Pukekohe | T84: XStr Kauri Rd / Helvetia Rd | U84: XStr WAIRUA PL / KAURI RD | V84: Rubbish Fire | W84: SFF Robertson | X84: . | Y84: . | Z84: . | AA84: I | AB84: . | AC84: . | AD84: . | AE84: . | AF84: . | AG84: . | AH84: I | AI84: . | AJ84: I | AK84: I | AL84: . | AM84: I | AN84: . | AO84: . | AP84: . | AQ84: . | AR84: . | AS84: . | AT84: . | AU84: . | AV84: I | AW84: . | AX84: . | AY84: . | AZ84: . | BB84: I | BD84: . | BE84: . | BF84: . | BG84: . | BM84: =COUNTIF($X84:$BF84, "I") -> 7 | BN84: =COUNTIFS($X84:$BF84, "I",$X$2:$BF$2, "DR" ) -> 3 | BO84: =COUNTIFS($X84:$BF84, "I",$X$5:$BF$5, "OF" ) -> 1 | BP84: =COUNTIFS($X84:$BF84, "I",$X$5:$BF$5, "FF" ) -> 6 | BQ84: Wood | BR84: Extinguished
A85: 71 | B85: 45697.041 | C85: 0.57083333 | D85: 45697 | E85: 45696 | F85: 627 | G85: 71 | H85: F4145190 | I85: F4145190 | J85: 45697 | K85: =MONTH($J85) -> 2 | L85: 85 | M85: MED | N85: Medical | O85: Medical | Q85: 1 | R85: ["PUKE551"] | S85: 114 Lisle Farm Dr, Pukekohe | T85: 114A lisle Farm | U85: XStr TWOMEY DR | V85: K41-1 | W85: SSO Hart | X85: I | Y85: I | Z85: I | AA85: I | AB85: . | AC85: . | AD85: . | AE85: . | AF85: . | AG85: . | AH85: . | AI85: . | AJ85: . | AL85: I | AM85: . | AN85: . | AO85: . | AP85: . | AQ85: . | AR85: I | AS85: . | AT85: . | AU85: . | AV85: . | AW85: . | AX85: I | AY85: . | AZ85: . | BD85: . | BE85: . | BF85: . | BG85: I | BM85: =COUNTIF($X85:$BF85, "I") -> 7 | BN85: =COUNTIFS($X85:$BF85, "I",$X$2:$BF$2, "DR" ) -> 1 | BO85: =COUNTIFS($X85:$BF85, "I",$X$5:$BF$5, "OF" ) -> 4 | BP85: =COUNTIFS($X85:$BF85, "I",$X$5:$BF$5, "FF" ) -> 3 | BQ85: Bharat | BR85: Hanging CPR 29YOM
A86: 72 | B86: 45697.407 | C86: 0.93680556 | D86: 45697 | E86: 45697 | F86: 628 | G86: 72 | H86: F4145379 | I86: F4145379 | J86: 45697 | K86: =MONTH($J86) -> 2 | L86: 86 | M86: MIN | N86: Rubbish Fire | O86: Rubbish fire | Q86: 1 | R86: ["PUKE551"] | S86: 7 Churchill St, Pukekohe | T86: 15 Montgomery Av | U86: XStr MONTGOMERY AV / EDEN PL | V86: Rubbish Fire | W86: SO Jellyman | X86: . | Y86: I | Z86: . | AA86: I | AB86: I | AC86: I | AD86: . | AE86: . | AF86: . | AG86: . | AH86: . | AI86: . | AJ86: . | AL86: . | AM86: . | AN86: . | AO86: . | AP86: . | AQ86: . | AR86: I | AS86: . | AT86: I | AU86: . | AV86: I | AW86: . | AX86: . | AY86: . | AZ86: . | BD86: . | BE86: . | BF86: I | BG86: I | BM86: =COUNTIF($X86:$BF86, "I") -> 8 | BN86: =COUNTIFS($X86:$BF86, "I",$X$2:$BF$2, "DR" ) -> 1 | BO86: =COUNTIFS($X86:$BF86, "I",$X$5:$BF$5, "OF" ) -> 4 | BP86: =COUNTIFS($X86:$BF86, "I",$X$5:$BF$5, "FF" ) -> 3 | BQ86: Bharat | BR86: Extinguished 1x1m
A87: 73 | B87: 45697.668 | C87: 0.11597222 | D87: 45698 | E87: 45698 | F87: 629 | G87: 73 | H87: F4145428 | I87: F41454428 | J87: 45698 | K87: =MONTH($J87) -> 2 | L87: 87 | M87: STRU | N87: Structure Fire | O87: Structure Fire | P87: PUKEKOHE TENNIS CLUB | Q87: 2 | R87: ["PUKE551","PUKE557"] | S87: 82-86 West St, Pukekohe | T87: 82-86 west street pukekohe | U87: XStr PATERSON AV / ARVIDSON WAY | V87: Structure Fire | W87: SO Jellyman | X87: . | Y87: I | Z87: I | AA87: I | AB87: I | AC87: . | AD87: . | AE87: . | AF87: . | AG87: . | AH87: . | AI87: . | AJ87: . | AK87: I | AL87: . | AM87: . | AN87: . | AO87: . | AP87: . | AQ87: . | AR87: . | AS87: . | AT87: I | AU87: . | AV87: . | AW87: . | AX87: . | AY87: . | AZ87: . | BD87: . | BE87: . | BF87: . | BG87: I | BM87: =COUNTIF($X87:$BF87, "I") -> 6 | BN87: =COUNTIFS($X87:$BF87, "I",$X$2:$BF$2, "DR" ) -> 1 | BO87: =COUNTIFS($X87:$BF87, "I",$X$5:$BF$5, "OF" ) -> 4 | BP87: =COUNTIFS($X87:$BF87, "I",$X$5:$BF$5, "FF" ) -> 2 | BQ87: J Ryan | BR87: K99 15x10m
A88: 74 | B88: 45697.798 | C88: 0.32708333 | D88: 45698 | E88: 45698 | F88: 630 | G88: 74 | H88: F4145505 | I88: F4145505 | J88: 45698 | K88: =MONTH($J88) -> 2 | L88: 88 | M88: MED | N88: Medical | O88: Medical | Q88: 1 | R88: ["PUKE551"] | S88: 12 London St, Pukekohe | T88: 12 London Street | U88: XStr THAMES PL | V88: CPR | W88: DCFO Ravji | X88: . | Y88: I | Z88: . | AA88: . | AB88: . | AC88: . | AD88: . | AE88: . | AF88: . | AG88: . | AH88: I | AI88: . | AJ88: . | AK88: I | AL88: . | AM88: I | AN88: . | AO88: I | AP88: . | AQ88: . | AR88: I | AS88: . | AT88: . | AU88: . | AV88: . | AW88: . | AX88: . | AY88: . | AZ88: . | BB88: I | BD88: . | BE88: . | BF88: . | BG88: I | BM88: =COUNTIF($X88:$BF88, "I") -> 7 | BN88: =COUNTIFS($X88:$BF88, "I",$X$2:$BF$2, "DR" ) -> 3 | BO88: =COUNTIFS($X88:$BF88, "I",$X$5:$BF$5, "OF" ) -> 1 | BP88: =COUNTIFS($X88:$BF88, "I",$X$5:$BF$5, "FF" ) -> 6 | BQ88: Chapman | BR88: Cardiac Arrest ? ROSC
A89: 75 | B89: 45698.218 | C89: 0.72847222 | D89: 45698 | E89: 45698 | F89: 631 | G89: 75 | H89: F4146003 | I89: F4146003 | J89: 45698 | K89: =MONTH($J89) -> 2 | L89: 89 | M89: MIN | N89: Rubbish Fire | O89: Fire in Vicinity | Q89: 1 | R89: ["PUKE551"] | S89: 40 Isabella Dr, Pukekohe | T89: Isabella Dr | U89: XStr TORRIE WAY | V89: Rubbish Fire | W89: CFO Robinson | X89: I | Y89: I | Z89: I | AA89: I | AB89: . | AC89: . | AD89: . | AE89: . | AF89: . | AG89: . | AH89: I | AI89: . | AJ89: I | AK89: I | AL89: . | AM89: . | AN89: . | AO89: I | AP89: . | AQ89: I | AR89: . | AS89: . | AT89: . | AU89: . | AV89: I | AW89: . | AX89: I | AY89: . | AZ89: . | BD89: I | BE89: . | BF89: I | BG89: I | BM89: =COUNTIF($X89:$BF89, "I") -> 13 | BN89: =COUNTIFS($X89:$BF89, "I",$X$2:$BF$2, "DR" ) -> 2 | BO89: =COUNTIFS($X89:$BF89, "I",$X$5:$BF$5, "OF" ) -> 4 | BP89: =COUNTIFS($X89:$BF89, "I",$X$5:$BF$5, "FF" ) -> 7 | BQ89: Wood | BR89: Extinguished
A90: 76 | B90: 45698.222 | C90: 0.75555556 | D90: 45698 | E90: 45698 | F90: 632 | G90: 76 | H90: F4146030 | I90: 4146030 | J90: 45698 | K90: =MONTH($J90) -> 2 | L90: 90 | M90: FIREALM | N90: PFA/Alarm Activation | O90: PFA/Alarm Activation | P90: COUNTIES FITNESS PUKEKOHE | Q90: 2 | R90: ["PUKE551","PUKE557"] | S90: 151 Manukau Rd, Pukekohe | T90: Counties Fitness 151 Manukau Road | U90: XStr SUBWAY RD / CROSBIE RD | V90: False Alarm | W90: CFO Robinson | X90: I | Y90: I | Z90: I | AA90: I | AB90: . | AC90: . | AD90: . | AE90: . | AF90: . | AG90: . | AH90: I | AI90: . | AJ90: I | AK90: I | AL90: . | AM90: . | AN90: . | AO90: I | AP90: . | AQ90: I | AR90: . | AS90: . | AT90: . | AU90: . | AV90: I | AW90: . | AX90: I | AY90: . | AZ90: . | BD90: . | BE90: . | BF90: . | BG90: . | BM90: =COUNTIF($X90:$BF90, "I") -> 11 | BN90: =COUNTIFS($X90:$BF90, "I",$X$2:$BF$2, "DR" ) -> 2 | BO90: =COUNTIFS($X90:$BF90, "I",$X$5:$BF$5, "OF" ) -> 4 | BP90: =COUNTIFS($X90:$BF90, "I",$X$5:$BF$5, "FF" ) -> 7 | BQ90: Jellyman B | BR90: #100824
A91: 77 | B91: 45698.337 | C91: 0.84791667 | D91: 45698 | E91: 45698 | F91: 633 | G91: 77 | H91: F4146093 | I91: F4146090 | J91: 45698 | K91: =MONTH($J91) -> 2 | L91: 91 | M91: MIN | N91: Rubbish Fire | O91: Vegetation Fire | Q91: 1 | R91: ["PUKE551"] | S91: 43 Ostrich Farm Rd, Pukekohe | T91: 43 Ostrich Farm Rd | U91: XStr OSTRICH RD / HEIGHTS RD | V91: Rubbish Fire | W91: SO Irving | X91: I | Y91: I | Z91: I | AA91: I | AB91: . | AC91: I | AD91: . | AE91: . | AF91: . | AG91: I | AH91: I | AI91: . | AJ91: I | AK91: I | AL91: . | AM91: . | AN91: I | AO91: I | AP91: . | AQ91: I | AR91: I | AS91: I | AT91: . | AU91: I | AV91: I | AW91: I | AX91: I | AY91: . | AZ91: I | BA91: I | BB91: I | BD91: I | BE91: I | BF91: I | BG91: . | BM91: =COUNTIF($X91:$BF91, "I") -> 24 | BN91: =COUNTIFS($X91:$BF91, "I",$X$2:$BF$2, "DR" ) -> 6 | BO91: =COUNTIFS($X91:$BF91, "I",$X$5:$BF$5, "OF" ) -> 5 | BP91: =COUNTIFS($X91:$BF91, "I",$X$5:$BF$5, "FF" ) -> 16 | BQ91: Grant | BR91: Extinguished
