Workbook

Sheet Call Stats
B4: Call event type

Sheet Summary
A1: Musters | B1: 3 | C1: 4 | D1: 4 | E1: 5 | F1: 4 | G1: 4 | H1: 4 | I1: 2 | J1: =SUM(B1:I1) -> 30 | K1: 2023 | L1: 3 | M1: 4 | N1: 4 | O1: 5 | P1: 4 | Q1: 4 | R1: 5 | S1: 5 | T1: 5 | U1: 4 | V1: 4 | W1: 3 | X1: 50 | Y1: 2024 | Z1: 3 | AA1: 4 | AB1: 4 | AC1: 5 | AD1: 4 | AE1: 4 | AF1: 5 | AG1: 5 | AH1: 5 | AI1: 4 | AJ1: 4 | AK1: 3 | AL1: 50 | AM1: 2025 | AN1: =(Musters!AN1) -> 4 | AO1: =(Musters!AO1) -> 4 | AP1: =(Musters!AP1) -> 2 | AQ1: =(Musters!AQ1) -> 0 | AR1: =(Musters!AR1) -> 0 | AS1: =(Musters!AS1) -> 0 | AT1: =(Musters!AT1) -> 0 | AU1: =(Musters!AU1) -> 0 | ... AY1: =(Musters!AY1) -> 0 | AZ1: =SUM(AN1:AY1) -> 10 | BA1: 2026 | BB1: Total Calls | BC1: Total
A2: Monthly Call Count | B2: 32 | C2: 46 | D2: 47 | E2: 28 | F2: 38 | G2: 46 | H2: 43 | I2: 44 | J2: =SUM(B2:I2) -> 324 | L2: 58 | M2: 48 | N2: 47 | O2: 38 | P2: 55 | Q2: 43 | R2: 44 | S2: 49 | T2: 36 | U2: 42 | V2: 47 | W2: 52 | X2: =SUM($L$2:$W$2) -> 559 | Z2: 57 | AA2: 48 | AB2: 70 | AC2: 42 | AD2: 68 | AE2: 35 | AF2: 56 | AG2: 53 | AH2: 47 | AI2: 39 | AJ2: 58 | AK2: 79 | AL2: 652 | AN2: =AllCalls26!$D$3 -> 60 | AO2: =AllCalls26!$D$4 -> 44 | AP2: =AllCalls26!$D$5 -> 29 | AQ2: =AllCalls26!$D$6 -> 0 | AR2: =AllCalls26!$D$7 -> 0 | AS2: =AllCalls26!$D$8 -> 0 | AT2: =AllCalls26!$D$9 -> 0 | AU2: =AllCalls26!$D$10 -> 0 | AV2: =AllCalls26!$D$11 -> 0 | AW2: =AllCalls26!$D$12 -> 0 | AX2: =AllCalls26!$D$13 -> 0 | AY2: =AllCalls26!$D$14 -> 0 | AZ2: =SUM(AN2:AY2) -> 133 | BB2: =SUM($J2,$X2,AZ2) -> 1016
A3: Month | B3: May | C3: June | D3: July | E3: August | F3: September | G3: October | H3: November | I3: December | J3: Sum | K3: Totals | L3: January | M3: Febuary | N3: March | O3: April | P3: May | Q3: June | R3: July | S3: August | T3: September | U3: October | V3: November | W3: December | X3: Sum | Y3: Totals | Z3: January | AA3: Febuary | AB3: March | AC3: April | AD3: May | AE3: June | AF3: July | AG3: August | AH3: September | AI3: October | AJ3: November | AK3: December | AL3: Sum | AM3: Totals | AN3: January | AO3: Febuary | AP3: March | AQ3: April | AR3: May | AS3: June | AT3: July | AU3: August | AV3: September | AW3: October | AX3: November | AY3: December | AZ3: Sum | BA3: Totals | BB3: Total Calls | BC3: Average Call Attendance
A4: CFO John Robinson | B4: 21 | C4: 25 | D4: 16 | E4: 15 | F4: 11 | G4: 20 | H4: 18 | I4: 25 | J4: =SUM($B4:$I4) -> 151 | K4: =(J4/$J$2) -> 0.46604938 | L4: 34 | M4: 22 | N4: 22 | O4: 19 | P4: 24 | Q4: 19 | R4: 27 | S4: 18 | T4: 18 | U4: 17 | V4: 16 | W4: 21 | X4: 257 | Y4: 0.46206116 | Z4: 35 | AA4: 27 | AB4: 36 | AC4: 20 | AD4: 29 | AE4: 16 | AF4: 21 | AG4: 18 | AH4: 22 | AI4: 9 | AJ4: 24 | AK4: 50 | AL4: 307 | AM4: 0.4708589 | AN4: =COUNTIFS((AllCalls26!$X$15:$X$5112),"I",(AllCalls26!$K$15:$K$5112),"1") -> 29 | AO4: =COUNTIFS((AllCalls26!$X$15:$X$5112),"I",(AllCalls26!$K$15:$K$5112),"2") -> 25 | AP4: =COUNTIFS((AllCalls26!$X$15:$X$5112),"I",(AllCalls26!$K$15:$K$5112),"3") -> 8 | AQ4: =COUNTIFS((AllCalls26!$X$15:$X$5112),"I",(AllCalls26!$K$15:$K$5112),"4") -> 0 | AR4: =COUNTIFS((AllCalls26!$X$15:$X$5112),"I",(AllCalls26!$K$15:$K$5112),"5") -> 0 | AS4: =COUNTIFS((AllCalls26!$X$15:$X$5112),"I",(AllCalls26!$K$15:$K$5112),"6") -> 0 | AT4: =COUNTIFS((AllCalls26!$X$15:$X$5112),"I",(AllCalls26!$K$15:$K$5112),"7") -> 0 | AU4: =COUNTIFS((AllCalls26!$X$15:$X$5112),"I",(AllCalls26!$K$15:$K$5112),"8") -> 0 | AV4: =COUNTIFS((AllCalls26!$X$15:$X$5112),"I",(AllCalls26!$K$15:$K$5112),"9") -> 0 | AW4: =COUNTIFS((AllCalls26!$X$15:$X$5112),"I",(AllCalls26!$K$15:$K$5112),"10") -> 0 | AX4: =COUNTIFS((AllCalls26!$X$15:$X$5112),"I",(AllCalls26!$K$15:$K$5112),"11") -> 0 | AY4: =COUNTIFS((AllCalls26!$X$15:$X$5112),"I",(AllCalls26!$K$15:$K$5112),"12") -> 0 | AZ4: =SUM($AN4:$AY4) -> 62 | BA4: =(SUM($AZ4))/SUM($AZ$2) -> 0.46616541 | BB4: =SUM($J4,$X4,$AZ4) -> 470 | BC4: =(SUM(BB4))/SUM($BB$2) -> 0.46259843 | BD4: OF
A5: DCFO Bharat Ravji | B5: 14 | C5: 13 | D5: 21 | E5: 15 | F5: 2 | G5: 14 | H5: 26 | I5: 20 | J5: =SUM($B5:$I5) -> 125 | K5: =(J5/$J$2) -> 0.38580247 | L5: 40 | M5: 24 | N5: 17 | O5: 26 | P5: 29 | Q5: 14 | R5: 29 | S5: 24 | T5: 2 | U5: 17 | V5: 19 | W5: 2 | X5: 243 | Y5: 0.41676104 | Z5: 21 | AA5: 32 | AB5: 43 | AC5: 26 | AD5: 37 | AE5: 18 | AF5: 35 | AG5: 33 | AH5: 0 | AI5: 19 | AJ5: 39 | AK5: 57 | AL5: 360 | AM5: 0.55214724 | AN5: =COUNTIFS((AllCalls26!$Y$15:$Y$5112),"I",(AllCalls26!$K$15:$K$5112),"1") -> 32 | AO5: =COUNTIFS((AllCalls26!$Y$15:$Y$5112),"I",(AllCalls26!$K$15:$K$5112),"2") -> 22 | AP5: =COUNTIFS((AllCalls26!$Y$15:$Y$5112),"I",(AllCalls26!$K$15:$K$5112),"3") -> 17 | AQ5: =COUNTIFS((AllCalls26!$Y$15:$Y$5112),"I",(AllCalls26!$K$15:$K$5112),"4") -> 0 | AR5: =COUNTIFS((AllCalls26!$Y$15:$Y$5112),"I",(AllCalls26!$K$15:$K$5112),"5") -> 0 | AS5: =COUNTIFS((AllCalls26!$Y$15:$Y$5112),"I",(AllCalls26!$K$15:$K$5112),"6") -> 0 | AT5: =COUNTIFS((AllCalls26!$Y$15:$Y$5112),"I",(AllCalls26!$K$15:$K$5112),"7") -> 0 | AU5: =COUNTIFS((AllCalls26!$Y$15:$Y$5112),"I",(AllCalls26!$K$15:$K$5112),"8") -> 0 | AV5: =COUNTIFS((AllCalls26!$Y$15:$Y$5112),"I",(AllCalls26!$K$15:$K$5112),"9") -> 0 | AW5: =COUNTIFS((AllCalls26!$Y$15:$Y$5112),"I",(AllCalls26!$K$15:$K$5112),"10") -> 0 | AX5: =COUNTIFS((AllCalls26!$Y$15:$Y$5112),"I",(AllCalls26!$K$15:$K$5112),"11") -> 0 | AY5: =COUNTIFS((AllCalls26!$Y$15:$Y$5112),"I",(AllCalls26!$K$15:$K$5112),"12") -> 0 | AZ5: =SUM($AN5:$AY5) -> 71 | BA5: =(SUM($AZ5))/SUM($AZ$2) -> 0.53383459 | BB5: =SUM($J5,$X5,$AZ5) -> 439 | BC5: =(SUM(BB5))/SUM($BB$2) -> 0.43208661 | BD5: OF
A6: SSO Darcy Hart | B6: 4 | C6: 10 | D6: 10 | E6: 9 | F6: 12 | G6: 18 | H6: 12 | I6: 16 | J6: =SUM($B6:$I6) -> 91 | K6: =(J6/$J$2) -> 0.2808642 | L6: 18 | M6: 13 | N6: 8 | O6: 8 | P6: 10 | Q6: 5 | R6: 17 | S6: 21 | T6: 11 | U6: 17 | V6: 7 | W6: 30 | X6: 165 | Y6: 0.28992072 | Z6: 16 | AA6: 13 | AB6: 11 | AC6: 18 | AD6: 21 | AE6: 6 | AF6: 19 | AG6: 13 | AH6: 12 | AI6: 11 | AJ6: 13 | AK6: 16 | AL6: 169 | AM6: 0.25920245 | AN6: =COUNTIFS((AllCalls26!$Z$15:$Z$5112),"I",(AllCalls26!$K$15:$K$5112),"1") -> 16 | AO6: =COUNTIFS((AllCalls26!$Z$15:$Z$5112),"I",(AllCalls26!$K$15:$K$5112),"2") -> 7 | AP6: =COUNTIFS((AllCalls26!$Z$15:$Z$5112),"I",(AllCalls26!$K$15:$K$5112),"3") -> 6 | AQ6: =COUNTIFS((AllCalls26!$Z$15:$Z$5112),"I",(AllCalls26!$K$15:$K$5112),"4") -> 0 | AR6: =COUNTIFS((AllCalls26!$Z$15:$Z$5112),"I",(AllCalls26!$K$15:$K$5112),"5") -> 0 | AS6: =COUNTIFS((AllCalls26!$Z$15:$Z$5112),"I",(AllCalls26!$K$15:$K$5112),"6") -> 0 | AT6: =COUNTIFS((AllCalls26!$Z$15:$Z$5112),"I",(AllCalls26!$K$15:$K$5112),"7") -> 0 | AU6: =COUNTIFS((AllCalls26!$Z$15:$Z$5112),"I",(AllCalls26!$K$15:$K$5112),"8") -> 0 | AV6: =COUNTIFS((AllCalls26!$Z$15:$Z$5112),"I",(AllCalls26!$K$15:$K$5112),"9") -> 0 | AW6: =COUNTIFS((AllCalls26!$Z$15:$Z$5112),"I",(AllCalls26!$K$15:$K$5112),"10") -> 0 | AX6: =COUNTIFS((AllCalls26!$Z$15:$Z$5112),"I",(AllCalls26!$K$15:$K$5112),"11") -> 0 | AY6: =COUNTIFS((AllCalls26!$Z$15:$Z$5112),"I",(AllCalls26!$K$15:$K$5112),"12") -> 0 | AZ6: =SUM($AN6:$AY6) -> 29 | BA6: =(SUM($AZ6))/SUM($AZ$2) -> 0.21804511 | BB6: =SUM($J6,$X6,$AZ6) -> 285 | BC6: =(SUM(BB6))/SUM($BB$2) -> 0.28051181 | BD6: OF
A7: SSO Vaughan Wood | B7: 21 | C7: 15 | D7: 34 | E7: 9 | F7: 13 | G7: 14 | H7: 26 | I7: 22 | J7: =SUM($B7:$I7) -> 154 | K7: =(J7/$J$2) -> 0.47530864 | L7: 50 | M7: 27 | N7: 17 | O7: 26 | P7: 27 | Q7: 23 | R7: 36 | S7: 27 | T7: 20 | U7: 20 | V7: 30 | W7: 34 | X7: 337 | Y7: 0.55605889 | Z7: 30 | AA7: 33 | AB7: 39 | AC7: 24 | AD7: 21 | AE7: 21 | AF7: 43 | AG7: 33 | AH7: 39 | AI7: 29 | AJ7: 49 | AK7: 70 | AL7: 431 | AM7: 0.66104294 | AN7: =COUNTIFS((AllCalls26!$AA$15:$AA$5112),"I",(AllCalls26!$K$15:$K$5112),"1") -> 49 | AO7: =COUNTIFS((AllCalls26!$AA$15:$AA$5112),"I",(AllCalls26!$K$15:$K$5112),"2") -> 28 | AP7: =COUNTIFS((AllCalls26!$AA$15:$AA$5112),"I",(AllCalls26!$K$15:$K$5112),"3") -> 20 | AQ7: =COUNTIFS((AllCalls26!$AA$15:$AA$5112),"I",(AllCalls26!$K$15:$K$5112),"4") -> 0 | AR7: =COUNTIFS((AllCalls26!$AA$15:$AA$5112),"I",(AllCalls26!$K$15:$K$5112),"5") -> 0 | AS7: =COUNTIFS((AllCalls26!$AA$15:$AA$5112),"I",(AllCalls26!$K$15:$K$5112),"6") -> 0 | AT7: =COUNTIFS((AllCalls26!$AA$15:$AA$5112),"I",(AllCalls26!$K$15:$K$5112),"7") -> 0 | AU7: =COUNTIFS((AllCalls26!$AA$15:$AA$5112),"I",(AllCalls26!$K$15:$K$5112),"8") -> 0 | AV7: =COUNTIFS((AllCalls26!$AA$15:$AA$5112),"I",(AllCalls26!$K$15:$K$5112),"9") -> 0 | AW7: =COUNTIFS((AllCalls26!$AA$15:$AA$5112),"I",(AllCalls26!$K$15:$K$5112),"10") -> 0 | AX7: =COUNTIFS((AllCalls26!$AA$15:$AA$5112),"I",(AllCalls26!$K$15:$K$5112),"11") -> 0 | AY7: =COUNTIFS((AllCalls26!$AA$15:$AA$5112),"I",(AllCalls26!$K$15:$K$5112),"12") -> 0 | AZ7: =SUM($AN7:$AY7) -> 97 | BA7: =(SUM($AZ7))/SUM($AZ$2) -> 0.72932331 | BB7: =SUM($J7,$X7,$AZ7) -> 588 | BC7: =(SUM(BB7))/SUM($BB$2) -> 0.57874016 | BD7: OF
A8: SO Richard Jellyman | B8: 8 | C8: 23 | D8: 22 | E8: 10 | F8: 10 | G8: 25 | H8: 13 | I8: 10 | J8: =SUM($B8:$I8) -> 121 | K8: =(J8/$J$2) -> 0.37345679 | L8: 3 | M8: 11 | N8: 19 | O8: 8 | P8: 12 | Q8: 2 | R8: 14 | S8: 20 | T8: 6 | U8: 6 | V8: 21 | W8: 23 | X8: 145 | Y8: 0.30124575 | Z8: 19 | AA8: 15 | AB8: 26 | AC8: 26 | AD8: 40 | AE8: 18 | AF8: 29 | AG8: 0 | AH8: 16 | AI8: 9 | AJ8: 8 | AK8: 28 | AL8: 234 | AM8: 0.35889571 | AN8: =COUNTIFS((AllCalls26!$AB$15:$AB$5112),"I",(AllCalls26!$K$15:$K$5112),"1") -> 16 | AO8: =COUNTIFS((AllCalls26!$AB$15:$AB$5112),"I",(AllCalls26!$K$15:$K$5112),"2") -> 18 | AP8: =COUNTIFS((AllCalls26!$AB$15:$AB$5112),"I",(AllCalls26!$K$15:$K$5112),"3") -> 16 | AQ8: =COUNTIFS((AllCalls26!$AB$15:$AB$5112),"I",(AllCalls26!$K$15:$K$5112),"4") -> 0 | AR8: =COUNTIFS((AllCalls26!$AB$15:$AB$5112),"I",(AllCalls26!$K$15:$K$5112),"5") -> 0 | AS8: =COUNTIFS((AllCalls26!$AB$15:$AB$5112),"I",(AllCalls26!$K$15:$K$5112),"6") -> 0 | AT8: =COUNTIFS((AllCalls26!$AB$15:$AB$5112),"I",(AllCalls26!$K$15:$K$5112),"7") -> 0 | AU8: =COUNTIFS((AllCalls26!$AB$15:$AB$5112),"I",(AllCalls26!$K$15:$K$5112),"8") -> 0 | AV8: =COUNTIFS((AllCalls26!$AB$15:$AB$5112),"I",(AllCalls26!$K$15:$K$5112),"9") -> 0 | AW8: =COUNTIFS((AllCalls26!$AB$15:$AB$5112),"I",(AllCalls26!$K$15:$K$5112),"10") -> 0 | AX8: =COUNTIFS((AllCalls26!$AB$15:$AB$5112),"I",(AllCalls26!$K$15:$K$5112),"11") -> 0 | AY8: =COUNTIFS((AllCalls26!$AB$15:$AB$5112),"I",(AllCalls26!$K$15:$K$5112),"12") -> 0 | AZ8: =SUM($AN8:$AY8) -> 50 | BA8: =(SUM($AZ8))/SUM($AZ$2) -> 0.37593985 | BB8: =SUM($J8,$X8,$AZ8) -> 316 | BC8: =(SUM(BB8))/SUM($BB$2) -> 0.31102362 | BD8: OF
A9: SO Richard Irving | B9: 18 | C9: 17 | D9: 21 | E9: 7 | F9: 18 | G9: 10 | H9: 7 | I9: 7 | J9: =SUM($B9:$I9) -> 105 | K9: =(J9/$J$2) -> 0.32407407 | L9: 12 | M9: 13 | N9: 2 | O9: 10 | P9: 32 | Q9: 3 | R9: 4 | S9: 12 | T9: 14 | U9: 4 | V9: 5 | W9: 25 | X9: 136 | Y9: 0.27293318 | Z9: 13 | AA9: 7 | AB9: 11 | AC9: 8 | AD9: 19 | AE9: 12 | AF9: 18 | AG9: 5 | AH9: 8 | AI9: 2 | AJ9: 19 | AK9: 6 | AL9: 128 | AM9: 0.19631902 | AN9: =COUNTIFS((AllCalls26!$AC$15:$AC$5112),"I",(AllCalls26!$K$15:$K$5112),"1") -> 13 | AO9: =COUNTIFS((AllCalls26!$AC$15:$AC$5112),"I",(AllCalls26!$K$15:$K$5112),"2") -> 17 | AP9: =COUNTIFS((AllCalls26!$AC$15:$AC$5112),"I",(AllCalls26!$K$15:$K$5112),"3") -> 4 | AQ9: =COUNTIFS((AllCalls26!$AC$15:$AC$5112),"I",(AllCalls26!$K$15:$K$5112),"4") -> 0 | AR9: =COUNTIFS((AllCalls26!$AC$15:$AC$5112),"I",(AllCalls26!$K$15:$K$5112),"5") -> 0 | AS9: =COUNTIFS((AllCalls26!$AC$15:$AC$5112),"I",(AllCalls26!$K$15:$K$5112),"6") -> 0 | AT9: =COUNTIFS((AllCalls26!$AC$15:$AC$5112),"I",(AllCalls26!$K$15:$K$5112),"7") -> 0 | AU9: =COUNTIFS((AllCalls26!$AC$15:$AC$5112),"I",(AllCalls26!$K$15:$K$5112),"8") -> 0 | AV9: =COUNTIFS((AllCalls26!$AC$15:$AC$5112),"I",(AllCalls26!$K$15:$K$5112),"9") -> 0 | AW9: =COUNTIFS((AllCalls26!$AC$15:$AC$5112),"I",(AllCalls26!$K$15:$K$5112),"10") -> 0 | AX9: =COUNTIFS((AllCalls26!$AC$15:$AC$5112),"I",(AllCalls26!$K$15:$K$5112),"11") -> 0 | AY9: =COUNTIFS((AllCalls26!$AC$15:$AC$5112),"I",(AllCalls26!$K$15:$K$5112),"12") -> 0 | AZ9: =SUM($AN9:$AY9) -> 34 | BA9: =(SUM($AZ9))/SUM($AZ$2) -> 0.2556391 | BB9: =SUM($J9,$X9,$AZ9) -> 275 | BC9: =(SUM(BB9))/SUM($BB$2) -> 0.27066929 | BD9: OF
A10: SO Jon White | B10: 7 | C10: 0 | D10: 13 | E10: 11 | F10: 14 | G10: 30 | H10: 14 | I10: 22 | J10: =SUM($B10:$I10) -> 111 | K10: =(J10/$J$2) -> 0.34259259 | L10: 27 | M10: 21 | N10: 19 | O10: 17 | P10: 20 | Q10: 18 | R10: 18 | S10: 20 | T10: 14 | U10: 21 | V10: 17 | W10: 18 | X10: 230 | Y10: 0.38618347 | Z10: 13 | AA10: 0 | AB10: 3 | AC10: 8 | AD10: 28 | AE10: 14 | AF10: 14 | AG10: 23 | AH10: 16 | AI10: 11 | AJ10: 18 | AK10: 39 | AL10: 187 | AM10: 0.28680982 | AN10: =COUNTIFS((AllCalls26!$AD$15:$AD$5112),"I",(AllCalls26!$K$15:$K$5112),"1") -> 20 | AO10: =COUNTIFS((AllCalls26!$AD$15:$AD$5112),"I",(AllCalls26!$K$15:$K$5112),"2") -> 18 | AP10: =COUNTIFS((AllCalls26!$AD$15:$AD$5112),"I",(AllCalls26!$K$15:$K$5112),"3") -> 12 | AQ10: =COUNTIFS((AllCalls26!$AD$15:$AD$5112),"I",(AllCalls26!$K$15:$K$5112),"4") -> 0 | AR10: =COUNTIFS((AllCalls26!$AD$15:$AD$5112),"I",(AllCalls26!$K$15:$K$5112),"5") -> 0 | AS10: =COUNTIFS((AllCalls26!$AD$15:$AD$5112),"I",(AllCalls26!$K$15:$K$5112),"6") -> 0 | AT10: =COUNTIFS((AllCalls26!$AD$15:$AD$5112),"I",(AllCalls26!$K$15:$K$5112),"7") -> 0 | AU10: =COUNTIFS((AllCalls26!$AD$15:$AD$5112),"I",(AllCalls26!$K$15:$K$5112),"8") -> 0 | AV10: =COUNTIFS((AllCalls26!$AD$15:$AD$5112),"I",(AllCalls26!$K$15:$K$5112),"9") -> 0 | AW10: =COUNTIFS((AllCalls26!$AD$15:$AD$5112),"I",(AllCalls26!$K$15:$K$5112),"10") -> 0 | AX10: =COUNTIFS((AllCalls26!$AD$15:$AD$5112),"I",(AllCalls26!$K$15:$K$5112),"11") -> 0 | AY10: =COUNTIFS((AllCalls26!$AD$15:$AD$5112),"I",(AllCalls26!$K$15:$K$5112),"12") -> 0 | AZ10: =SUM($AN10:$AY10) -> 50 | BA10: =(SUM($AZ10))/SUM($AZ$2) -> 0.37593985 | BB10: =SUM($J10,$X10,$AZ10) -> 391 | BC10: =(SUM(BB10))/SUM($BB$2) -> 0.38484252 | BD10: OF
A11: SO William O'Connell | B11: 9 | C11: 11 | D11: 13 | E11: 9 | F11: 13 | G11: 12 | H11: 7 | I11: 13 | J11: =SUM($B11:$I11) -> 87 | K11: =(J11/$J$2) -> 0.26851852 | L11: 15 | M11: 20 | N11: 11 | O11: 6 | P11: 15 | Q11: 12 | R11: 12 | S11: 16 | T11: 12 | U11: 15 | V11: 26 | W11: 19 | X11: 179 | Y11: 0.30124575 | Z11: 23 | AA11: 14 | AB11: 19 | AC11: 12 | AD11: 19 | AE11: 13 | AF11: 8 | AG11: 25 | AH11: 10 | AI11: 17 | AJ11: 11 | AK11: 47 | AL11: 218 | AM11: 0.33435583 | AN11: =COUNTIFS((AllCalls26!$AE$15:$AE$5112),"I",(AllCalls26!$K$15:$K$5112),"1") -> 23 | AO11: =COUNTIFS((AllCalls26!$AE$15:$AE$5112),"I",(AllCalls26!$K$15:$K$5112),"2") -> 13 | AP11: =COUNTIFS((AllCalls26!$AE$15:$AE$5112),"I",(AllCalls26!$K$15:$K$5112),"3") -> 7 | AQ11: =COUNTIFS((AllCalls26!$AE$15:$AE$5112),"I",(AllCalls26!$K$15:$K$5112),"4") -> 0 | AR11: =COUNTIFS((AllCalls26!$AE$15:$AE$5112),"I",(AllCalls26!$K$15:$K$5112),"5") -> 0 | AS11: =COUNTIFS((AllCalls26!$AE$15:$AE$5112),"I",(AllCalls26!$K$15:$K$5112),"6") -> 0 | AT11: =COUNTIFS((AllCalls26!$AE$15:$AE$5112),"I",(AllCalls26!$K$15:$K$5112),"7") -> 0 | AU11: =COUNTIFS((AllCalls26!$AE$15:$AE$5112),"I",(AllCalls26!$K$15:$K$5112),"8") -> 0 | AV11: =COUNTIFS((AllCalls26!$AE$15:$AE$5112),"I",(AllCalls26!$K$15:$K$5112),"9") -> 0 | AW11: =COUNTIFS((AllCalls26!$AE$15:$AE$5112),"I",(AllCalls26!$K$15:$K$5112),"10") -> 0 | AX11: =COUNTIFS((AllCalls26!$AE$15:$AE$5112),"I",(AllCalls26!$K$15:$K$5112),"11") -> 0 | AY11: =COUNTIFS((AllCalls26!$AE$15:$AE$5112),"I",(AllCalls26!$K$15:$K$5112),"12") -> 0 | AZ11: =SUM($AN11:$AY11) -> 43 | BA11: =(SUM($AZ11))/SUM($AZ$2) -> 0.32330827 | BB11: =SUM($J11,$X11,$AZ11) -> 309 | BC11: =(SUM(BB11))/SUM($BB$2) -> 0.30413386 | BD11: OF
A12: SFF Brent Reynolds | B12: 7 | C12: 11 | D12: 11 | E12: 11 | F12: 6 | G12: 9 | H12: 5 | I12: 10 | J12: =SUM($B12:$I12) -> 70 | K12: =(J12/$J$2) -> 0.21604938 | L12: 12 | M12: 11 | N12: 5 | O12: 10 | P12: 9 | Q12: 4 | R12: 10 | S12: 4 | T12: 5 | U12: 21 | V12: 25 | W12: 27 | X12: 143 | Y12: 0.2412231 | Z12: 14 | AA12: 4 | AB12: 15 | AC12: 17 | AD12: 22 | AE12: 9 | AF12: 17 | AG12: 7 | AH12: 3 | AI12: 8 | AJ12: 14 | AK12: 3 | AL12: 133 | AM12: 0.20398773 | AN12: =COUNTIFS((AllCalls26!$AF$15:$AF$5112),"I",(AllCalls26!$K$15:$K$5112),"1") -> 5 | AO12: =COUNTIFS((AllCalls26!$AF$15:$AF$5112),"I",(AllCalls26!$K$15:$K$5112),"2") -> 5 | AP12: =COUNTIFS((AllCalls26!$AF$15:$AF$5112),"I",(AllCalls26!$K$15:$K$5112),"3") -> 4 | AQ12: =COUNTIFS((AllCalls26!$AF$15:$AF$5112),"I",(AllCalls26!$K$15:$K$5112),"4") -> 0 | AR12: =COUNTIFS((AllCalls26!$AF$15:$AF$5112),"I",(AllCalls26!$K$15:$K$5112),"5") -> 0 | AS12: =COUNTIFS((AllCalls26!$AF$15:$AF$5112),"I",(AllCalls26!$K$15:$K$5112),"6") -> 0 | AT12: =COUNTIFS((AllCalls26!$AF$15:$AF$5112),"I",(AllCalls26!$K$15:$K$5112),"7") -> 0 | AU12: =COUNTIFS((AllCalls26!$AF$15:$AF$5112),"I",(AllCalls26!$K$15:$K$5112),"8") -> 0 | AV12: =COUNTIFS((AllCalls26!$AF$15:$AF$5112),"I",(AllCalls26!$K$15:$K$5112),"9") -> 0 | AW12: =COUNTIFS((AllCalls26!$AF$15:$AF$5112),"I",(AllCalls26!$K$15:$K$5112),"10") -> 0 | AX12: =COUNTIFS((AllCalls26!$AF$15:$AF$5112),"I",(AllCalls26!$K$15:$K$5112),"11") -> 0 | AY12: =COUNTIFS((AllCalls26!$AF$15:$AF$5112),"I",(AllCalls26!$K$15:$K$5112),"12") -> 0 | AZ12: =SUM($AN12:$AY12) -> 14 | BA12: =(SUM($AZ12))/SUM($AZ$2) -> 0.10526316 | BB12: =SUM($J12,$X12,$AZ12) -> 227 | BC12: =(SUM(BB12))/SUM($BB$2) -> 0.2234252 | BD12: DR*
A13: SFF Joseph O'Neill-Gregory | B13: 8 | C13: 17 | D13: 19 | E13: 4 | F13: 1 | G13: 22 | H13: 14 | I13: 12 | J13: =SUM($B13:$I13) -> 97 | K13: =(J13/$J$2) -> 0.29938272 | L13: 21 | M13: 13 | N13: 3 | O13: 15 | P13: 16 | Q13: 12 | R13: 5 | S13: 0 | T13: 3 | U13: 13 | V13: 14 | W13: 19 | X13: 134 | Y13: 0.26160815 | Z13: 16 | AA13: 11 | AB13: 8 | AC13: 5 | AD13: 14 | AE13: 10 | AF13: 11 | AG13: 13 | AH13: 3 | AI13: 6 | AJ13: 8 | AK13: 37 | AL13: 142 | AM13: 0.21779141 | AN13: =COUNTIFS((AllCalls26!$AG$15:$AG$5112),"I",(AllCalls26!$K$15:$K$5112),"1") -> 4 | AO13: =COUNTIFS((AllCalls26!$AG$15:$AG$5112),"I",(AllCalls26!$K$15:$K$5112),"2") -> 4 | AP13: =COUNTIFS((AllCalls26!$AG$15:$AG$5112),"I",(AllCalls26!$K$15:$K$5112),"3") -> 2 | AQ13: =COUNTIFS((AllCalls26!$AG$15:$AG$5112),"I",(AllCalls26!$K$15:$K$5112),"4") -> 0 | AR13: =COUNTIFS((AllCalls26!$AG$15:$AG$5112),"I",(AllCalls26!$K$15:$K$5112),"5") -> 0 | AS13: =COUNTIFS((AllCalls26!$AG$15:$AG$5112),"I",(AllCalls26!$K$15:$K$5112),"6") -> 0 | AT13: =COUNTIFS((AllCalls26!$AG$15:$AG$5112),"I",(AllCalls26!$K$15:$K$5112),"7") -> 0 | AU13: =COUNTIFS((AllCalls26!$AG$15:$AG$5112),"I",(AllCalls26!$K$15:$K$5112),"8") -> 0 | AV13: =COUNTIFS((AllCalls26!$AG$15:$AG$5112),"I",(AllCalls26!$K$15:$K$5112),"9") -> 0 | AW13: =COUNTIFS((AllCalls26!$AG$15:$AG$5112),"I",(AllCalls26!$K$15:$K$5112),"10") -> 0 | AX13: =COUNTIFS((AllCalls26!$AG$15:$AG$5112),"I",(AllCalls26!$K$15:$K$5112),"11") -> 0 | AY13: =COUNTIFS((AllCalls26!$AG$15:$AG$5112),"I",(AllCalls26!$K$15:$K$5112),"12") -> 0 | AZ13: =SUM($AN13:$AY13) -> 10 | BA13: =(SUM($AZ13))/SUM($AZ$2) -> 0.07518797 | BB13: =SUM($J13,$X13,$AZ13) -> 241 | BC13: =(SUM(BB13))/SUM($BB$2) -> 0.23720472 | BD13: DR
A14: SFF Grant Robertson | B14: 22 | C14: 33 | D14: 27 | E14: 12 | F14: 18 | G14: 21 | H14: 11 | I14: 16 | J14: =SUM($B14:$I14) -> 160 | K14: =(J14/$J$2) -> 0.49382716 | L14: 24 | M14: 20 | N14: 24 | O14: 23 | P14: 33 | Q14: 21 | R14: 27 | S14: 28 | T14: 25 | U14: 29 | V14: 21 | W14: 24 | X14: 299 | Y14: 0.5198188 | Z14: 32 | AA14: 32 | AB14: 33 | AC14: 30 | AD14: 31 | AE14: 12 | AF14: 40 | AG14: 38 | AH14: 32 | AI14: 28 | AJ14: 38 | AK14: 61 | AL14: 407 | AM14: 0.62423313 | AN14: =COUNTIFS((AllCalls26!$AH$15:$AH$5112),"I",(AllCalls26!$K$15:$K$5112),"1") -> 43 | AO14: =COUNTIFS((AllCalls26!$AH$15:$AH$5112),"I",(AllCalls26!$K$15:$K$5112),"2") -> 23 | AP14: =COUNTIFS((AllCalls26!$AH$15:$AH$5112),"I",(AllCalls26!$K$15:$K$5112),"3") -> 17 | AQ14: =COUNTIFS((AllCalls26!$AH$15:$AH$5112),"I",(AllCalls26!$K$15:$K$5112),"4") -> 0 | AR14: =COUNTIFS((AllCalls26!$AH$15:$AH$5112),"I",(AllCalls26!$K$15:$K$5112),"5") -> 0 | AS14: =COUNTIFS((AllCalls26!$AH$15:$AH$5112),"I",(AllCalls26!$K$15:$K$5112),"6") -> 0 | AT14: =COUNTIFS((AllCalls26!$AH$15:$AH$5112),"I",(AllCalls26!$K$15:$K$5112),"7") -> 0 | AU14: =COUNTIFS((AllCalls26!$AH$15:$AH$5112),"I",(AllCalls26!$K$15:$K$5112),"8") -> 0 | AV14: =COUNTIFS((AllCalls26!$AH$15:$AH$5112),"I",(AllCalls26!$K$15:$K$5112),"9") -> 0 | AW14: =COUNTIFS((AllCalls26!$AH$15:$AH$5112),"I",(AllCalls26!$K$15:$K$5112),"10") -> 0 | AX14: =COUNTIFS((AllCalls26!$AH$15:$AH$5112),"I",(AllCalls26!$K$15:$K$5112),"11") -> 0 | AY14: =COUNTIFS((AllCalls26!$AH$15:$AH$5112),"I",(AllCalls26!$K$15:$K$5112),"12") -> 0 | AZ14: =SUM($AN14:$AY14) -> 83 | BA14: =(SUM($AZ14))/SUM($AZ$2) -> 0.62406015 | BB14: =SUM($J14,$X14,$AZ14) -> 542 | BC14: =(SUM(BB14))/SUM($BB$2) -> 0.53346457 | BD14: DR*
A15: SFF William O'Connell | B15: 9 | C15: 11 | D15: 13 | E15: 9 | F15: 13 | G15: 12 | H15: 7 | I15: 13 | J15: =SUM($B15:$I15) -> 87 | K15: =(J15/$J$2) -> 0.26851852 | L15: 15 | M15: 20 | N15: 11 | O15: 6 | P15: 15 | Q15: 12 | R15: 12 | S15: 16 | T15: 12 | U15: 15 | V15: 26 | W15: 19 | X15: 179 | Y15: 0.30124575 | Z15: 23 | AA15: 14 | AB15: 19 | AC15: 12 | AD15: 19 | AE15: 13 | AF15: 8 | AG15: 25 | AH15: 10 | AI15: 17 | AJ15: 11 | AK15: 47 | AL15: 218 | AM15: 0.33435583 | AN15: =COUNTIFS((AllCalls26!$AI$15:$AI$5112),"I",(AllCalls26!$K$15:$K$5112),"1") -> 23 | AO15: =COUNTIFS((AllCalls26!$AI$15:$AI$5112),"I",(AllCalls26!$K$15:$K$5112),"2") -> 13 | AP15: =COUNTIFS((AllCalls26!$AI$15:$AI$5112),"I",(AllCalls26!$K$15:$K$5112),"3") -> 7 | AQ15: =COUNTIFS((AllCalls26!$AI$15:$AI$5112),"I",(AllCalls26!$K$15:$K$5112),"4") -> 0 | AR15: =COUNTIFS((AllCalls26!$AI$15:$AI$5112),"I",(AllCalls26!$K$15:$K$5112),"5") -> 0 | AS15: =COUNTIFS((AllCalls26!$AI$15:$AI$5112),"I",(AllCalls26!$K$15:$K$5112),"6") -> 0 | AT15: =COUNTIFS((AllCalls26!$AI$15:$AI$5112),"I",(AllCalls26!$K$15:$K$5112),"7") -> 0 | AU15: =COUNTIFS((AllCalls26!$AI$15:$AI$5112),"I",(AllCalls26!$K$15:$K$5112),"8") -> 0 | AV15: =COUNTIFS((AllCalls26!$AI$15:$AI$5112),"I",(AllCalls26!$K$15:$K$5112),"9") -> 0 | AW15: =COUNTIFS((AllCalls26!$AI$15:$AI$5112),"I",(AllCalls26!$K$15:$K$5112),"10") -> 0 | AX15: =COUNTIFS((AllCalls26!$AI$15:$AI$5112),"I",(AllCalls26!$K$15:$K$5112),"11") -> 0 | AY15: =COUNTIFS((AllCalls26!$AI$15:$AI$5112),"I",(AllCalls26!$K$15:$K$5112),"12") -> 0 | AZ15: =SUM($AN15:$AY15) -> 43 | BA15: =(SUM($AZ15))/SUM($AZ$2) -> 0.32330827 | BB15: =SUM($J15,$X15,$AZ15) -> 309 | BC15: =(SUM(BB15))/SUM($BB$2) -> 0.30413386 | BD15: DR*
A16: SFF Robert Mayo | B16: 9 | C16: 15 | D16: 13 | E16: 12 | F16: 12 | G16: 11 | H16: 17 | I16: 3 | J16: =SUM($B16:$I16) -> 92 | K16: =(J16/$J$2) -> 0.28395062 | L16: 20 | M16: 15 | N16: 16 | O16: 14 | P16: 27 | Q16: 17 | R16: 10 | S16: 15 | T16: 13 | U16: 9 | V16: 16 | W16: 17 | X16: 189 | Y16: 0.3182333 | Z16: 30 | AA16: 31 | AB16: 38 | AC16: 24 | AD16: 41 | AE16: 25 | AF16: 33 | AG16: 37 | AH16: 32 | AI16: 22 | AJ16: 46 | AK16: 33 | AL16: 392 | AM16: 0.60122699 | AN16: =COUNTIFS((AllCalls26!$AJ$15:$AJ$5112),"I",(AllCalls26!$K$15:$K$5112),"1") -> 35 | AO16: =COUNTIFS((AllCalls26!$AJ$15:$AJ$5112),"I",(AllCalls26!$K$15:$K$5112),"2") -> 32 | AP16: =COUNTIFS((AllCalls26!$AJ$15:$AJ$5112),"I",(AllCalls26!$K$15:$K$5112),"3") -> 19 | AQ16: =COUNTIFS((AllCalls26!$AJ$15:$AJ$5112),"I",(AllCalls26!$K$15:$K$5112),"4") -> 0 | AR16: =COUNTIFS((AllCalls26!$AJ$15:$AJ$5112),"I",(AllCalls26!$K$15:$K$5112),"5") -> 0 | AS16: =COUNTIFS((AllCalls26!$AJ$15:$AJ$5112),"I",(AllCalls26!$K$15:$K$5112),"6") -> 0 | AT16: =COUNTIFS((AllCalls26!$AJ$15:$AJ$5112),"I",(AllCalls26!$K$15:$K$5112),"7") -> 0 | AU16: =COUNTIFS((AllCalls26!$AJ$15:$AJ$5112),"I",(AllCalls26!$K$15:$K$5112),"8") -> 0 | AV16: =COUNTIFS((AllCalls26!$AJ$15:$AJ$5112),"I",(AllCalls26!$K$15:$K$5112),"9") -> 0 | AW16: =COUNTIFS((AllCalls26!$AJ$15:$AJ$5112),"I",(AllCalls26!$K$15:$K$5112),"10") -> 0 | AX16: =COUNTIFS((AllCalls26!$AJ$15:$AJ$5112),"I",(AllCalls26!$K$15:$K$5112),"11") -> 0 | AY16: =COUNTIFS((AllCalls26!$AJ$15:$AJ$5112),"I",(AllCalls26!$K$15:$K$5112),"12") -> 0 | AZ16: =SUM($AN16:$AY16) -> 86 | BA16: =(SUM($AZ16))/SUM($AZ$2) -> 0.64661654 | BB16: =SUM($J16,$X16,$AZ16) -> 367 | BC16: =(SUM(BB16))/SUM($BB$2) -> 0.36122047 | BD16: DR
A17: SFF Brody Jellyman | X17: 0 | Z17: 7 | AA17: 22 | AB17: 28 | AC17: 18 | AD17: 32 | AE17: 13 | AF17: 22 | AG17: 24 | AH17: 16 | AI17: 12 | AJ17: 20 | AK17: 29 | AL17: 243 | AM17: 0.39663866 | AN17: =COUNTIFS((AllCalls26!$AK$15:$AK$5112),"I",(AllCalls26!$K$15:$K$5112),"1") -> 3 | AO17: =COUNTIFS((AllCalls26!$AK$15:$AK$5112),"I",(AllCalls26!$K$15:$K$5112),"2") -> 7 | AP17: =COUNTIFS((AllCalls26!$AK$15:$AK$5112),"I",(AllCalls26!$K$15:$K$5112),"3") -> 12 | AQ17: =COUNTIFS((AllCalls26!$AK$15:$AK$5112),"I",(AllCalls26!$K$15:$K$5112),"4") -> 0 | AR17: =COUNTIFS((AllCalls26!$AK$15:$AK$5112),"I",(AllCalls26!$K$15:$K$5112),"5") -> 0 | AS17: =COUNTIFS((AllCalls26!$AK$15:$AK$5112),"I",(AllCalls26!$K$15:$K$5112),"6") -> 0 | AT17: =COUNTIFS((AllCalls26!$AK$15:$AK$5112),"I",(AllCalls26!$K$15:$K$5112),"7") -> 0 | AU17: =COUNTIFS((AllCalls26!$AK$15:$AK$5112),"I",(AllCalls26!$K$15:$K$5112),"8") -> 0 | AV17: =COUNTIFS((AllCalls26!$AK$15:$AK$5112),"I",(AllCalls26!$K$15:$K$5112),"9") -> 0 | AW17: =COUNTIFS((AllCalls26!$AK$15:$AK$5112),"I",(AllCalls26!$K$15:$K$5112),"10") -> 0 | AX17: =COUNTIFS((AllCalls26!$AK$15:$AK$5112),"I",(AllCalls26!$K$15:$K$5112),"11") -> 0 | AY17: =COUNTIFS((AllCalls26!$AK$15:$AK$5112),"I",(AllCalls26!$K$15:$K$5112),"12") -> 0 | AZ17: =SUM($AN17:$AY17) -> 22 | BA17: =(SUM($AN17:$AY17))/SUM($AN$2:$AY$2) -> 0.16541353 | BB17: =SUM($AZ17,$AL17) -> 265 | BC17: =(SUM(BB17))/SUM($AA$2:$AK$2,AZ2) -> 0.36401099 | BD17: DR
A18: SFF Darryn Pritchard | B18: 16 | C18: 34 | D18: 31 | E18: 13 | F18: 10 | G18: 17 | H18: 23 | I18: 22 | J18: =SUM($B18:$I18) -> 166 | K18: =(J18/$J$2) -> 0.51234568 | L18: 13 | M18: 30 | N18: 30 | O18: 21 | P18: 33 | Q18: 2 | R18: 22 | S18: 8 | T18: 13 | U18: 18 | V18: 20 | W18: 27 | X18: 237 | Y18: 0.45639864 | Z18: 2 | AA18: 6 | AB18: 26 | AC18: 19 | AD18: 22 | AE18: 17 | AF18: 23 | AG18: 27 | AH18: 20 | AI18: 12 | AJ18: 21 | AK18: 17 | AL18: 212 | AM18: 0.32515337 | AN18: =COUNTIFS((AllCalls26!$AL$15:$AL$5112),"I",(AllCalls26!$K$15:$K$5112),"1") -> 5 | AO18: =COUNTIFS((AllCalls26!$AL$15:$AL$5112),"I",(AllCalls26!$K$15:$K$5112),"2") -> 9 | AP18: =COUNTIFS((AllCalls26!$AL$15:$AL$5112),"I",(AllCalls26!$K$15:$K$5112),"3") -> 0 | AQ18: =COUNTIFS((AllCalls26!$AL$15:$AL$5112),"I",(AllCalls26!$K$15:$K$5112),"4") -> 0 | AR18: =COUNTIFS((AllCalls26!$AL$15:$AL$5112),"I",(AllCalls26!$K$15:$K$5112),"5") -> 0 | AS18: =COUNTIFS((AllCalls26!$AL$15:$AL$5112),"I",(AllCalls26!$K$15:$K$5112),"6") -> 0 | AT18: =COUNTIFS((AllCalls26!$AL$15:$AL$5112),"I",(AllCalls26!$K$15:$K$5112),"7") -> 0 | AU18: =COUNTIFS((AllCalls26!$AL$15:$AL$5112),"I",(AllCalls26!$K$15:$K$5112),"8") -> 0 | AV18: =COUNTIFS((AllCalls26!$AL$15:$AL$5112),"I",(AllCalls26!$K$15:$K$5112),"9") -> 0 | AW18: =COUNTIFS((AllCalls26!$AL$15:$AL$5112),"I",(AllCalls26!$K$15:$K$5112),"10") -> 0 | AX18: =COUNTIFS((AllCalls26!$AL$15:$AL$5112),"I",(AllCalls26!$K$15:$K$5112),"11") -> 0 | AY18: =COUNTIFS((AllCalls26!$AL$15:$AL$5112),"I",(AllCalls26!$K$15:$K$5112),"12") -> 0 | AZ18: =SUM($AN18:$AY18) -> 14 | BA18: =(SUM($AZ18))/SUM($AZ$2) -> 0.10526316 | BB18: =SUM($J18,$X18,$AZ18) -> 417 | BC18: =(SUM(BB18))/SUM($BB$2) -> 0.41043307 | BD18: DR*
A19: QFF Symon Maxwell | B19: 4 | C19: 21 | D19: 17 | E19: 15 | F19: 16 | G19: 28 | H19: 22 | I19: 17 | J19: =SUM($B19:$I19) -> 140 | K19: =(J19/$J$2) -> 0.43209877 | L19: 34 | M19: 22 | N19: 16 | O19: 21 | P19: 25 | Q19: 12 | R19: 18 | S19: 22 | T19: 15 | U19: 25 | V19: 23 | W19: 20 | X19: 253 | Y19: 0.44507361 | Z19: 28 | AA19: 15 | AB19: 17 | AC19: 21 | AD19: 24 | AE19: 19 | AF19: 25 | AG19: 18 | AH19: 8 | AI19: 16 | AJ19: 16 | AK19: 12 | AL19: 219 | AM19: 0.33588957 | AN19: =COUNTIFS((AllCalls26!$AM$15:$AM$5112),"I",(AllCalls26!$K$15:$K$5112),"1") -> 16 | AO19: =COUNTIFS((AllCalls26!$AM$15:$AM$5112),"I",(AllCalls26!$K$15:$K$5112),"2") -> 10 | AP19: =COUNTIFS((AllCalls26!$AM$15:$AM$5112),"I",(AllCalls26!$K$15:$K$5112),"3") -> 9 | AQ19: =COUNTIFS((AllCalls26!$AM$15:$AM$5112),"I",(AllCalls26!$K$15:$K$5112),"4") -> 0 | AR19: =COUNTIFS((AllCalls26!$AM$15:$AM$5112),"I",(AllCalls26!$K$15:$K$5112),"5") -> 0 | AS19: =COUNTIFS((AllCalls26!$AM$15:$AM$5112),"I",(AllCalls26!$K$15:$K$5112),"6") -> 0 | AT19: =COUNTIFS((AllCalls26!$AM$15:$AM$5112),"I",(AllCalls26!$K$15:$K$5112),"7") -> 0 | AU19: =COUNTIFS((AllCalls26!$AM$15:$AM$5112),"I",(AllCalls26!$K$15:$K$5112),"8") -> 0 | AV19: =COUNTIFS((AllCalls26!$AM$15:$AM$5112),"I",(AllCalls26!$K$15:$K$5112),"9") -> 0 | AW19: =COUNTIFS((AllCalls26!$AM$15:$AM$5112),"I",(AllCalls26!$K$15:$K$5112),"10") -> 0 | AX19: =COUNTIFS((AllCalls26!$AM$15:$AM$5112),"I",(AllCalls26!$K$15:$K$5112),"11") -> 0 | AY19: =COUNTIFS((AllCalls26!$AM$15:$AM$5112),"I",(AllCalls26!$K$15:$K$5112),"12") -> 0 | AZ19: =SUM($AN19:$AY19) -> 35 | BA19: =(SUM($AZ19))/SUM($AZ$2) -> 0.26315789 | BB19: =SUM($J19,$X19,$AZ19) -> 428 | BC19: =(SUM(BB19))/SUM($BB$2) -> 0.42125984
A20: QFF Ian Chapman | B20: 9 | C20: 23 | D20: 11 | E20: 14 | F20: 10 | G20: 23 | H20: 21 | I20: 23 | J20: =SUM($B20:$I20) -> 134 | K20: =(J20/$J$2) -> 0.41358025 | L20: 12 | M20: 23 | N20: 24 | O20: 16 | P20: 30 | Q20: 19 | R20: 22 | S20: 16 | T20: 20 | U20: 20 | V20: 25 | W20: 26 | X20: 253 | Y20: 0.4382786 | Z20: 22 | AA20: 27 | AB20: 33 | AC20: 16 | AD20: 32 | AE20: 19 | AF20: 25 | AG20: 12 | AH20: 16 | AI20: 17 | AJ20: 23 | AK20: 48 | AL20: 290 | AM20: 0.44478528 | AN20: =COUNTIFS((AllCalls26!$AN$15:$AN$5112),"I",(AllCalls26!$K$15:$K$5112),"1") -> 13 | AO20: =COUNTIFS((AllCalls26!$AN$15:$AN$5112),"I",(AllCalls26!$K$15:$K$5112),"2") -> 23 | AP20: =COUNTIFS((AllCalls26!$AN$15:$AN$5112),"I",(AllCalls26!$K$15:$K$5112),"3") -> 20 | AQ20: =COUNTIFS((AllCalls26!$AN$15:$AN$5112),"I",(AllCalls26!$K$15:$K$5112),"4") -> 0 | AR20: =COUNTIFS((AllCalls26!$AN$15:$AN$5112),"I",(AllCalls26!$K$15:$K$5112),"5") -> 0 | AS20: =COUNTIFS((AllCalls26!$AN$15:$AN$5112),"I",(AllCalls26!$K$15:$K$5112),"6") -> 0 | AT20: =COUNTIFS((AllCalls26!$AN$15:$AN$5112),"I",(AllCalls26!$K$15:$K$5112),"7") -> 0 | AU20: =COUNTIFS((AllCalls26!$AN$15:$AN$5112),"I",(AllCalls26!$K$15:$K$5112),"8") -> 0 | AV20: =COUNTIFS((AllCalls26!$AN$15:$AN$5112),"I",(AllCalls26!$K$15:$K$5112),"9") -> 0 | AW20: =COUNTIFS((AllCalls26!$AN$15:$AN$5112),"I",(AllCalls26!$K$15:$K$5112),"10") -> 0 | AX20: =COUNTIFS((AllCalls26!$AN$15:$AN$5112),"I",(AllCalls26!$K$15:$K$5112),"11") -> 0 | AY20: =COUNTIFS((AllCalls26!$AN$15:$AN$5112),"I",(AllCalls26!$K$15:$K$5112),"12") -> 0 | AZ20: =SUM($AN20:$AY20) -> 56 | BA20: =(SUM($AZ20))/SUM($AZ$2) -> 0.42105263 | BB20: =SUM($J20,$X20,$AZ20) -> 443 | BC20: =(SUM(BB20))/SUM($BB$2) -> 0.43602362 | BD20: DR
A21: QFF Melanie Yates | B21: 1 | C21: 3 | D21: 8 | E21: 7 | F21: 11 | G21: 10 | H21: 15 | I21: 11 | J21: =SUM($B21:$I21) -> 66 | K21: =(J21/$J$2) -> 0.2037037 | L21: 14 | M21: 9 | N21: 7 | O21: 8 | P21: 5 | Q21: 11 | R21: 11 | S21: 9 | T21: 7 | U21: 6 | V21: 13 | W21: 14 | X21: 114 | Y21: 0.20385051 | Z21: 5 | AA21: 7 | AB21: 13 | AC21: 9 | AD21: 14 | AE21: 4 | AF21: 7 | AG21: 10 | AH21: 8 | AI21: 5 | AJ21: 16 | AK21: 27 | AL21: 125 | AM21: 0.19171779 | AN21: =COUNTIFS((AllCalls26!$AO$15:$AO$5112),"I",(AllCalls26!$K$15:$K$5112),"1") -> 9 | AO21: =COUNTIFS((AllCalls26!$AO$15:$AO$5112),"I",(AllCalls26!$K$15:$K$5112),"2") -> 6 | AP21: =COUNTIFS((AllCalls26!$AO$15:$AO$5112),"I",(AllCalls26!$K$15:$K$5112),"3") -> 5 | AQ21: =COUNTIFS((AllCalls26!$AO$15:$AO$5112),"I",(AllCalls26!$K$15:$K$5112),"4") -> 0 | AR21: =COUNTIFS((AllCalls26!$AO$15:$AO$5112),"I",(AllCalls26!$K$15:$K$5112),"5") -> 0 | AS21: =COUNTIFS((AllCalls26!$AO$15:$AO$5112),"I",(AllCalls26!$K$15:$K$5112),"6") -> 0 | AT21: =COUNTIFS((AllCalls26!$AO$15:$AO$5112),"I",(AllCalls26!$K$15:$K$5112),"7") -> 0 | AU21: =COUNTIFS((AllCalls26!$AO$15:$AO$5112),"I",(AllCalls26!$K$15:$K$5112),"8") -> 0 | AV21: =COUNTIFS((AllCalls26!$AO$15:$AO$5112),"I",(AllCalls26!$K$15:$K$5112),"9") -> 0 | AW21: =COUNTIFS((AllCalls26!$AO$15:$AO$5112),"I",(AllCalls26!$K$15:$K$5112),"10") -> 0 | AX21: =COUNTIFS((AllCalls26!$AO$15:$AO$5112),"I",(AllCalls26!$K$15:$K$5112),"11") -> 0 | AY21: =COUNTIFS((AllCalls26!$AO$15:$AO$5112),"I",(AllCalls26!$K$15:$K$5112),"12") -> 0 | AZ21: =SUM($AN21:$AY21) -> 20 | BA21: =(SUM($AZ21))/SUM($AZ$2) -> 0.15037594 | BB21: =SUM($J21,$X21,$AZ21) -> 200 | BC21: =(SUM(BB21))/SUM($BB$2) -> 0.19685039 | BD21: DR
A22: QFF Maree Primrose | B22: 14 | C22: 34 | D22: 25 | E22: 11 | F22: 23 | G22: 24 | H22: 21 | I22: 28 | J22: =SUM($B22:$I22) -> 180 | K22: =(J22/$J$2) -> 0.55555556 | L22: 35 | M22: 33 | N22: 29 | O22: 22 | P22: 19 | Q22: 21 | R22: 14 | S22: 5 | T22: 11 | U22: 12 | V22: 13 | W22: 20 | X22: 234 | Y22: 0.46885617 | Z22: 27 | AA22: 14 | AB22: 26 | AC22: 12 | AD22: 26 | AE22: 7 | AF22: 13 | AG22: 15 | AH22: 14 | AI22: 10 | AJ22: 17 | AK22: 42 | AL22: 223 | AM22: 0.34202454 | AN22: =COUNTIFS((AllCalls26!$AP$15:$AP$5112),"I",(AllCalls26!$K$15:$K$5112),"1") -> 18 | AO22: =COUNTIFS((AllCalls26!$AP$15:$AP$5112),"I",(AllCalls26!$K$15:$K$5112),"2") -> 5 | AP22: =COUNTIFS((AllCalls26!$AP$15:$AP$5112),"I",(AllCalls26!$K$15:$K$5112),"3") -> 1 | AQ22: =COUNTIFS((AllCalls26!$AP$15:$AP$5112),"I",(AllCalls26!$K$15:$K$5112),"4") -> 0 | AR22: =COUNTIFS((AllCalls26!$AP$15:$AP$5112),"I",(AllCalls26!$K$15:$K$5112),"5") -> 0 | AS22: =COUNTIFS((AllCalls26!$AP$15:$AP$5112),"I",(AllCalls26!$K$15:$K$5112),"6") -> 0 | AT22: =COUNTIFS((AllCalls26!$AP$15:$AP$5112),"I",(AllCalls26!$K$15:$K$5112),"7") -> 0 | AU22: =COUNTIFS((AllCalls26!$AP$15:$AP$5112),"I",(AllCalls26!$K$15:$K$5112),"8") -> 0 | AV22: =COUNTIFS((AllCalls26!$AP$15:$AP$5112),"I",(AllCalls26!$K$15:$K$5112),"9") -> 0 | AW22: =COUNTIFS((AllCalls26!$AP$15:$AP$5112),"I",(AllCalls26!$K$15:$K$5112),"10") -> 0 | AX22: =COUNTIFS((AllCalls26!$AP$15:$AP$5112),"I",(AllCalls26!$K$15:$K$5112),"11") -> 0 | AY22: =COUNTIFS((AllCalls26!$AP$15:$AP$5112),"I",(AllCalls26!$K$15:$K$5112),"12") -> 0 | AZ22: =SUM($AN22:$AY22) -> 24 | BA22: =(SUM($AZ22))/SUM($AZ$2) -> 0.18045113 | BB22: =SUM($J22,$X22,$AZ22) -> 438 | BC22: =(SUM(BB22))/SUM($BB$2) -> 0.43110236
A23: QFF Russell Clarke | B23: 2 | C23: 11 | D23: 9 | E23: 8 | F23: 12 | G23: 21 | H23: 17 | I23: 16 | J23: =SUM($B23:$I23) -> 96 | K23: =(J23/$J$2) -> 0.2962963 | L23: 20 | M23: 16 | N23: 13 | O23: 13 | P23: 16 | Q23: 10 | R23: 10 | S23: 10 | T23: 3 | U23: 7 | V23: 9 | W23: 15 | X23: 142 | Y23: 0.26953567 | Z23: 11 | AA23: 7 | AB23: 12 | AC23: 4 | AD23: 13 | AE23: 6 | AF23: 3 | AG23: 12 | AH23: 12 | AI23: 5 | AJ23: 16 | AK23: 25 | AL23: 126 | AM23: 0.19325153 | AN23: =COUNTIFS((AllCalls26!$AQ$15:$AQ$5112),"I",(AllCalls26!$K$15:$K$5112),"1") -> 18 | AO23: =COUNTIFS((AllCalls26!$AQ$15:$AQ$5112),"I",(AllCalls26!$K$15:$K$5112),"2") -> 14 | AP23: =COUNTIFS((AllCalls26!$AQ$15:$AQ$5112),"I",(AllCalls26!$K$15:$K$5112),"3") -> 6 | AQ23: =COUNTIFS((AllCalls26!$AQ$15:$AQ$5112),"I",(AllCalls26!$K$15:$K$5112),"4") -> 0 | AR23: =COUNTIFS((AllCalls26!$AQ$15:$AQ$5112),"I",(AllCalls26!$K$15:$K$5112),"5") -> 0 | AS23: =COUNTIFS((AllCalls26!$AQ$15:$AQ$5112),"I",(AllCalls26!$K$15:$K$5112),"6") -> 0 | AT23: =COUNTIFS((AllCalls26!$AQ$15:$AQ$5112),"I",(AllCalls26!$K$15:$K$5112),"7") -> 0 | AU23: =COUNTIFS((AllCalls26!$AQ$15:$AQ$5112),"I",(AllCalls26!$K$15:$K$5112),"8") -> 0 | AV23: =COUNTIFS((AllCalls26!$AQ$15:$AQ$5112),"I",(AllCalls26!$K$15:$K$5112),"9") -> 0 | AW23: =COUNTIFS((AllCalls26!$AQ$15:$AQ$5112),"I",(AllCalls26!$K$15:$K$5112),"10") -> 0 | AX23: =COUNTIFS((AllCalls26!$AQ$15:$AQ$5112),"I",(AllCalls26!$K$15:$K$5112),"11") -> 0 | AY23: =COUNTIFS((AllCalls26!$AQ$15:$AQ$5112),"I",(AllCalls26!$K$15:$K$5112),"12") -> 0 | AZ23: =SUM($AN23:$AY23) -> 38 | BA23: =(SUM($AZ23))/SUM($AZ$2) -> 0.28571429 | BB23: =SUM($J23,$X23,$AZ23) -> 276 | BC23: =(SUM(BB23))/SUM($BB$2) -> 0.27165354
A24: QFF Andrew Bond | B24: 1 | C24: 14 | D24: 14 | E24: 9 | F24: 4 | G24: 14 | H24: 16 | I24: 17 | J24: =SUM($B24:$I24) -> 89 | K24: =(J24/$J$2) -> 0.27469136 | L24: 26 | M24: 12 | N24: 13 | O24: 6 | P24: 18 | Q24: 9 | R24: 11 | S24: 9 | T24: 13 | U24: 11 | V24: 11 | W24: 14 | X24: 153 | Y24: 0.27406569 | Z24: 15 | AA24: 10 | AB24: 20 | AC24: 0 | AD24: 5 | AE24: 4 | AF24: 0 | AG24: 0 | AH24: 0 | AI24: 0 | AJ24: 0 | AK24: 0 | AL24: 54 | AM24: 0.082822086 | AN24: =COUNTIFS((AllCalls26!$AR$15:$AR$5112),"I",(AllCalls26!$K$15:$K$5112),"1") -> 0 | AO24: =COUNTIFS((AllCalls26!$AR$15:$AR$5112),"I",(AllCalls26!$K$15:$K$5112),"2") -> 10 | AP24: =COUNTIFS((AllCalls26!$AR$15:$AR$5112),"I",(AllCalls26!$K$15:$K$5112),"3") -> 1 | AQ24: =COUNTIFS((AllCalls26!$AR$15:$AR$5112),"I",(AllCalls26!$K$15:$K$5112),"4") -> 0 | AR24: =COUNTIFS((AllCalls26!$AR$15:$AR$5112),"I",(AllCalls26!$K$15:$K$5112),"5") -> 0 | AS24: =COUNTIFS((AllCalls26!$AR$15:$AR$5112),"I",(AllCalls26!$K$15:$K$5112),"6") -> 0 | AT24: =COUNTIFS((AllCalls26!$AR$15:$AR$5112),"I",(AllCalls26!$K$15:$K$5112),"7") -> 0 | AU24: =COUNTIFS((AllCalls26!$AR$15:$AR$5112),"I",(AllCalls26!$K$15:$K$5112),"8") -> 0 | AV24: =COUNTIFS((AllCalls26!$AR$15:$AR$5112),"I",(AllCalls26!$K$15:$K$5112),"9") -> 0 | AW24: =COUNTIFS((AllCalls26!$AR$15:$AR$5112),"I",(AllCalls26!$K$15:$K$5112),"10") -> 0 | AX24: =COUNTIFS((AllCalls26!$AR$15:$AR$5112),"I",(AllCalls26!$K$15:$K$5112),"11") -> 0 | AY24: =COUNTIFS((AllCalls26!$AR$15:$AR$5112),"I",(AllCalls26!$K$15:$K$5112),"12") -> 0 | AZ24: =SUM($AN24:$AY24) -> 11 | BA24: =(SUM($AZ24))/SUM($AZ$2) -> 0.082706767 | BB24: =SUM($J24,$X24,$AZ24) -> 253 | BC24: =(SUM(BB24))/SUM($BB$2) -> 0.24901575
A25: QFF Alan Binnie | B25: 0 | C25: 0 | D25: 0 | E25: 0 | F25: 5 | G25: 3 | H25: 3 | I25: 7 | J25: =SUM($B25:$I25) -> 18 | K25: =(J25/SUM($F$2:$I$2)) -> 0.10526316 | L25: 9 | M25: 2 | N25: 8 | O25: 10 | P25: 10 | Q25: 6 | R25: 3 | S25: 6 | T25: 9 | U25: 13 | V25: 8 | W25: 16 | X25: 100 | Y25: 0.16164384 | Z25: 21 | AA25: 16 | AB25: 28 | AC25: 8 | AD25: 6 | AE25: 3 | AF25: 3 | AG25: 5 | AH25: 7 | AI25: 1 | AJ25: 5 | AK25: 37 | AL25: 140 | AM25: 0.21472393 | AN25: =COUNTIFS((AllCalls26!$AS$15:$AS$5112),"I",(AllCalls26!$K$15:$K$5112),"1") -> 17 | AO25: =COUNTIFS((AllCalls26!$AS$15:$AS$5112),"I",(AllCalls26!$K$15:$K$5112),"2") -> 8 | AP25: =COUNTIFS((AllCalls26!$AS$15:$AS$5112),"I",(AllCalls26!$K$15:$K$5112),"3") -> 4 | AQ25: =COUNTIFS((AllCalls26!$AS$15:$AS$5112),"I",(AllCalls26!$K$15:$K$5112),"4") -> 0 | AR25: =COUNTIFS((AllCalls26!$AS$15:$AS$5112),"I",(AllCalls26!$K$15:$K$5112),"5") -> 0 | AS25: =COUNTIFS((AllCalls26!$AS$15:$AS$5112),"I",(AllCalls26!$K$15:$K$5112),"6") -> 0 | AT25: =COUNTIFS((AllCalls26!$AS$15:$AS$5112),"I",(AllCalls26!$K$15:$K$5112),"7") -> 0 | AU25: =COUNTIFS((AllCalls26!$AS$15:$AS$5112),"I",(AllCalls26!$K$15:$K$5112),"8") -> 0 | AV25: =COUNTIFS((AllCalls26!$AS$15:$AS$5112),"I",(AllCalls26!$K$15:$K$5112),"9") -> 0 | AW25: =COUNTIFS((AllCalls26!$AS$15:$AS$5112),"I",(AllCalls26!$K$15:$K$5112),"10") -> 0 | AX25: =COUNTIFS((AllCalls26!$AS$15:$AS$5112),"I",(AllCalls26!$K$15:$K$5112),"11") -> 0 | AY25: =COUNTIFS((AllCalls26!$AS$15:$AS$5112),"I",(AllCalls26!$K$15:$K$5112),"12") -> 0 | AZ25: =SUM($AN25:$AY25) -> 29 | BA25: =(SUM($AZ25))/SUM($AZ$2) -> 0.21804511 | BB25: =SUM($J25,$X25,$AZ25) -> 147 | BC25: =(SUM(BB25))/SUM($AZ$2,$X$2,AL2) -> 0.109375 | BD25: DR
A26: QFF Josh Pennefather | B26: 12 | C26: 20 | D26: 13 | E26: 15 | F26: 17 | G26: 27 | H26: 16 | I26: 17 | J26: =SUM($B26:$I26) -> 137 | K26: =(J26/$J$2) -> 0.42283951 | L26: 26 | M26: 15 | N26: 14 | O26: 14 | P26: 21 | Q26: 8 | R26: 25 | S26: 7 | T26: 7 | U26: 13 | V26: 16 | W26: 25 | X26: 191 | Y26: 0.37146093 | Z26: 27 | AA26: 16 | AB26: 20 | AC26: 21 | AD26: 29 | AE26: 10 | AF26: 22 | AG26: 15 | AH26: 6 | AI26: 13 | AJ26: 36 | AK26: 41 | AL26: 256 | AM26: 0.39263804 | AN26: =COUNTIFS((AllCalls26!$AT$15:$AT$5112),"I",(AllCalls26!$K$15:$K$5112),"1") -> 15 | AO26: =COUNTIFS((AllCalls26!$AT$15:$AT$5112),"I",(AllCalls26!$K$15:$K$5112),"2") -> 10 | AP26: =COUNTIFS((AllCalls26!$AT$15:$AT$5112),"I",(AllCalls26!$K$15:$K$5112),"3") -> 12 | AQ26: =COUNTIFS((AllCalls26!$AT$15:$AT$5112),"I",(AllCalls26!$K$15:$K$5112),"4") -> 0 | AR26: =COUNTIFS((AllCalls26!$AT$15:$AT$5112),"I",(AllCalls26!$K$15:$K$5112),"5") -> 0 | AS26: =COUNTIFS((AllCalls26!$AT$15:$AT$5112),"I",(AllCalls26!$K$15:$K$5112),"6") -> 0 | AT26: =COUNTIFS((AllCalls26!$AT$15:$AT$5112),"I",(AllCalls26!$K$15:$K$5112),"7") -> 0 | AU26: =COUNTIFS((AllCalls26!$AT$15:$AT$5112),"I",(AllCalls26!$K$15:$K$5112),"8") -> 0 | AV26: =COUNTIFS((AllCalls26!$AT$15:$AT$5112),"I",(AllCalls26!$K$15:$K$5112),"9") -> 0 | AW26: =COUNTIFS((AllCalls26!$AT$15:$AT$5112),"I",(AllCalls26!$K$15:$K$5112),"10") -> 0 | AX26: =COUNTIFS((AllCalls26!$AT$15:$AT$5112),"I",(AllCalls26!$K$15:$K$5112),"11") -> 0 | AY26: =COUNTIFS((AllCalls26!$AT$15:$AT$5112),"I",(AllCalls26!$K$15:$K$5112),"12") -> 0 | AZ26: =SUM($AN26:$AY26) -> 37 | BA26: =(SUM($AZ26))/SUM($AZ$2) -> 0.27819549 | BB26: =SUM($J26,$X26,$AZ26) -> 365 | BC26: =(SUM(BB26))/SUM($BB$2) -> 0.35925197 | BD26: DR
A27: QFF Ben Killgour | B27: 8 | C27: 21 | D27: 18 | E27: 10 | F27: 13 | G27: 20 | H27: 9 | I27: 10 | J27: =SUM($B27:$I27) -> 109 | K27: =(J27/$J$2) -> 0.33641975 | L27: 14 | M27: 26 | N27: 24 | O27: 19 | P27: 22 | Q27: 18 | R27: 21 | S27: 20 | T27: 19 | U27: 13 | V27: 16 | W27: 19 | X27: 231 | Y27: 0.38505096 | Z27: 16 | AA27: 15 | AB27: 27 | AC27: 16 | AD27: 24 | AE27: 10 | AF27: 13 | AG27: 18 | AH27: 20 | AI27: 14 | AJ27: 10 | AK27: 11 | AL27: 194 | AM27: 0.29754601 | AN27: =COUNTIFS((AllCalls26!$AU$15:$AU$5112),"I",(AllCalls26!$K$15:$K$5112),"1") -> 16 | AO27: =COUNTIFS((AllCalls26!$AU$15:$AU$5112),"I",(AllCalls26!$K$15:$K$5112),"2") -> 16 | AP27: =COUNTIFS((AllCalls26!$AU$15:$AU$5112),"I",(AllCalls26!$K$15:$K$5112),"3") -> 5 | AQ27: =COUNTIFS((AllCalls26!$AU$15:$AU$5112),"I",(AllCalls26!$K$15:$K$5112),"4") -> 0 | AR27: =COUNTIFS((AllCalls26!$AU$15:$AU$5112),"I",(AllCalls26!$K$15:$K$5112),"5") -> 0 | AS27: =COUNTIFS((AllCalls26!$AU$15:$AU$5112),"I",(AllCalls26!$K$15:$K$5112),"6") -> 0 | AT27: =COUNTIFS((AllCalls26!$AU$15:$AU$5112),"I",(AllCalls26!$K$15:$K$5112),"7") -> 0 | AU27: =COUNTIFS((AllCalls26!$AU$15:$AU$5112),"I",(AllCalls26!$K$15:$K$5112),"8") -> 0 | AV27: =COUNTIFS((AllCalls26!$AU$15:$AU$5112),"I",(AllCalls26!$K$15:$K$5112),"9") -> 0 | AW27: =COUNTIFS((AllCalls26!$AU$15:$AU$5112),"I",(AllCalls26!$K$15:$K$5112),"10") -> 0 | AX27: =COUNTIFS((AllCalls26!$AU$15:$AU$5112),"I",(AllCalls26!$K$15:$K$5112),"11") -> 0 | AY27: =COUNTIFS((AllCalls26!$AU$15:$AU$5112),"I",(AllCalls26!$K$15:$K$5112),"12") -> 0 | AZ27: =SUM($AN27:$AY27) -> 37 | BA27: =(SUM($AZ27))/SUM($AZ$2) -> 0.27819549 | BB27: =SUM($J27,$X27,$AZ27) -> 377 | BC27: =(SUM(BB27))/SUM($BB$2) -> 0.37106299
A28: QFF Dallas Steele | B28: 0 | C28: 6 | D28: 5 | E28: 6 | F28: 11 | G28: 14 | H28: 20 | I28: 16 | J28: =SUM($B28:$I28) -> 78 | K28: =(J28/$J$2) -> 0.24074074 | L28: 17 | M28: 19 | N28: 13 | O28: 10 | P28: 6 | Q28: 5 | R28: 12 | S28: 16 | T28: 12 | U28: 9 | V28: 15 | W28: 6 | X28: 140 | Y28: 0.24688562 | Z28: 9 | AA28: 11 | AB28: 13 | AC28: 10 | AD28: 13 | AE28: 8 | AF28: 7 | AG28: 9 | AH28: 4 | AI28: 5 | AJ28: 9 | AK28: 14 | AL28: 112 | AM28: 0.17177914 | AN28: =COUNTIFS((AllCalls26!$AV$15:$AV$5112),"I",(AllCalls26!$K$15:$K$5112),"1") -> 15 | AO28: =COUNTIFS((AllCalls26!$AV$15:$AV$5112),"I",(AllCalls26!$K$15:$K$5112),"2") -> 7 | AP28: =COUNTIFS((AllCalls26!$AV$15:$AV$5112),"I",(AllCalls26!$K$15:$K$5112),"3") -> 2 | AQ28: =COUNTIFS((AllCalls26!$AV$15:$AV$5112),"I",(AllCalls26!$K$15:$K$5112),"4") -> 0 | AR28: =COUNTIFS((AllCalls26!$AV$15:$AV$5112),"I",(AllCalls26!$K$15:$K$5112),"5") -> 0 | AS28: =COUNTIFS((AllCalls26!$AV$15:$AV$5112),"I",(AllCalls26!$K$15:$K$5112),"6") -> 0 | AT28: =COUNTIFS((AllCalls26!$AV$15:$AV$5112),"I",(AllCalls26!$K$15:$K$5112),"7") -> 0 | AU28: =COUNTIFS((AllCalls26!$AV$15:$AV$5112),"I",(AllCalls26!$K$15:$K$5112),"8") -> 0 | AV28: =COUNTIFS((AllCalls26!$AV$15:$AV$5112),"I",(AllCalls26!$K$15:$K$5112),"9") -> 0 | AW28: =COUNTIFS((AllCalls26!$AV$15:$AV$5112),"I",(AllCalls26!$K$15:$K$5112),"10") -> 0 | AX28: =COUNTIFS((AllCalls26!$AV$15:$AV$5112),"I",(AllCalls26!$K$15:$K$5112),"11") -> 0 | AY28: =COUNTIFS((AllCalls26!$AV$15:$AV$5112),"I",(AllCalls26!$K$15:$K$5112),"12") -> 0 | AZ28: =SUM($AN28:$AY28) -> 24 | BA28: =(SUM($AZ28))/SUM($AZ$2) -> 0.18045113 | BB28: =SUM($J28,$X28,$AZ28) -> 242 | BC28: =(SUM(BB28))/SUM($BB$2) -> 0.23818898
A29: QFF Nick Grayson | B29: 0 | C29: 16 | D29: 20 | E29: 16 | F29: 17 | G29: 26 | H29: 21 | I29: 18 | J29: =SUM($B29:$I29) -> 134 | K29: =(J29/$J$2) -> 0.41358025 | L29: 21 | M29: 20 | N29: 22 | O29: 19 | P29: 24 | Q29: 26 | R29: 19 | S29: 29 | T29: 10 | U29: 24 | V29: 23 | W29: 25 | X29: 262 | Y29: 0.44847112 | Z29: 21 | AA29: 19 | AB29: 0 | AC29: 0 | AD29: 0 | AE29: 0 | AF29: 1 | AG29: 29 | AH29: 25 | AI29: 17 | AJ29: 18 | AK29: 54 | AL29: 184 | AM29: 0.28220859 | AN29: =COUNTIFS((AllCalls26!$AW$15:$AW$5112),"I",(AllCalls26!$K$15:$K$5112),"1") -> 22 | AO29: =COUNTIFS((AllCalls26!$AW$15:$AW$5112),"I",(AllCalls26!$K$15:$K$5112),"2") -> 25 | AP29: =COUNTIFS((AllCalls26!$AW$15:$AW$5112),"I",(AllCalls26!$K$15:$K$5112),"3") -> 18 | AQ29: =COUNTIFS((AllCalls26!$AW$15:$AW$5112),"I",(AllCalls26!$K$15:$K$5112),"4") -> 0 | AR29: =COUNTIFS((AllCalls26!$AW$15:$AW$5112),"I",(AllCalls26!$K$15:$K$5112),"5") -> 0 | AS29: =COUNTIFS((AllCalls26!$AW$15:$AW$5112),"I",(AllCalls26!$K$15:$K$5112),"6") -> 0 | AT29: =COUNTIFS((AllCalls26!$AW$15:$AW$5112),"I",(AllCalls26!$K$15:$K$5112),"7") -> 0 | AU29: =COUNTIFS((AllCalls26!$AW$15:$AW$5112),"I",(AllCalls26!$K$15:$K$5112),"8") -> 0 | AV29: =COUNTIFS((AllCalls26!$AW$15:$AW$5112),"I",(AllCalls26!$K$15:$K$5112),"9") -> 0 | AW29: =COUNTIFS((AllCalls26!$AW$15:$AW$5112),"I",(AllCalls26!$K$15:$K$5112),"10") -> 0 | AX29: =COUNTIFS((AllCalls26!$AW$15:$AW$5112),"I",(AllCalls26!$K$15:$K$5112),"11") -> 0 | AY29: =COUNTIFS((AllCalls26!$AW$15:$AW$5112),"I",(AllCalls26!$K$15:$K$5112),"12") -> 0 | AZ29: =SUM($AN29:$AY29) -> 65 | BA29: =(SUM($AZ29))/SUM($AZ$2) -> 0.4887218 | BB29: =SUM($J29,$X29,$AZ29) -> 461 | BC29: =(SUM(BB29))/SUM($BB$2) -> 0.45374016
A30: QFF Jason Court | B30: 0 | C30: 14 | D30: 12 | E30: 6 | F30: 13 | G30: 8 | H30: 14 | I30: 10 | J30: =SUM($B30:$I30) -> 77 | K30: =(J30/$J$2) -> 0.23765432 | L30: 0 | M30: 7 | N30: 6 | O30: 19 | P30: 25 | Q30: 17 | R30: 19 | S30: 7 | T30: 15 | U30: 16 | V30: 25 | W30: 9 | X30: 165 | Y30: 0.27406569 | Z30: 0 | AA30: 15 | AB30: 36 | AC30: 27 | AD30: 29 | AE30: 19 | AF30: 17 | AG30: 12 | AH30: 30 | AI30: 16 | AJ30: 14 | AK30: 17 | AL30: 232 | AM30: 0.35582822 | AN30: =COUNTIFS((AllCalls26!$AX$15:$AX$5112),"I",(AllCalls26!$K$15:$K$5112),"1") -> 0 | AO30: =COUNTIFS((AllCalls26!$AX$15:$AX$5112),"I",(AllCalls26!$K$15:$K$5112),"2") -> 20 | AP30: =COUNTIFS((AllCalls26!$AX$15:$AX$5112),"I",(AllCalls26!$K$15:$K$5112),"3") -> 10 | AQ30: =COUNTIFS((AllCalls26!$AX$15:$AX$5112),"I",(AllCalls26!$K$15:$K$5112),"4") -> 0 | AR30: =COUNTIFS((AllCalls26!$AX$15:$AX$5112),"I",(AllCalls26!$K$15:$K$5112),"5") -> 0 | AS30: =COUNTIFS((AllCalls26!$AX$15:$AX$5112),"I",(AllCalls26!$K$15:$K$5112),"6") -> 0 | AT30: =COUNTIFS((AllCalls26!$AX$15:$AX$5112),"I",(AllCalls26!$K$15:$K$5112),"7") -> 0 | AU30: =COUNTIFS((AllCalls26!$AX$15:$AX$5112),"I",(AllCalls26!$K$15:$K$5112),"8") -> 0 | AV30: =COUNTIFS((AllCalls26!$AX$15:$AX$5112),"I",(AllCalls26!$K$15:$K$5112),"9") -> 0 | AW30: =COUNTIFS((AllCalls26!$AX$15:$AX$5112),"I",(AllCalls26!$K$15:$K$5112),"10") -> 0 | AX30: =COUNTIFS((AllCalls26!$AX$15:$AX$5112),"I",(AllCalls26!$K$15:$K$5112),"11") -> 0 | AY30: =COUNTIFS((AllCalls26!$AX$15:$AX$5112),"I",(AllCalls26!$K$15:$K$5112),"12") -> 0 | AZ30: =SUM($AN30:$AY30) -> 30 | BA30: =(SUM($AZ30))/SUM($AZ$2) -> 0.22556391 | BB30: =SUM($J30,$X30,$AZ30) -> 272 | BC30: =(SUM(BB30))/SUM($BB$2) -> 0.26771654
A31: QFF Crystal McConchie | C31: 0 | D31: 1 | E31: 1 | F31: 0 | G31: 4 | H31: 7 | I31: 6 | J31: =SUM($B31:$I31) -> 19 | K31: =(J31/$J$2) -> 0.058641975 | L31: 12 | M31: 10 | N31: 3 | O31: 4 | P31: 12 | Q31: 8 | R31: 14 | S31: 16 | T31: 9 | U31: 15 | V31: 11 | W31: 12 | X31: 126 | Y31: 0.16421291 | Z31: 12 | AA31: 20 | AB31: 19 | AC31: 7 | AD31: 19 | AE31: 5 | AF31: 11 | AG31: 6 | AH31: 18 | AI31: 12 | AJ31: 12 | AK31: 39 | AL31: 180 | AM31: 0.27607362 | AN31: =COUNTIFS((AllCalls26!$AY$15:$AY$5112),"I",(AllCalls26!$K$15:$K$5112),"1") -> 16 | AO31: =COUNTIFS((AllCalls26!$AY$15:$AY$5112),"I",(AllCalls26!$K$15:$K$5112),"2") -> 12 | AP31: =COUNTIFS((AllCalls26!$AY$15:$AY$5112),"I",(AllCalls26!$K$15:$K$5112),"3") -> 11 | AQ31: =COUNTIFS((AllCalls26!$AY$15:$AY$5112),"I",(AllCalls26!$K$15:$K$5112),"4") -> 0 | AR31: =COUNTIFS((AllCalls26!$AY$15:$AY$5112),"I",(AllCalls26!$K$15:$K$5112),"5") -> 0 | AS31: =COUNTIFS((AllCalls26!$AY$15:$AY$5112),"I",(AllCalls26!$K$15:$K$5112),"6") -> 0 | AT31: =COUNTIFS((AllCalls26!$AY$15:$AY$5112),"I",(AllCalls26!$K$15:$K$5112),"7") -> 0 | AU31: =COUNTIFS((AllCalls26!$AY$15:$AY$5112),"I",(AllCalls26!$K$15:$K$5112),"8") -> 0 | AV31: =COUNTIFS((AllCalls26!$AY$15:$AY$5112),"I",(AllCalls26!$K$15:$K$5112),"9") -> 0 | AW31: =COUNTIFS((AllCalls26!$AY$15:$AY$5112),"I",(AllCalls26!$K$15:$K$5112),"10") -> 0 | AX31: =COUNTIFS((AllCalls26!$AY$15:$AY$5112),"I",(AllCalls26!$K$15:$K$5112),"11") -> 0 | AY31: =COUNTIFS((AllCalls26!$AY$15:$AY$5112),"I",(AllCalls26!$K$15:$K$5112),"12") -> 0 | AZ31: =SUM($AN31:$AY31) -> 39 | BA31: =(SUM($AZ31))/SUM($AZ$2) -> 0.29323308 | BB31: =SUM($J31,$X31,$AZ31) -> 184 | BC31: =(SUM(BB31))/SUM($BB$2) -> 0.18110236
A32: QFF Hendri de Bruin | J32: =SUM(B33:I33) -> 70
A33: FF Jimmy Doyle | B33: 9 | C33: 13 | D33: 12 | E33: 0 | F33: 0 | G33: 10 | H33: 11 | I33: 15 | J33: =SUM($B33:$I33) -> 70 | K33: =(J33/$J$2) -> 0.21604938 | L33: 24 | M33: 16 | N33: 16 | O33: 14 | P33: 20 | Q33: 19 | R33: 17 | S33: 0 | T33: 0 | U33: 8 | V33: 9 | W33: 2 | X33: 145 | Y33: 0.24348811 | Z33: 1 | AA33: 0 | AB33: 9 | AC33: 7 | AD33: 4 | AE33: 6 | AF33: 13 | AG33: 14 | AH33: 18 | AI33: 7 | AJ33: 19 | AK33: 37 | AL33: 135 | AM33: 0.20705521 | AN33: =COUNTIFS((AllCalls26!$BA$15:$BA$5112),"I",(AllCalls26!$K$15:$K$5112),"1") -> 13 | AO33: =COUNTIFS((AllCalls26!$BA$15:$BA$5112),"I",(AllCalls26!$K$15:$K$5112),"2") -> 13 | AP33: =COUNTIFS((AllCalls26!$BA$15:$BA$5112),"I",(AllCalls26!$K$15:$K$5112),"3") -> 10 | AQ33: =COUNTIFS((AllCalls26!$BA$15:$BA$5112),"I",(AllCalls26!$K$15:$K$5112),"4") -> 0 | AR33: =COUNTIFS((AllCalls26!$BA$15:$BA$5112),"I",(AllCalls26!$K$15:$K$5112),"5") -> 0 | AS33: =COUNTIFS((AllCalls26!$BA$15:$BA$5112),"I",(AllCalls26!$K$15:$K$5112),"6") -> 0 | AT33: =COUNTIFS((AllCalls26!$BA$15:$BA$5112),"I",(AllCalls26!$K$15:$K$5112),"7") -> 0 | AU33: =COUNTIFS((AllCalls26!$BA$15:$BA$5112),"I",(AllCalls26!$K$15:$K$5112),"8") -> 0 | AV33: =COUNTIFS((AllCalls26!$BA$15:$BA$5112),"I",(AllCalls26!$K$15:$K$5112),"9") -> 0 | AW33: =COUNTIFS((AllCalls26!$BA$15:$BA$5112),"I",(AllCalls26!$K$15:$K$5112),"10") -> 0 | AX33: =COUNTIFS((AllCalls26!$BA$15:$BA$5112),"I",(AllCalls26!$K$15:$K$5112),"11") -> 0 | AY33: =COUNTIFS((AllCalls26!$BA$15:$BA$5112),"I",(AllCalls26!$K$15:$K$5112),"12") -> 0 | AZ33: =SUM($AN33:$AY33) -> 36 | BA33: =(SUM($AZ33))/SUM($AZ$2) -> 0.27067669 | BB33: =SUM($J33,$X33,$AZ33) -> 251 | BC33: =(SUM(BB33))/SUM($BB$2) -> 0.24704724
A34: FF Dimmy Bell-Kainiu | B34: 6 | C34: 24 | D34: 31 | E34: 18 | F34: 21 | G34: 25 | H34: 27 | I34: 21 | J34: =SUM($B34:$I34) -> 173 | K34: =(J34/$J$2) -> 0.53395062 | L34: 21 | M34: 14 | N34: 13 | O34: 9 | P34: 8 | Q34: 3 | R34: 6 | S34: 7 | T34: 5 | U34: 8 | V34: 5 | W34: 8 | X34: 107 | Y34: 0.31710079 | Z34: 2 | AA34: 9 | AB34: 21 | AC34: 15 | AD34: 34 | AE34: 7 | AF34: 17 | AG34: 15 | AH34: 16 | AI34: 4 | AJ34: 23 | AK34: 44 | AL34: 207 | AM34: 0.31748466 | AN34: =COUNTIFS((AllCalls26!$BB$15:$BB$5112),"I",(AllCalls26!$K$15:$K$5112),"1") -> 14 | AO34: =COUNTIFS((AllCalls26!$BB$15:$BB$5112),"I",(AllCalls26!$K$15:$K$5112),"2") -> 14 | AP34: =COUNTIFS((AllCalls26!$BB$15:$BB$5112),"I",(AllCalls26!$K$15:$K$5112),"3") -> 7 | AQ34: =COUNTIFS((AllCalls26!$BB$15:$BB$5112),"I",(AllCalls26!$K$15:$K$5112),"4") -> 0 | AR34: =COUNTIFS((AllCalls26!$BB$15:$BB$5112),"I",(AllCalls26!$K$15:$K$5112),"5") -> 0 | AS34: =COUNTIFS((AllCalls26!$BB$15:$BB$5112),"I",(AllCalls26!$K$15:$K$5112),"6") -> 0 | AT34: =COUNTIFS((AllCalls26!$BB$15:$BB$5112),"I",(AllCalls26!$K$15:$K$5112),"7") -> 0 | AU34: =COUNTIFS((AllCalls26!$BB$15:$BB$5112),"I",(AllCalls26!$K$15:$K$5112),"8") -> 0 | AV34: =COUNTIFS((AllCalls26!$BB$15:$BB$5112),"I",(AllCalls26!$K$15:$K$5112),"9") -> 0 | AW34: =COUNTIFS((AllCalls26!$BB$15:$BB$5112),"I",(AllCalls26!$K$15:$K$5112),"10") -> 0 | AX34: =COUNTIFS((AllCalls26!$BB$15:$BB$5112),"I",(AllCalls26!$K$15:$K$5112),"11") -> 0 | AY34: =COUNTIFS((AllCalls26!$BB$15:$BB$5112),"I",(AllCalls26!$K$15:$K$5112),"12") -> 0 | AZ34: =SUM($AN34:$AY34) -> 35 | BA34: =(SUM($AZ34))/SUM($AZ$2) -> 0.26315789 | BB34: =SUM($J34,$X34,$AZ34) -> 315 | BC34: =(SUM(BB34))/SUM($BB$2) -> 0.31003937
A35: FF Mitch Court | B35: 0 | C35: 6 | D35: 5 | E35: 3 | F35: 10 | G35: 8 | H35: 5 | I35: 3 | J35: =SUM($B35:$I35) -> 40 | K35: =(J35/$J$2) -> 0.12345679 | L35: 6 | M35: 10 | N35: 3 | O35: 6 | P35: 0 | Q35: 0 | R35: 0 | S35: 2 | T35: 0 | U35: 0 | V35: 0 | W35: 2 | X35: 29 | Y35: 0.078142695 | Z35: 5 | AA35: 8 | AB35: 18 | AC35: 8 | AD35: 0 | AE35: 11 | AF35: 17 | AG35: 12 | AH35: 18 | AI35: 9 | AJ35: 15 | AK35: 11 | AL35: 132 | AM35: 0.20245399 | AN35: =COUNTIFS((AllCalls26!$BC$15:$BC$5112),"I",(AllCalls26!$K$15:$K$5112),"1") -> 15 | AO35: =COUNTIFS((AllCalls26!$BC$15:$BC$5112),"I",(AllCalls26!$K$15:$K$5112),"2") -> 2 | AP35: =COUNTIFS((AllCalls26!$BC$15:$BC$5112),"I",(AllCalls26!$K$15:$K$5112),"3") -> 8 | AQ35: =COUNTIFS((AllCalls26!$BC$15:$BC$5112),"I",(AllCalls26!$K$15:$K$5112),"4") -> 0 | AR35: =COUNTIFS((AllCalls26!$BC$15:$BC$5112),"I",(AllCalls26!$K$15:$K$5112),"5") -> 0 | AS35: =COUNTIFS((AllCalls26!$BC$15:$BC$5112),"I",(AllCalls26!$K$15:$K$5112),"6") -> 0 | AT35: =COUNTIFS((AllCalls26!$BC$15:$BC$5112),"I",(AllCalls26!$K$15:$K$5112),"7") -> 0 | AU35: =COUNTIFS((AllCalls26!$BC$15:$BC$5112),"I",(AllCalls26!$K$15:$K$5112),"8") -> 0 | AV35: =COUNTIFS((AllCalls26!$BC$15:$BC$5112),"I",(AllCalls26!$K$15:$K$5112),"9") -> 0 | AW35: =COUNTIFS((AllCalls26!$BC$15:$BC$5112),"I",(AllCalls26!$K$15:$K$5112),"10") -> 0 | AX35: =COUNTIFS((AllCalls26!$BC$15:$BC$5112),"I",(AllCalls26!$K$15:$K$5112),"11") -> 0 | AY35: =COUNTIFS((AllCalls26!$BC$15:$BC$5112),"I",(AllCalls26!$K$15:$K$5112),"12") -> 0 | AZ35: =SUM($AN35:$AY35) -> 25 | BA35: =(SUM($AZ35))/SUM($AZ$2) -> 0.18796992 | BB35: =SUM($J35,$X35,$AZ35) -> 94 | BC35: =(SUM(BB35))/SUM($BB$2) -> 0.092519685 | BD35: *
A36: FF Jamie O'Hare | F36: 2 | G36: 2 | H36: 7 | I36: 2 | J36: =SUM($B36:$I36) -> 13 | K36: =(J36/$J$2) -> 0.040123457 | L36: 8 | M36: 2 | N36: 0 | O36: 2 | P36: 3 | Q36: 0 | R36: 1 | S36: 7 | T36: 11 | U36: 7 | V36: 12 | W36: 9 | X36: 62 | Y36: 0.10273973 | Z36: 14 | AA36: 10 | AB36: 6 | AC36: 8 | AD36: 5 | AE36: 2 | AF36: 11 | AG36: 9 | AH36: 4 | AI36: 8 | AJ36: 6 | AK36: 24 | AL36: 107 | AM36: 0.16411043 | AN36: =COUNTIFS((AllCalls26!$BD$15:$BD$5112),"I",(AllCalls26!$K$15:$K$5112),"1") -> 9 | AO36: =COUNTIFS((AllCalls26!$BD$15:$BD$5112),"I",(AllCalls26!$K$15:$K$5112),"2") -> 3 | AP36: =COUNTIFS((AllCalls26!$BD$15:$BD$5112),"I",(AllCalls26!$K$15:$K$5112),"3") -> 2 | AQ36: =COUNTIFS((AllCalls26!$BD$15:$BD$5112),"I",(AllCalls26!$K$15:$K$5112),"4") -> 0 | AR36: =COUNTIFS((AllCalls26!$BD$15:$BD$5112),"I",(AllCalls26!$K$15:$K$5112),"5") -> 0 | AS36: =COUNTIFS((AllCalls26!$BD$15:$BD$5112),"I",(AllCalls26!$K$15:$K$5112),"6") -> 0 | AT36: =COUNTIFS((AllCalls26!$BD$15:$BD$5112),"I",(AllCalls26!$K$15:$K$5112),"7") -> 0 | AU36: =COUNTIFS((AllCalls26!$BD$15:$BD$5112),"I",(AllCalls26!$K$15:$K$5112),"8") -> 0 | AV36: =COUNTIFS((AllCalls26!$BD$15:$BD$5112),"I",(AllCalls26!$K$15:$K$5112),"9") -> 0 | AW36: =COUNTIFS((AllCalls26!$BD$15:$BD$5112),"I",(AllCalls26!$K$15:$K$5112),"10") -> 0 | AX36: =COUNTIFS((AllCalls26!$BD$15:$BD$5112),"I",(AllCalls26!$K$15:$K$5112),"11") -> 0 | AY36: =COUNTIFS((AllCalls26!$BD$15:$BD$5112),"I",(AllCalls26!$K$15:$K$5112),"12") -> 0 | AZ36: =SUM($AN36:$AY36) -> 14 | BA36: =(SUM($AZ36))/SUM($AZ$2) -> 0.10526316 | BB36: =SUM($J36,$X36,$AZ36) -> 89 | BC36: =(SUM(BB36))/SUM($BB$2) -> 0.087598425 | BD36: *
A37: FF Kaitlyn Evans | J37: 0 | N37: - | O37: 3 | P37: 0 | Q37: 2 | R37: 2 | S37: 1 | T37: 3 | U37: 10 | V37: 11 | W37: 12 | X37: 44 | Y37: 0.10837438 | Z37: 4 | AA37: 3 | AB37: 13 | AC37: 5 | AD37: 3 | AE37: 2 | AF37: 9 | AG37: 9 | AH37: 11 | AI37: 6 | AJ37: 7 | AK37: 10 | AL37: 82 | AM37: 0.12576687 | AN37: =COUNTIFS((AllCalls26!$BE$15:$BE$5112),"I",(AllCalls26!$K$15:$K$5112),"1") -> 4 | AO37: =COUNTIFS((AllCalls26!$BE$15:$BE$5112),"I",(AllCalls26!$K$15:$K$5112),"2") -> 1 | AP37: =COUNTIFS((AllCalls26!$BE$15:$BE$5112),"I",(AllCalls26!$K$15:$K$5112),"3") -> 4 | AQ37: =COUNTIFS((AllCalls26!$BE$15:$BE$5112),"I",(AllCalls26!$K$15:$K$5112),"4") -> 0 | AR37: =COUNTIFS((AllCalls26!$BE$15:$BE$5112),"I",(AllCalls26!$K$15:$K$5112),"5") -> 0 | AS37: =COUNTIFS((AllCalls26!$BE$15:$BE$5112),"I",(AllCalls26!$K$15:$K$5112),"6") -> 0 | AT37: =COUNTIFS((AllCalls26!$BE$15:$BE$5112),"I",(AllCalls26!$K$15:$K$5112),"7") -> 0 | AU37: =COUNTIFS((AllCalls26!$BE$15:$BE$5112),"I",(AllCalls26!$K$15:$K$5112),"8") -> 0 | AV37: =COUNTIFS((AllCalls26!$BE$15:$BE$5112),"I",(AllCalls26!$K$15:$K$5112),"9") -> 0 | AW37: =COUNTIFS((AllCalls26!$BE$15:$BE$5112),"I",(AllCalls26!$K$15:$K$5112),"10") -> 0 | AX37: =COUNTIFS((AllCalls26!$BE$15:$BE$5112),"I",(AllCalls26!$K$15:$K$5112),"11") -> 0 | AY37: =COUNTIFS((AllCalls26!$BE$15:$BE$5112),"I",(AllCalls26!$K$15:$K$5112),"12") -> 0 | AZ37: =SUM($AN37:$AY37) -> 9 | BA37: =(SUM($AZ37))/SUM($AZ$2) -> 0.067669173 | BB37: =SUM($J37,$X37,$AZ37) -> 53 | BC37: =(SUM(BB37))/SUM($BB$2) -> 0.052165354 | BD37: *
A38: FF Jaime Moore | U38: 0 | V38: 9 | W38: 17 | X38: 26 | Y38: 0.18439716 | Z38: 7 | AA38: 12 | AB38: 18 | AC38: 16 | AD38: 21 | AE38: 7 | AF38: 18 | AG38: 9 | AH38: 8 | AI38: 13 | AJ38: 15 | AK38: 9 | AL38: 153 | AM38: 0.23466258 | AN38: =COUNTIFS((AllCalls26!$BF$15:$BF$5112),"I",(AllCalls26!$K$15:$K$5112),"1") -> 7 | AO38: =COUNTIFS((AllCalls26!$BF$15:$BF$5112),"I",(AllCalls26!$K$15:$K$5112),"2") -> 13 | AP38: =COUNTIFS((AllCalls26!$BF$15:$BF$5112),"I",(AllCalls26!$K$15:$K$5112),"3") -> 5 | AQ38: =COUNTIFS((AllCalls26!$BF$15:$BF$5112),"I",(AllCalls26!$K$15:$K$5112),"4") -> 0 | AR38: =COUNTIFS((AllCalls26!$BF$15:$BF$5112),"I",(AllCalls26!$K$15:$K$5112),"5") -> 0 | AS38: =COUNTIFS((AllCalls26!$BF$15:$BF$5112),"I",(AllCalls26!$K$15:$K$5112),"6") -> 0 | AT38: =COUNTIFS((AllCalls26!$BF$15:$BF$5112),"I",(AllCalls26!$K$15:$K$5112),"7") -> 0 | AU38: =COUNTIFS((AllCalls26!$BF$15:$BF$5112),"I",(AllCalls26!$K$15:$K$5112),"8") -> 0 | AV38: =COUNTIFS((AllCalls26!$BF$15:$BF$5112),"I",(AllCalls26!$K$15:$K$5112),"9") -> 0 | AW38: =COUNTIFS((AllCalls26!$BF$15:$BF$5112),"I",(AllCalls26!$K$15:$K$5112),"10") -> 0 | AX38: =COUNTIFS((AllCalls26!$BF$15:$BF$5112),"I",(AllCalls26!$K$15:$K$5112),"11") -> 0 | AY38: =COUNTIFS((AllCalls26!$BF$15:$BF$5112),"I",(AllCalls26!$K$15:$K$5112),"12") -> 0 | AZ38: =SUM($AN38:$AY38) -> 25 | BA38: =(SUM($AZ38))/SUM($AZ$2) -> 0.18796992 | BB38: =SUM($J38,$X38,$AZ38) -> 51 | BC38: =(SUM(BB38,X38))/SUM($AZ$2,$V$2:$W$2) -> 0.33189655
A39: FF Torrens Butcher | U39: 0 | V39: 3 | W39: 9 | X39: 12 | Y39: 0.085106383 | Z39: 5 | AA39: 8 | AB39: 15 | AC39: 17 | AD39: 30 | AE39: 11 | AF39: 22 | AG39: 14 | AH39: 22 | AI39: 9 | AJ39: 6 | AK39: 34 | AL39: 193 | AM39: 0.29601227 | AN39: =COUNTIFS((AllCalls26!$BG$15:$BG$5112),"I",(AllCalls26!$K$15:$K$5112),"1") -> 27 | AO39: =COUNTIFS((AllCalls26!$BG$15:$BG$5112),"I",(AllCalls26!$K$15:$K$5112),"2") -> 20 | AP39: =COUNTIFS((AllCalls26!$BG$15:$BG$5112),"I",(AllCalls26!$K$15:$K$5112),"3") -> 10 | AQ39: =COUNTIFS((AllCalls26!$BG$15:$BG$5112),"I",(AllCalls26!$K$15:$K$5112),"4") -> 0 | AR39: =COUNTIFS((AllCalls26!$BG$15:$BG$5112),"I",(AllCalls26!$K$15:$K$5112),"5") -> 0 | AS39: =COUNTIFS((AllCalls26!$BG$15:$BG$5112),"I",(AllCalls26!$K$15:$K$5112),"6") -> 0 | AT39: =COUNTIFS((AllCalls26!$BG$15:$BG$5112),"I",(AllCalls26!$K$15:$K$5112),"7") -> 0 | AU39: =COUNTIFS((AllCalls26!$BG$15:$BG$5112),"I",(AllCalls26!$K$15:$K$5112),"8") -> 0 | AV39: =COUNTIFS((AllCalls26!$BG$15:$BG$5112),"I",(AllCalls26!$K$15:$K$5112),"9") -> 0 | AW39: =COUNTIFS((AllCalls26!$BG$15:$BG$5112),"I",(AllCalls26!$K$15:$K$5112),"10") -> 0 | AX39: =COUNTIFS((AllCalls26!$BG$15:$BG$5112),"I",(AllCalls26!$K$15:$K$5112),"11") -> 0 | AY39: =COUNTIFS((AllCalls26!$BG$15:$BG$5112),"I",(AllCalls26!$K$15:$K$5112),"12") -> 0 | AZ39: =SUM($AN39:$AY39) -> 57 | BA39: =(SUM($AZ39))/SUM($AZ$2) -> 0.42857143 | BB39: =SUM($J39,$X39,$AZ39) -> 69 | BC39: =(SUM(BB39,X39))/SUM($AZ$2,$V$2:$W$2) -> 0.34913793
A40: FF Matt Humber | U40: 0 | V40: 7 | W40: 15 | X40: 22 | Y40: 0.15602837 | Z40: 21 | AA40: 24 | AB40: 29 | AC40: 18 | AD40: 39 | AE40: 16 | AF40: 11 | AG40: 27 | AH40: 23 | AI40: 19 | AJ40: 18 | AK40: 42 | AL40: 287 | AM40: 0.44018405 | AN40: =COUNTIFS((AllCalls26!$BH$15:$BH$5112),"I",(AllCalls26!$K$15:$K$5112),"1") -> 21 | AO40: =COUNTIFS((AllCalls26!$BH$15:$BH$5112),"I",(AllCalls26!$K$15:$K$5112),"2") -> 27 | AP40: =COUNTIFS((AllCalls26!$BH$15:$BH$5112),"I",(AllCalls26!$K$15:$K$5112),"3") -> 18 | AQ40: =COUNTIFS((AllCalls26!$BH$15:$BH$5112),"I",(AllCalls26!$K$15:$K$5112),"4") -> 0 | AR40: =COUNTIFS((AllCalls26!$BH$15:$BH$5112),"I",(AllCalls26!$K$15:$K$5112),"5") -> 0 | AS40: =COUNTIFS((AllCalls26!$BH$15:$BH$5112),"I",(AllCalls26!$K$15:$K$5112),"6") -> 0 | AT40: =COUNTIFS((AllCalls26!$BH$15:$BH$5112),"I",(AllCalls26!$K$15:$K$5112),"7") -> 0 | AU40: =COUNTIFS((AllCalls26!$BH$15:$BH$5112),"I",(AllCalls26!$K$15:$K$5112),"8") -> 0 | AV40: =COUNTIFS((AllCalls26!$BH$15:$BH$5112),"I",(AllCalls26!$K$15:$K$5112),"9") -> 0 | AW40: =COUNTIFS((AllCalls26!$BH$15:$BH$5112),"I",(AllCalls26!$K$15:$K$5112),"10") -> 0 | AX40: =COUNTIFS((AllCalls26!$BH$15:$BH$5112),"I",(AllCalls26!$K$15:$K$5112),"11") -> 0 | AY40: =COUNTIFS((AllCalls26!$BH$15:$BH$5112),"I",(AllCalls26!$K$15:$K$5112),"12") -> 0 | AZ40: =SUM($AN40:$AY40) -> 66 | BA40: =(SUM($AZ40))/SUM($AZ$2) -> 0.4962406 | BB40: =SUM($J40,$X40,$AZ40) -> 88 | BC40: =(SUM(BB40,X40))/SUM($AZ$2,$V$2:$W$2) -> 0.47413793
A41: RFF Leone Humber | H41: 0 | I41: 2 | J41: =SUM($B41:$I41) -> 2 | K41: =(J41/$J$2) -> 0.0061728395 | L41: 2 | M41: 20 | N41: 21 | O41: 8 | P41: 9 | Q41: 0 | R41: 1 | S41: 0 | T41: 0 | U41: 0 | V41: 0 | W41: 9 | X41: 70 | Y41: 0.10404624 | Z41: 15 | AA41: 12 | AB41: 12 | AC41: 10 | AD41: 15 | AE41: 6 | AF41: 8 | AG41: 0 | AH41: 0 | AI41: 0 | AJ41: 0 | AK41: 0 | AL41: 78 | AM41: 0.1196319 | AN41: =COUNTIFS((AllCalls26!$BI$15:$BI$5112),"I",(AllCalls26!$K$15:$K$5112),"1") -> 2 | AO41: =COUNTIFS((AllCalls26!$BI$15:$BI$5112),"I",(AllCalls26!$K$15:$K$5112),"2") -> 0 | AP41: =COUNTIFS((AllCalls26!$BI$15:$BI$5112),"I",(AllCalls26!$K$15:$K$5112),"3") -> 0 | AQ41: =COUNTIFS((AllCalls26!$BI$15:$BI$5112),"I",(AllCalls26!$K$15:$K$5112),"4") -> 0 | AR41: =COUNTIFS((AllCalls26!$BI$15:$BI$5112),"I",(AllCalls26!$K$15:$K$5112),"5") -> 0 | AS41: =COUNTIFS((AllCalls26!$BI$15:$BI$5112),"I",(AllCalls26!$K$15:$K$5112),"6") -> 0 | AT41: =COUNTIFS((AllCalls26!$BI$15:$BI$5112),"I",(AllCalls26!$K$15:$K$5112),"7") -> 0 | AU41: =COUNTIFS((AllCalls26!$BI$15:$BI$5112),"I",(AllCalls26!$K$15:$K$5112),"8") -> 0 | AV41: =COUNTIFS((AllCalls26!$BI$15:$BI$5112),"I",(AllCalls26!$K$15:$K$5112),"9") -> 0 | AW41: =COUNTIFS((AllCalls26!$BI$15:$BI$5112),"I",(AllCalls26!$K$15:$K$5112),"10") -> 0 | AX41: =COUNTIFS((AllCalls26!$BI$15:$BI$5112),"I",(AllCalls26!$K$15:$K$5112),"11") -> 0 | AY41: =COUNTIFS((AllCalls26!$BI$15:$BI$5112),"I",(AllCalls26!$K$15:$K$5112),"12") -> 0 | AZ41: =SUM($AN41:$AY41) -> 2 | BA41: =(SUM($AZ41))/SUM($AZ$2) -> 0.015037594 | BB41: =SUM($J41,$X41,$AZ41) -> 74 | BC41: =(SUM(BB41))/SUM($AZ$2,AL2,Z2,F2:I2,L2:N2) -> 0.063464837
A42: RFF Joel Robbins | AE42: 1 | AF42: 0 | AG42: 2 | AH42: 20 | AI42: 25 | AJ42: 35 | AK42: 56 | AL42: 139 | AM42: 0.37874659 | AN42: =COUNTIFS((AllCalls26!$BJ$15:$BJ$5112),"I",(AllCalls26!$K$15:$K$5112),"1") -> 46 | AO42: =COUNTIFS((AllCalls26!$BJ$15:$BJ$5112),"I",(AllCalls26!$K$15:$K$5112),"2") -> 27 | AP42: =COUNTIFS((AllCalls26!$BJ$15:$BJ$5112),"I",(AllCalls26!$K$15:$K$5112),"3") -> 23 | AQ42: =COUNTIFS((AllCalls26!$BJ$15:$BJ$5112),"I",(AllCalls26!$K$15:$K$5112),"4") -> 0 | AR42: =COUNTIFS((AllCalls26!$BJ$15:$BJ$5112),"I",(AllCalls26!$K$15:$K$5112),"5") -> 0 | AS42: =COUNTIFS((AllCalls26!$BJ$15:$BJ$5112),"I",(AllCalls26!$K$15:$K$5112),"6") -> 0 | AT42: =COUNTIFS((AllCalls26!$BJ$15:$BJ$5112),"I",(AllCalls26!$K$15:$K$5112),"7") -> 0 | AU42: =COUNTIFS((AllCalls26!$BJ$15:$BJ$5112),"I",(AllCalls26!$K$15:$K$5112),"8") -> 0 | AV42: =COUNTIFS((AllCalls26!$BJ$15:$BJ$5112),"I",(AllCalls26!$K$15:$K$5112),"9") -> 0 | AW42: =COUNTIFS((AllCalls26!$BJ$15:$BJ$5112),"I",(AllCalls26!$K$15:$K$5112),"10") -> 0 | AX42: =COUNTIFS((AllCalls26!$BJ$15:$BJ$5112),"I",(AllCalls26!$K$15:$K$5112),"11") -> 0 | AY42: =COUNTIFS((AllCalls26!$BJ$15:$BJ$5112),"I",(AllCalls26!$K$15:$K$5112),"12") -> 0 | AZ42: =SUM($AN42:$AY42) -> 96 | BA42: =(SUM($AZ42))/SUM($AZ$2) -> 0.72180451 | BB42: =SUM($AL42,$AZ42) -> 235 | BC42: =(SUM(BB42))/SUM($AZ$2,$AE$2:$AK$2) -> 0.47
A43: RFF Tracey Brownlee | AH43: 15 | AI43: 16 | AJ43: 15 | AK43: 17 | AL43: 63 | AM43: 0.17166213 | AN43: =COUNTIFS((AllCalls26!$BK$15:$BK$5112),"I",(AllCalls26!$K$15:$K$5112),"1") -> 20 | AO43: =COUNTIFS((AllCalls26!$BK$15:$BK$5112),"I",(AllCalls26!$K$15:$K$5112),"2") -> 15 | AP43: =COUNTIFS((AllCalls26!$BK$15:$BK$5112),"I",(AllCalls26!$K$15:$K$5112),"3") -> 7 | AQ43: =COUNTIFS((AllCalls26!$BK$15:$BK$5112),"I",(AllCalls26!$K$15:$K$5112),"4") -> 0 | AR43: =COUNTIFS((AllCalls26!$BK$15:$BK$5112),"I",(AllCalls26!$K$15:$K$5112),"5") -> 0 | AS43: =COUNTIFS((AllCalls26!$BK$15:$BK$5112),"I",(AllCalls26!$K$15:$K$5112),"6") -> 0 | AT43: =COUNTIFS((AllCalls26!$BK$15:$BK$5112),"I",(AllCalls26!$K$15:$K$5112),"7") -> 0 | AU43: =COUNTIFS((AllCalls26!$BK$15:$BK$5112),"I",(AllCalls26!$K$15:$K$5112),"8") -> 0 | AV43: =COUNTIFS((AllCalls26!$BK$15:$BK$5112),"I",(AllCalls26!$K$15:$K$5112),"9") -> 0 | AW43: =COUNTIFS((AllCalls26!$BK$15:$BK$5112),"I",(AllCalls26!$K$15:$K$5112),"10") -> 0 | AX43: =COUNTIFS((AllCalls26!$BK$15:$BK$5112),"I",(AllCalls26!$K$15:$K$5112),"11") -> 0 | AY43: =COUNTIFS((AllCalls26!$BK$15:$BK$5112),"I",(AllCalls26!$K$15:$K$5112),"12") -> 0 | AZ43: =SUM($AN43:$AY43) -> 42 | BA43: =(SUM($AZ43))/SUM($AZ$2) -> 0.31578947 | BB43: =SUM($J43,$X43,$AZ43) -> 42 | BC43: =(SUM(BB43,X43))/SUM($AZ$2,$V$2:$W$2) -> 0.18103448
A44: RFF Sacha Hoole | AH44: 8 | AI44: 7 | AJ44: 13 | AK44: 33 | AL44: 61 | AM44: 0.16621253 | AN44: =COUNTIFS((AllCalls26!$BL$15:$BL$5112),"I",(AllCalls26!$K$15:$K$5112),"1") -> 16 | AO44: =COUNTIFS((AllCalls26!$BL$15:$BL$5112),"I",(AllCalls26!$K$15:$K$5112),"2") -> 12 | AP44: =COUNTIFS((AllCalls26!$BL$15:$BL$5112),"I",(AllCalls26!$K$15:$K$5112),"3") -> 8 | AQ44: =COUNTIFS((AllCalls26!$BL$15:$BL$5112),"I",(AllCalls26!$K$15:$K$5112),"4") -> 0 | AR44: =COUNTIFS((AllCalls26!$BL$15:$BL$5112),"I",(AllCalls26!$K$15:$K$5112),"5") -> 0 | AS44: =COUNTIFS((AllCalls26!$BL$15:$BL$5112),"I",(AllCalls26!$K$15:$K$5112),"6") -> 0 | AT44: =COUNTIFS((AllCalls26!$BL$15:$BL$5112),"I",(AllCalls26!$K$15:$K$5112),"7") -> 0 | AU44: =COUNTIFS((AllCalls26!$BL$15:$BL$5112),"I",(AllCalls26!$K$15:$K$5112),"8") -> 0 | AV44: =COUNTIFS((AllCalls26!$BL$15:$BL$5112),"I",(AllCalls26!$K$15:$K$5112),"9") -> 0 | AW44: =COUNTIFS((AllCalls26!$BL$15:$BL$5112),"I",(AllCalls26!$K$15:$K$5112),"10") -> 0 | AX44: =COUNTIFS((AllCalls26!$BL$15:$BL$5112),"I",(AllCalls26!$K$15:$K$5112),"11") -> 0 | AY44: =COUNTIFS((AllCalls26!$BL$15:$BL$5112),"I",(AllCalls26!$K$15:$K$5112),"12") -> 0 | AZ44: =SUM($AN44:$AY44) -> 36 | BA44: =(SUM($AZ44))/SUM($AZ$2) -> 0.27067669 | BB44: =SUM($J44,$X44,$AZ44) -> 36 | BC44: =(SUM(BB44,X44))/SUM($AZ$2,$V$2:$W$2) -> 0.15517241
A45: RFF Callum Reid | AJ45: 0 | AK45: 0 | AL45: 0 | AM45: 0 | AN45: =COUNTIFS((AllCalls26!$BM$15:$BM$5112),"I",(AllCalls26!$K$15:$K$5112),"1") -> 0 | AO45: =COUNTIFS((AllCalls26!$BM$15:$BM$5112),"I",(AllCalls26!$K$15:$K$5112),"2") -> 25 | AP45: =COUNTIFS((AllCalls26!$BM$15:$BM$5112),"I",(AllCalls26!$K$15:$K$5112),"3") -> 16 | AQ45: =COUNTIFS((AllCalls26!$BM$15:$BM$5112),"I",(AllCalls26!$K$15:$K$5112),"4") -> 0 | AR45: =COUNTIFS((AllCalls26!$BM$15:$BM$5112),"I",(AllCalls26!$K$15:$K$5112),"5") -> 0 | AS45: =COUNTIFS((AllCalls26!$BM$15:$BM$5112),"I",(AllCalls26!$K$15:$K$5112),"6") -> 0 | AT45: =COUNTIFS((AllCalls26!$BM$15:$BM$5112),"I",(AllCalls26!$K$15:$K$5112),"7") -> 0 | AU45: =COUNTIFS((AllCalls26!$BM$15:$BM$5112),"I",(AllCalls26!$K$15:$K$5112),"8") -> 0 | AV45: =COUNTIFS((AllCalls26!$BM$15:$BM$5112),"I",(AllCalls26!$K$15:$K$5112),"9") -> 0 | AW45: =COUNTIFS((AllCalls26!$BM$15:$BM$5112),"I",(AllCalls26!$K$15:$K$5112),"10") -> 0 | AX45: =COUNTIFS((AllCalls26!$BM$15:$BM$5112),"I",(AllCalls26!$K$15:$K$5112),"11") -> 0 | AY45: =COUNTIFS((AllCalls26!$BM$15:$BM$5112),"I",(AllCalls26!$K$15:$K$5112),"12") -> 0 | AZ45: =SUM($AN45:$AY45) -> 41 | BA45: =(SUM($AZ45))/SUM($AZ$2) -> 0.30827068 | BB45: =SUM($J45,$X45,$AZ45) -> 41 | BC45: =(SUM(BB45,X45))/SUM($AZ$2,$V$2:$W$2) -> 0.17672414
A46: RFF Jack Piggott-Newton | B46: 6 | C46: 2 | D46: 3 | E46: 3 | F46: 6 | G46: 2 | H46: 2 | I46: 1 | J46: =SUM(B46:I46) -> 25 | K46: 0.07 | L46: 3 | M46: 2 | N46: 0 | O46: 1 | P46: 0 | Q46: 0 | R46: 0 | S46: 0 | X46: 6 | Y46: 0.04 | AJ46: 0 | AK46: 3 | AL46: 3 | AM46: 0.06122449 | AN46: =COUNTIFS((AllCalls26!$BN$15:$BN$5112),"I",(AllCalls26!$K$15:$K$5112),"1") -> 1 | AO46: =COUNTIFS((AllCalls26!$BN$15:$BN$5112),"I",(AllCalls26!$K$15:$K$5112),"2") -> 1 | AP46: =COUNTIFS((AllCalls26!$BN$15:$BN$5112),"I",(AllCalls26!$K$15:$K$5112),"3") -> 4 | AQ46: =COUNTIFS((AllCalls26!$BN$15:$BN$5112),"I",(AllCalls26!$K$15:$K$5112),"4") -> 0 | AR46: =COUNTIFS((AllCalls26!$BN$15:$BN$5112),"I",(AllCalls26!$K$15:$K$5112),"5") -> 0 | AS46: =COUNTIFS((AllCalls26!$BN$15:$BN$5112),"I",(AllCalls26!$K$15:$K$5112),"6") -> 0 | AT46: =COUNTIFS((AllCalls26!$BN$15:$BN$5112),"I",(AllCalls26!$K$15:$K$5112),"7") -> 0 | AU46: =COUNTIFS((AllCalls26!$BN$15:$BN$5112),"I",(AllCalls26!$K$15:$K$5112),"8") -> 0 | AV46: =COUNTIFS((AllCalls26!$BN$15:$BN$5112),"I",(AllCalls26!$K$15:$K$5112),"9") -> 0 | AW46: =COUNTIFS((AllCalls26!$BN$15:$BN$5112),"I",(AllCalls26!$K$15:$K$5112),"10") -> 0 | AX46: =COUNTIFS((AllCalls26!$BN$15:$BN$5112),"I",(AllCalls26!$K$15:$K$5112),"11") -> 0 | AY46: =COUNTIFS((AllCalls26!$BN$15:$BN$5112),"I",(AllCalls26!$K$15:$K$5112),"12") -> 0 | AZ46: =SUM($AN46:$AY46) -> 6 | BA46: =(SUM(AZ46))/SUM($AZ$1) -> 0.6 | BB46: =SUM(J46,X46,AZ46) -> 37 | BC46: =(SUM(BB46))/SUM($BB$2) -> 0.036417323
A47: RFF Caleb Wanhill | AP47: =COUNTIFS((AllCalls26!$BO$15:$BO$5112),"I",(AllCalls26!$K$15:$K$5112),"3") -> 1 | AQ47: =COUNTIFS((AllCalls26!$BO$15:$BO$5112),"I",(AllCalls26!$K$15:$K$5112),"4") -> 0 | AR47: =COUNTIFS((AllCalls26!$BO$15:$BO$5112),"I",(AllCalls26!$K$15:$K$5112),"5") -> 0 | AS47: =COUNTIFS((AllCalls26!$BO$15:$BO$5112),"I",(AllCalls26!$K$15:$K$5112),"6") -> 0 | AT47: =COUNTIFS((AllCalls26!$BO$15:$BO$5112),"I",(AllCalls26!$K$15:$K$5112),"7") -> 0 | AU47: =COUNTIFS((AllCalls26!$BO$15:$BO$5112),"I",(AllCalls26!$K$15:$K$5112),"8") -> 0 | AV47: =COUNTIFS((AllCalls26!$BO$15:$BO$5112),"I",(AllCalls26!$K$15:$K$5112),"9") -> 0 | AW47: =COUNTIFS((AllCalls26!$BO$15:$BO$5112),"I",(AllCalls26!$K$15:$K$5112),"10") -> 0 | AX47: =COUNTIFS((AllCalls26!$BO$15:$BO$5112),"I",(AllCalls26!$K$15:$K$5112),"11") -> 0 | AY47: =COUNTIFS((AllCalls26!$BO$15:$BO$5112),"I",(AllCalls26!$K$15:$K$5112),"12") -> 0 | AZ47: =SUM($AP47:$AY47) -> 1 | BA47: =(SUM($AZ47))/SUM($AZ$2) -> 0.007518797 | BB47: =SUM($J47,$X47,$AZ47) -> 1 | BC47: =(BB47)/SUM($AP$2:$AY$2) -> 0.034482759

Sheet Total Calls
A1: Name | B1: Number
A2: QFF Hendri de Bruin
A3: RFF Caleb Wanhill | B3: =Summary!BB47 -> 1
A4: RFF Callum Reid | B4: =Summary!BB45 -> 41
A5: RFF Sacha Hoole | B5: =Summary!BB44 -> 36
A6: RFF Tracey Brownlee | B6: =Summary!BB43 -> 42
A7: FF Jaime Moore | B7: =Summary!BB38 -> 51
A8: FF Torrens Butcher | B8: =Summary!BB39 -> 69
A9: RFF Jack Piggott-Newton | B9: =Summary!BB46 -> 37
A10: FF Matt Humber | B10: =Summary!BB40 -> 88
A11: FF Kaitlyn Evans | B11: =Summary!BB37 -> 53
A12: RFF Leone Humber | B12: =Summary!BB41 -> 74
A13: FF Jamie O'Hare | B13: =Summary!BB36 -> 89
A14: FF Mitch Court | B14: =Summary!BB35 -> 94
A15: QFF Alan Binnie | B15: =Summary!BB25 -> 147
A16: QFF Crystal McConchie | B16: =Summary!BB31 -> 184
A17: RFF Joel Robbins | B17: =Summary!BB42 -> 235
A18: QFF Melanie Yates | B18: =Summary!BB21 -> 200
A19: SFF Brent Reynolds | B19: =Summary!BB12 -> 227
A20: QFF Dallas Steele | B20: =Summary!BB28 -> 242
A21: FF Jimmy Doyle | B21: =Summary!BB33 -> 251
A22: SFF Joseph O'Neill-Gregory | B22: =Summary!BB13 -> 241
A23: QFF Andrew Bond | B23: =Summary!BB24 -> 253
A24: QFF Jason Court | B24: =Summary!BB30 -> 272
A25: SFF Brody Jellyman | B25: =Summary!BB17 -> 265
A26: SO Richard Irving | B26: =Summary!BB9 -> 275
A27: QFF Russell Clarke | B27: =Summary!BB23 -> 276
A28: SSO Darcy Hart | B28: =Summary!BB6 -> 285
A29: SO Richard Jellyman | B29: =Summary!BB8 -> 316
A30: SO William O'Connell | B30: =Summary!BB11 -> 309
A31: FF Dimmy Bell-Kainiu | B31: =Summary!BB34 -> 315
A32: SFF Robert Mayo | B32: =Summary!BB16 -> 367
A33: QFF Josh Pennefather | B33: =Summary!BB26 -> 365
A34: QFF Ben Killgour | B34: =Summary!BB27 -> 377
A35: SO Jon White | B35: =Summary!BB10 -> 391
A36: DCFO Bharat Ravji | B36: =Summary!BB5 -> 439
A37: QFF Ian Chapman | B37: =Summary!BB20 -> 443
A38: QFF Symon Maxwell | B38: =Summary!BB19 -> 428
A39: QFF Nick Grayson | B39: =Summary!BB29 -> 461
A40: SFF Darryn Pritchard | B40: =Summary!BB18 -> 417
A41: CFO John Robinson | B41: =Summary!BB4 -> 470
A42: QFF Maree Primrose | B42: =Summary!BB22 -> 438
A43: SFF Grant Robertson | B43: =Summary!BB14 -> 542
A44: SSO Vaughan Wood | B44: =Summary!BB7 -> 588

Sheet Musters
A1: Musters | B1: 3 | C1: 4 | D1: 4 | E1: 5 | F1: 4 | G1: 4 | H1: 4 | I1: 2 | J1: =SUM(B1:I1) -> 30 | K1: 2023 | L1: 3 | M1: 4 | N1: 4 | O1: 5 | P1: 4 | Q1: 4 | R1: 5 | S1: 5 | T1: 5 | U1: 4 | V1: 4 | W1: 3 | X1: 50 | Y1: 2024 | Z1: 3 | AA1: 4 | AB1: 5 | AC1: 4 | AD1: 4 | AE1: 5 | AF1: 4 | AG1: 4 | AH1: 5 | AI1: 4 | AJ1: 4 | AK1: 3 | AL1: 49 | AM1: 2025 | AN1: =AllMusters26!$E$3 -> 4 | AO1: =AllMusters26!$E$4 -> 4 | AP1: =AllMusters26!$E$5 -> 2 | AQ1: =AllMusters26!$E$6 -> 0 | AR1: =AllMusters26!$E$7 -> 0 | AS1: =AllMusters26!$E$8 -> 0 | AT1: =AllMusters26!$E$9 -> 0 | AU1: =AllMusters26!$E$10 -> 0 | AV1: =AllMusters26!$E$11 -> 0 | AW1: =AllMusters26!$E$12 -> 0 | AX1: =AllMusters26!$E$13 -> 0 | AY1: =AllMusters26!$E$14 -> 0 | AZ1: =SUM(AN1:AY1) -> 10 | BA1: 2025 | BB1: Total Musters | BC1: Total
A2: Monthly Call Count | B2: 32 | C2: 46 | D2: 47 | E2: 28 | F2: 38 | G2: 46 | H2: 43 | I2: 44 | J2: =SUM(B2:I2) -> 324 | L2: 58 | M2: 48 | N2: 47 | O2: 38 | P2: 55 | Q2: 43 | R2: 44 | S2: 49 | T2: 36 | U2: 42 | V2: 47 | W2: 52 | X2: 559 | Z2: 57 | AA2: 48 | AB2: 70 | AC2: 42 | AD2: 68 | AE2: 35 | AF2: 56 | AG2: 53 | AH2: 47 | AI2: 39 | AJ2: 58 | AK2: 79 | AL2: 652 | AN2: =Summary!AN2 -> 60 | AO2: =Summary!AO2 -> 44 | AP2: =Summary!AP2 -> 29 | AQ2: =Summary!AQ2 -> 0 | AR2: =Summary!AR2 -> 0 | AS2: =Summary!AS2 -> 0 | AT2: =Summary!AT2 -> 0 | AU2: =Summary!AU2 -> 0 | ... AY2: =Summary!AY2 -> 0 | AZ2: =SUM(AN2:AY2) -> 133 | BB2: =SUM(AZ1,X1,J1) -> 90 | BC2: Average
A3: Month | B3: May | C3: June | D3: July | E3: August | F3: September | G3: October | H3: November | I3: December | J3: Sum | K3: Totals | L3: January | M3: Febuary | N3: March | O3: April | P3: May | Q3: June | R3: July | S3: August | T3: September | U3: October | V3: Novober | W3: December | X3: Sum | Y3: Totals | Z3: January | AA3: Febuary | AB3: March | AC3: April | AD3: May | AE3: June | AF3: July | AG3: August | AH3: September | AI3: October | AJ3: Novober | AK3: December | AL3: Sum | AM3: Totals | AN3: January | AO3: Febuary | AP3: March | AQ3: April | AR3: May | AS3: June | AT3: July | AU3: August | AV3: September | AW3: October | AX3: Novober | AY3: December | AZ3: Sum | BA3: Totals | BB3: Total Musters
A4: CFO John Robinson | B4: 3 | C4: 4 | D4: 4 | E4: 5 | F4: 4 | G4: 4 | H4: 4 | I4: 2 | J4: =SUM(B4:I4) -> 30 | K4: 1 | L4: 3 | M4: 4 | N4: 4 | O4: 5 | P4: 4 | Q4: 4 | R4: 5 | S4: 5 | T4: 5 | U4: 4 | V4: 4 | W4: 3 | X4: 50 | Y4: 1 | Z4: 3 | AA4: 4 | AB4: 5 | AC4: 3 | AD4: 4 | AE4: 5 | AF4: 4 | AG4: 3 | AH4: 5 | AI4: 3 | AJ4: 3 | AK4: 3 | AL4: 45 | AM4: 0.91836735 | AN4: =COUNTIFS(AllMusters26!$J$15:$J$108,"I",(AllMusters26!$F$15:$F$108),"1") -> 4 | AO4: =COUNTIFS(AllMusters26!$J$15:$J$108,"I",(AllMusters26!$F$15:$F$108),"2") -> 4 | AP4: =COUNTIFS(AllMusters26!$J$15:$J$108,"I",(AllMusters26!$F$15:$F$108),"3") -> 2 | AQ4: =COUNTIFS(AllMusters26!$J$15:$J$108,"I",(AllMusters26!$F$15:$F$108),"4") -> 0 | AR4: =COUNTIFS(AllMusters26!$J$15:$J$108,"I",(AllMusters26!$F$15:$F$108),"5") -> 0 | AS4: =COUNTIFS(AllMusters26!$J$15:$J$108,"I",(AllMusters26!$F$15:$F$108),"6") -> 0 | AT4: =COUNTIFS(AllMusters26!$J$15:$J$108,"I",(AllMusters26!$F$15:$F$108),"7") -> 0 | AU4: =COUNTIFS(AllMusters26!$J$15:$J$108,"I",(AllMusters26!$F$15:$F$108),"8") -> 0 | AV4: =COUNTIFS(AllMusters26!$J$15:$J$108,"I",(AllMusters26!$F$15:$F$108),"9") -> 0 | AW4: =COUNTIFS(AllMusters26!$J$15:$J$108,"I",(AllMusters26!$F$15:$F$108),"10") -> 0 | AX4: =COUNTIFS(AllMusters26!$J$15:$J$108,"I",(AllMusters26!$F$15:$F$108),"11") -> 0 | AY4: =COUNTIFS(AllMusters26!$J$15:$J$108,"I",(AllMusters26!$F$15:$F$108),"12") -> 0 | AZ4: =(SUM($AN4:$AY4)) -> 10 | BA4: =(SUM(AZ4))/SUM($AZ$1) -> 1 | BB4: =SUM(J4,X4,AZ4) -> 90 | BC4: =(SUM(BB4))/SUM($BB$2) -> 1
A5: DCFO Bharat Ravji | B5: 3 | C5: 4 | D5: 3 | E5: 5 | F5: 2 | G5: 1 | H5: 4 | I5: 2 | J5: =SUM(B5:I5) -> 24 | K5: 0.8 | L5: 3 | M5: 3 | N5: 3 | O5: 5 | P5: 4 | Q5: 2 | R5: 5 | S5: 4 | T5: 1 | U5: 2 | V5: 2 | W5: 3 | X5: 37 | Y5: 0.7625 | Z5: 3 | AA5: 4 | AB5: 5 | AC5: 2 | AD5: 4 | AE5: 4 | AF5: 4 | AG5: 4 | AH5: 0 | AI5: 3 | AJ5: 4 | AK5: 3 | AL5: 40 | AM5: 0.81632653 | AN5: =COUNTIFS(AllMusters26!$K$15:$K$108,"I",(AllMusters26!$F$15:$F$108),"1") -> 4 | AO5: =COUNTIFS(AllMusters26!$K$15:$K$108,"I",(AllMusters26!$F$15:$F$108),"2") -> 4 | AP5: =COUNTIFS(AllMusters26!$K$15:$K$108,"I",(AllMusters26!$F$15:$F$108),"3") -> 2 | AQ5: =COUNTIFS(AllMusters26!$K$15:$K$108,"I",(AllMusters26!$F$15:$F$108),"4") -> 0 | AR5: =COUNTIFS(AllMusters26!$K$15:$K$108,"I",(AllMusters26!$F$15:$F$108),"5") -> 0 | AS5: =COUNTIFS(AllMusters26!$K$15:$K$108,"I",(AllMusters26!$F$15:$F$108),"6") -> 0 | AT5: =COUNTIFS(AllMusters26!$K$15:$K$108,"I",(AllMusters26!$F$15:$F$108),"7") -> 0 | AU5: =COUNTIFS(AllMusters26!$K$15:$K$108,"I",(AllMusters26!$F$15:$F$108),"8") -> 0 | AV5: =COUNTIFS(AllMusters26!$K$15:$K$108,"I",(AllMusters26!$F$15:$F$108),"9") -> 0 | AW5: =COUNTIFS(AllMusters26!$K$15:$K$108,"I",(AllMusters26!$F$15:$F$108),"10") -> 0 | AX5: =COUNTIFS(AllMusters26!$K$15:$K$108,"I",(AllMusters26!$F$15:$F$108),"11") -> 0 | AY5: =COUNTIFS(AllMusters26!$K$15:$K$108,"I",(AllMusters26!$F$15:$F$108),"12") -> 0 | AZ5: =(SUM($AN5:$AY5)) -> 10 | BA5: =(SUM(AZ5))/SUM($AZ$1) -> 1 | BB5: =SUM(J5,X5,AZ5) -> 71 | BC5: =(SUM(BB5))/SUM($BB$2) -> 0.78888889
A6: SSO Darcy Hart | B6: 3 | C6: 3 | D6: 3 | E6: 3 | F6: 2 | G6: 3 | H6: 4 | I6: 2 | J6: =SUM(B6:I6) -> 23 | K6: 0.76666667 | L6: 2 | M6: 4 | N6: 4 | O6: 3 | P6: 3 | Q6: 3 | R6: 5 | S6: 5 | T6: 5 | U6: 4 | V6: 3 | W6: 3 | X6: 44 | Y6: 0.8375 | Z6: 3 | AA6: 3 | AB6: 4 | AC6: 3 | AD6: 2 | AE6: 3 | AF6: 4 | AG6: 4 | AH6: 3 | AI6: 3 | AJ6: 4 | AK6: 3 | AL6: 39 | AM6: 0.79591837 | AN6: =COUNTIFS(AllMusters26!$L$15:$L$108,"I",(AllMusters26!$F$15:$F$108),"1") -> 3 | AO6: =COUNTIFS(AllMusters26!$L$15:$L$108,"I",(AllMusters26!$F$15:$F$108),"2") -> 4 | AP6: =COUNTIFS(AllMusters26!$L$15:$L$108,"I",(AllMusters26!$F$15:$F$108),"3") -> 2 | AQ6: =COUNTIFS(AllMusters26!$L$15:$L$108,"I",(AllMusters26!$F$15:$F$108),"4") -> 0 | AR6: =COUNTIFS(AllMusters26!$L$15:$L$108,"I",(AllMusters26!$F$15:$F$108),"5") -> 0 | AS6: =COUNTIFS(AllMusters26!$L$15:$L$108,"I",(AllMusters26!$F$15:$F$108),"6") -> 0 | AT6: =COUNTIFS(AllMusters26!$L$15:$L$108,"I",(AllMusters26!$F$15:$F$108),"7") -> 0 | AU6: =COUNTIFS(AllMusters26!$L$15:$L$108,"I",(AllMusters26!$F$15:$F$108),"8") -> 0 | AV6: =COUNTIFS(AllMusters26!$L$15:$L$108,"I",(AllMusters26!$F$15:$F$108),"9") -> 0 | AW6: =COUNTIFS(AllMusters26!$L$15:$L$108,"I",(AllMusters26!$F$15:$F$108),"10") -> 0 | AX6: =COUNTIFS(AllMusters26!$L$15:$L$108,"I",(AllMusters26!$F$15:$F$108),"11") -> 0 | AY6: =COUNTIFS(AllMusters26!$L$15:$L$108,"I",(AllMusters26!$F$15:$F$108),"12") -> 0 | AZ6: =(SUM($AN6:$AY6)) -> 9 | BA6: =(SUM(AZ6))/SUM($AZ$1) -> 0.9 | BB6: =SUM(J6,X6,AZ6) -> 76 | BC6: =(SUM(BB6))/SUM($BB$2) -> 0.84444444
A7: SSO Vaughan Wood | B7: 3 | C7: 2 | D7: 4 | E7: 4 | F7: 4 | G7: 2 | H7: 4 | I7: 0 | J7: =SUM(B7:I7) -> 23 | K7: 0.76666667 | L7: 3 | M7: 4 | N7: 3 | O7: 4 | P7: 3 | Q7: 3 | R7: 4 | S7: 4 | T7: 3 | U7: 4 | V7: 2 | W7: 3 | X7: 40 | Y7: 0.7875 | Z7: 2 | AA7: 4 | AB7: 3 | AC7: 4 | AD7: 4 | AE7: 5 | AF7: 4 | AG7: 4 | AH7: 4 | AI7: 4 | AJ7: 4 | AK7: 3 | AL7: 45 | AM7: 0.91836735 | AN7: =COUNTIFS(AllMusters26!$M$15:$M$108,"I",(AllMusters26!$F$15:$F$108),"1") -> 3 | AO7: =COUNTIFS(AllMusters26!$M$15:$M$108,"I",(AllMusters26!$F$15:$F$108),"2") -> 4 | AP7: =COUNTIFS(AllMusters26!$M$15:$M$108,"I",(AllMusters26!$F$15:$F$108),"3") -> 2 | AQ7: =COUNTIFS(AllMusters26!$M$15:$M$108,"I",(AllMusters26!$F$15:$F$108),"4") -> 0 | AR7: =COUNTIFS(AllMusters26!$M$15:$M$108,"I",(AllMusters26!$F$15:$F$108),"5") -> 0 | AS7: =COUNTIFS(AllMusters26!$M$15:$M$108,"I",(AllMusters26!$F$15:$F$108),"6") -> 0 | AT7: =COUNTIFS(AllMusters26!$M$15:$M$108,"I",(AllMusters26!$F$15:$F$108),"7") -> 0 | AU7: =COUNTIFS(AllMusters26!$M$15:$M$108,"I",(AllMusters26!$F$15:$F$108),"8") -> 0 | AV7: =COUNTIFS(AllMusters26!$M$15:$M$108,"I",(AllMusters26!$F$15:$F$108),"9") -> 0 | AW7: =COUNTIFS(AllMusters26!$M$15:$M$108,"I",(AllMusters26!$F$15:$F$108),"10") -> 0 | AX7: =COUNTIFS(AllMusters26!$M$15:$M$108,"I",(AllMusters26!$F$15:$F$108),"11") -> 0 | AY7: =COUNTIFS(AllMusters26!$M$15:$M$108,"I",(AllMusters26!$F$15:$F$108),"12") -> 0 | AZ7: =(SUM($AN7:$AY7)) -> 9 | BA7: =(SUM(AZ7))/SUM($AZ$1) -> 0.9 | BB7: =SUM(J7,X7,AZ7) -> 72 | BC7: =(SUM(BB7))/SUM($BB$2) -> 0.8
A8: SO Richard Jellyman | B8: 2 | C8: 4 | D8: 0 | E8: 3 | F8: 2 | G8: 4 | H8: 3 | I8: 1 | J8: =SUM(B8:I8) -> 19 | K8: 0.63333333 | L8: 1 | M8: 1 | N8: 1 | O8: 2 | P8: 1 | Q8: 2 | R8: 2 | S8: 4 | T8: 2 | U8: 1 | V8: 3 | W8: 2 | X8: 22 | Y8: 0.5125 | Z8: 3 | AA8: 3 | AB8: 1 | AC8: 4 | AD8: 1 | AE8: 5 | AF8: 3 | AG8: 0 | AH8: 2 | AI8: 2 | AJ8: 2 | AK8: 2 | AL8: 28 | AM8: 0.57142857 | AN8: =COUNTIFS(AllMusters26!$N$15:$N$108,"I",(AllMusters26!$F$15:$F$108),"1") -> 3 | AO8: =COUNTIFS(AllMusters26!$N$15:$N$108,"I",(AllMusters26!$F$15:$F$108),"2") -> 2 | AP8: =COUNTIFS(AllMusters26!$N$15:$N$108,"I",(AllMusters26!$F$15:$F$108),"3") -> 1 | AQ8: =COUNTIFS(AllMusters26!$N$15:$N$108,"I",(AllMusters26!$F$15:$F$108),"4") -> 0 | AR8: =COUNTIFS(AllMusters26!$N$15:$N$108,"I",(AllMusters26!$F$15:$F$108),"5") -> 0 | AS8: =COUNTIFS(AllMusters26!$N$15:$N$108,"I",(AllMusters26!$F$15:$F$108),"6") -> 0 | AT8: =COUNTIFS(AllMusters26!$N$15:$N$108,"I",(AllMusters26!$F$15:$F$108),"7") -> 0 | AU8: =COUNTIFS(AllMusters26!$N$15:$N$108,"I",(AllMusters26!$F$15:$F$108),"8") -> 0 | AV8: =COUNTIFS(AllMusters26!$N$15:$N$108,"I",(AllMusters26!$F$15:$F$108),"9") -> 0 | AW8: =COUNTIFS(AllMusters26!$N$15:$N$108,"I",(AllMusters26!$F$15:$F$108),"10") -> 0 | AX8: =COUNTIFS(AllMusters26!$N$15:$N$108,"I",(AllMusters26!$F$15:$F$108),"11") -> 0 | AY8: =COUNTIFS(AllMusters26!$N$15:$N$108,"I",(AllMusters26!$F$15:$F$108),"12") -> 0 | AZ8: =(SUM($AN8:$AY8)) -> 6 | BA8: =(SUM(AZ8))/SUM($AZ$1) -> 0.6 | BB8: =SUM(J8,X8,AZ8) -> 47 | BC8: =(SUM(BB8))/SUM($BB$2) -> 0.52222222
A9: SO Richard Irving | B9: 2 | C9: 4 | D9: 3 | E9: 3 | F9: 4 | G9: 3 | H9: 4 | I9: 2 | J9: =SUM(B9:I9) -> 25 | K9: 0.83333333 | L9: 3 | M9: 2 | N9: 2 | O9: 4 | P9: 4 | Q9: 3 | R9: 2 | S9: 4 | T9: 3 | U9: 2 | V9: 2 | W9: 3 | X9: 34 | Y9: 0.7375 | Z9: 1 | AA9: 3 | AB9: 3 | AC9: 3 | AD9: 4 | AE9: 2 | AF9: 3 | AG9: 3 | AH9: 4 | AI9: 3 | AJ9: 4 | AK9: 3 | AL9: 36 | AM9: 0.73469388 | AN9: =COUNTIFS(AllMusters26!$O$15:$O$108,"I",(AllMusters26!$F$15:$F$108),"1") -> 3 | AO9: =COUNTIFS(AllMusters26!$O$15:$O$108,"I",(AllMusters26!$F$15:$F$108),"2") -> 4 | AP9: =COUNTIFS(AllMusters26!$O$15:$O$108,"I",(AllMusters26!$F$15:$F$108),"3") -> 1 | AQ9: =COUNTIFS(AllMusters26!$O$15:$O$108,"I",(AllMusters26!$F$15:$F$108),"4") -> 0 | AR9: =COUNTIFS(AllMusters26!$O$15:$O$108,"I",(AllMusters26!$F$15:$F$108),"5") -> 0 | AS9: =COUNTIFS(AllMusters26!$O$15:$O$108,"I",(AllMusters26!$F$15:$F$108),"6") -> 0 | AT9: =COUNTIFS(AllMusters26!$O$15:$O$108,"I",(AllMusters26!$F$15:$F$108),"7") -> 0 | AU9: =COUNTIFS(AllMusters26!$O$15:$O$108,"I",(AllMusters26!$F$15:$F$108),"8") -> 0 | AV9: =COUNTIFS(AllMusters26!$O$15:$O$108,"I",(AllMusters26!$F$15:$F$108),"9") -> 0 | AW9: =COUNTIFS(AllMusters26!$O$15:$O$108,"I",(AllMusters26!$F$15:$F$108),"10") -> 0 | AX9: =COUNTIFS(AllMusters26!$O$15:$O$108,"I",(AllMusters26!$F$15:$F$108),"11") -> 0 | AY9: =COUNTIFS(AllMusters26!$O$15:$O$108,"I",(AllMusters26!$F$15:$F$108),"12") -> 0 | AZ9: =(SUM($AN9:$AY9)) -> 8 | BA9: =(SUM(AZ9))/SUM($AZ$1) -> 0.8 | BB9: =SUM(J9,X9,AZ9) -> 67 | BC9: =(SUM(BB9))/SUM($BB$2) -> 0.74444444
A10: SO Jon White | B10: 2 | C10: 0 | D10: 3 | E10: 4 | F10: 4 | G10: 4 | H10: 4 | I10: 1 | J10: =SUM(B10:I10) -> 22 | K10: 0.73333333 | L10: 3 | M10: 4 | N10: 2 | O10: 5 | P10: 4 | Q10: 4 | R10: 4 | S10: 5 | T10: 5 | U10: 4 | V10: 3 | W10: 1 | X10: 44 | Y10: 0.825 | Z10: 2 | AA10: 2 | AB10: 3 | AC10: 4 | AD10: 4 | AE10: 4 | AF10: 3 | AG10: 4 | AH10: 4 | AI10: 4 | AJ10: 4 | AK10: 0 | AL10: 38 | AM10: 0.7755102 | AN10: =COUNTIFS(AllMusters26!$P$15:$P$108,"I",(AllMusters26!$F$15:$F$108),"1") -> 3 | AO10: =COUNTIFS(AllMusters26!$P$15:$P$108,"I",(AllMusters26!$F$15:$F$108),"2") -> 3 | AP10: =COUNTIFS(AllMusters26!$P$15:$P$108,"I",(AllMusters26!$F$15:$F$108),"3") -> 2 | AQ10: =COUNTIFS(AllMusters26!$P$15:$P$108,"I",(AllMusters26!$F$15:$F$108),"4") -> 0 | AR10: =COUNTIFS(AllMusters26!$P$15:$P$108,"I",(AllMusters26!$F$15:$F$108),"5") -> 0 | AS10: =COUNTIFS(AllMusters26!$P$15:$P$108,"I",(AllMusters26!$F$15:$F$108),"6") -> 0 | AT10: =COUNTIFS(AllMusters26!$P$15:$P$108,"I",(AllMusters26!$F$15:$F$108),"7") -> 0 | AU10: =COUNTIFS(AllMusters26!$P$15:$P$108,"I",(AllMusters26!$F$15:$F$108),"8") -> 0 | AV10: =COUNTIFS(AllMusters26!$P$15:$P$108,"I",(AllMusters26!$F$15:$F$108),"9") -> 0 | AW10: =COUNTIFS(AllMusters26!$P$15:$P$108,"I",(AllMusters26!$F$15:$F$108),"10") -> 0 | AX10: =COUNTIFS(AllMusters26!$P$15:$P$108,"I",(AllMusters26!$F$15:$F$108),"11") -> 0 | AY10: =COUNTIFS(AllMusters26!$P$15:$P$108,"I",(AllMusters26!$F$15:$F$108),"12") -> 0 | AZ10: =(SUM($AN10:$AY10)) -> 8 | BA10: =(SUM(AZ10))/SUM($AZ$1) -> 0.8 | BB10: =SUM(J10,X10,AZ10) -> 74 | BC10: =(SUM(BB10))/SUM($BB$2) -> 0.82222222
A11: SO William O'Connell | B11: 3 | C11: 3 | D11: 4 | E11: 5 | F11: 4 | G11: 3 | H11: 4 | I11: 2 | J11: =SUM(B11:I11) -> 28 | K11: 0.93333333 | L11: 1 | M11: 4 | N11: 3 | O11: 5 | P11: 4 | Q11: 3 | R11: 5 | S11: 5 | T11: 4 | U11: 2 | V11: 4 | W11: 2 | X11: 42 | Y11: 0.875 | Z11: 3 | AA11: 3 | AB11: 5 | AC11: 3 | AD11: 3 | AE11: 3 | AF11: 1 | AG11: 3 | AH11: 5 | AI11: 4 | AJ11: 2 | AK11: 2 | AL11: 37 | AM11: 0.75510204 | AN11: =COUNTIFS(AllMusters26!$Q$15:$Q$108,"I",(AllMusters26!$F$15:$F$108),"1") -> 3 | AO11: =COUNTIFS(AllMusters26!$Q$15:$Q$108,"I",(AllMusters26!$F$15:$F$108),"2") -> 2 | AP11: =COUNTIFS(AllMusters26!$Q$15:$Q$108,"I",(AllMusters26!$F$15:$F$108),"3") -> 2 | AQ11: =COUNTIFS(AllMusters26!$Q$15:$Q$108,"I",(AllMusters26!$F$15:$F$108),"4") -> 0 | AR11: =COUNTIFS(AllMusters26!$Q$15:$Q$108,"I",(AllMusters26!$F$15:$F$108),"5") -> 0 | AS11: =COUNTIFS(AllMusters26!$Q$15:$Q$108,"I",(AllMusters26!$F$15:$F$108),"6") -> 0 | AT11: =COUNTIFS(AllMusters26!$Q$15:$Q$108,"I",(AllMusters26!$F$15:$F$108),"7") -> 0 | AU11: =COUNTIFS(AllMusters26!$Q$15:$Q$108,"I",(AllMusters26!$F$15:$F$108),"8") -> 0 | AV11: =COUNTIFS(AllMusters26!$Q$15:$Q$108,"I",(AllMusters26!$F$15:$F$108),"9") -> 0 | AW11: =COUNTIFS(AllMusters26!$Q$15:$Q$108,"I",(AllMusters26!$F$15:$F$108),"10") -> 0 | AX11: =COUNTIFS(AllMusters26!$Q$15:$Q$108,"I",(AllMusters26!$F$15:$F$108),"11") -> 0 | AY11: =COUNTIFS(AllMusters26!$Q$15:$Q$108,"I",(AllMusters26!$F$15:$F$108),"12") -> 0 | AZ11: =(SUM($AN11:$AY11)) -> 7 | BA11: =(SUM(AZ11))/SUM($AZ$1) -> 0.7 | BB11: =SUM(J11,X11,AZ11) -> 77 | BC11: =(SUM(BB11))/SUM($BB$2) -> 0.85555556
A12: SFF Brent Reynolds | B12: 2 | C12: 2 | D12: 4 | E12: 4 | F12: 3 | G12: 3 | H12: 4 | I12: 1 | J12: =SUM(B12:I12) -> 23 | K12: 0.76666667 | L12: 2 | M12: 3 | N12: 2 | O12: 3 | P12: 3 | Q12: 2 | R12: 3 | S12: 2 | T12: 3 | U12: 2 | V12: 3 | W12: 2 | X12: 30 | Y12: 0.6625 | Z12: 2 | AA12: 2 | AB12: 3 | AC12: 3 | AD12: 2 | AE12: 3 | AF12: 3 | AG12: 3 | AH12: 3 | AI12: 2 | AJ12: 2 | AK12: 3 | AL12: 31 | AM12: 0.63265306 | AN12: =COUNTIFS(AllMusters26!$R$15:$R$108,"I",(AllMusters26!$F$15:$F$108),"1") -> 3 | AO12: =COUNTIFS(AllMusters26!$R$15:$R$108,"I",(AllMusters26!$F$15:$F$108),"2") -> 2 | AP12: =COUNTIFS(AllMusters26!$R$15:$R$108,"I",(AllMusters26!$F$15:$F$108),"3") -> 1 | AQ12: =COUNTIFS(AllMusters26!$R$15:$R$108,"I",(AllMusters26!$F$15:$F$108),"4") -> 0 | AR12: =COUNTIFS(AllMusters26!$R$15:$R$108,"I",(AllMusters26!$F$15:$F$108),"5") -> 0 | AS12: =COUNTIFS(AllMusters26!$R$15:$R$108,"I",(AllMusters26!$F$15:$F$108),"6") -> 0 | AT12: =COUNTIFS(AllMusters26!$R$15:$R$108,"I",(AllMusters26!$F$15:$F$108),"7") -> 0 | AU12: =COUNTIFS(AllMusters26!$R$15:$R$108,"I",(AllMusters26!$F$15:$F$108),"8") -> 0 | AV12: =COUNTIFS(AllMusters26!$R$15:$R$108,"I",(AllMusters26!$F$15:$F$108),"9") -> 0 | AW12: =COUNTIFS(AllMusters26!$R$15:$R$108,"I",(AllMusters26!$F$15:$F$108),"10") -> 0 | AX12: =COUNTIFS(AllMusters26!$R$15:$R$108,"I",(AllMusters26!$F$15:$F$108),"11") -> 0 | AY12: =COUNTIFS(AllMusters26!$R$15:$R$108,"I",(AllMusters26!$F$15:$F$108),"12") -> 0 | AZ12: =(SUM($AN12:$AY12)) -> 6 | BA12: =(SUM(AZ12))/SUM($AZ$1) -> 0.6 | BB12: =SUM(J12,X12,AZ12) -> 59 | BC12: =(SUM(BB12))/SUM($BB$2) -> 0.65555556
A13: SFF Joseph O'Neill-Gregory | B13: 3 | C13: 2 | D13: 3 | E13: 3 | F13: 1 | G13: 4 | H13: 3 | I13: 2 | J13: =SUM(B13:I13) -> 21 | K13: 0.7 | L13: 2 | M13: 3 | N13: 3 | O13: 4 | P13: 3 | Q13: 3 | R13: 3 | S13: 2 | T13: 0 | U13: 4 | V13: 2 | W13: 2 | X13: 31 | Y13: 0.65 | Z13: 2 | AA13: 1 | AB13: 3 | AC13: 2 | AD13: 4 | AE13: 4 | AF13: 3 | AG13: 2 | AH13: 0 | AI13: 4 | AJ13: 3 | AK13: 3 | AL13: 31 | AM13: 0.63265306 | AN13: =COUNTIFS(AllMusters26!$S$15:$S$108,"I",(AllMusters26!$F$15:$F$108),"1") -> 3 | AO13: =COUNTIFS(AllMusters26!$S$15:$S$108,"I",(AllMusters26!$F$15:$F$108),"2") -> 2 | AP13: =COUNTIFS(AllMusters26!$S$15:$S$108,"I",(AllMusters26!$F$15:$F$108),"3") -> 1 | AQ13: =COUNTIFS(AllMusters26!$S$15:$S$108,"I",(AllMusters26!$F$15:$F$108),"4") -> 0 | AR13: =COUNTIFS(AllMusters26!$S$15:$S$108,"I",(AllMusters26!$F$15:$F$108),"5") -> 0 | AS13: =COUNTIFS(AllMusters26!$S$15:$S$108,"I",(AllMusters26!$F$15:$F$108),"6") -> 0 | AT13: =COUNTIFS(AllMusters26!$S$15:$S$108,"I",(AllMusters26!$F$15:$F$108),"7") -> 0 | AU13: =COUNTIFS(AllMusters26!$S$15:$S$108,"I",(AllMusters26!$F$15:$F$108),"8") -> 0 | AV13: =COUNTIFS(AllMusters26!$S$15:$S$108,"I",(AllMusters26!$F$15:$F$108),"9") -> 0 | AW13: =COUNTIFS(AllMusters26!$S$15:$S$108,"I",(AllMusters26!$F$15:$F$108),"10") -> 0 | AX13: =COUNTIFS(AllMusters26!$S$15:$S$108,"I",(AllMusters26!$F$15:$F$108),"11") -> 0 | AY13: =COUNTIFS(AllMusters26!$S$15:$S$108,"I",(AllMusters26!$F$15:$F$108),"12") -> 0 | AZ13: =(SUM($AN13:$AY13)) -> 6 | BA13: =(SUM(AZ13))/SUM($AZ$1) -> 0.6 | BB13: =SUM(J13,X13,AZ13) -> 58 | BC13: =(SUM(BB13))/SUM($BB$2) -> 0.64444444
A14: SFF Grant Robertson | B14: 3 | C14: 3 | D14: 4 | E14: 4 | F14: 4 | G14: 3 | H14: 4 | I14: 2 | J14: =SUM(B14:I14) -> 27 | K14: 0.9 | L14: 2 | M14: 4 | N14: 4 | O14: 4 | P14: 4 | Q14: 4 | R14: 5 | S14: 5 | T14: 5 | U14: 4 | V14: 3 | W14: 3 | X14: 47 | Y14: 0.925 | Z14: 2 | AA14: 3 | AB14: 5 | AC14: 4 | AD14: 3 | AE14: 3 | AF14: 4 | AG14: 4 | AH14: 5 | AI14: 4 | AJ14: 4 | AK14: 3 | AL14: 44 | AM14: 0.89795918 | AN14: =COUNTIFS(AllMusters26!$T$15:$T$108,"I",(AllMusters26!$F$15:$F$108),"1") -> 3 | AO14: =COUNTIFS(AllMusters26!$T$15:$T$108,"I",(AllMusters26!$F$15:$F$108),"2") -> 4 | AP14: =COUNTIFS(AllMusters26!$T$15:$T$108,"I",(AllMusters26!$F$15:$F$108),"3") -> 2 | AQ14: =COUNTIFS(AllMusters26!$T$15:$T$108,"I",(AllMusters26!$F$15:$F$108),"4") -> 0 | AR14: =COUNTIFS(AllMusters26!$T$15:$T$108,"I",(AllMusters26!$F$15:$F$108),"5") -> 0 | AS14: =COUNTIFS(AllMusters26!$T$15:$T$108,"I",(AllMusters26!$F$15:$F$108),"6") -> 0 | AT14: =COUNTIFS(AllMusters26!$T$15:$T$108,"I",(AllMusters26!$F$15:$F$108),"7") -> 0 | AU14: =COUNTIFS(AllMusters26!$T$15:$T$108,"I",(AllMusters26!$F$15:$F$108),"8") -> 0 | AV14: =COUNTIFS(AllMusters26!$T$15:$T$108,"I",(AllMusters26!$F$15:$F$108),"9") -> 0 | AW14: =COUNTIFS(AllMusters26!$T$15:$T$108,"I",(AllMusters26!$F$15:$F$108),"10") -> 0 | AX14: =COUNTIFS(AllMusters26!$T$15:$T$108,"I",(AllMusters26!$F$15:$F$108),"11") -> 0 | AY14: =COUNTIFS(AllMusters26!$T$15:$T$108,"I",(AllMusters26!$F$15:$F$108),"12") -> 0 | AZ14: =(SUM($AN14:$AY14)) -> 9 | BA14: =(SUM(AZ14))/SUM($AZ$1) -> 0.9 | BB14: =SUM(J14,X14,AZ14) -> 83 | BC14: =(SUM(BB14))/SUM($BB$2) -> 0.92222222
A15: SFF William O'Connell | B15: 3 | C15: 3 | D15: 4 | E15: 5 | F15: 4 | G15: 3 | H15: 4 | I15: 2 | J15: =SUM(B15:I15) -> 28 | K15: 0.93333333 | L15: 1 | M15: 4 | N15: 3 | O15: 5 | P15: 4 | Q15: 3 | R15: 5 | S15: 5 | T15: 4 | U15: 2 | V15: 4 | W15: 2 | X15: 42 | Y15: 0.875 | Z15: 3 | AA15: 3 | AB15: 5 | AC15: 3 | AD15: 3 | AE15: 3 | AF15: 1 | AG15: 3 | AH15: 5 | AI15: 4 | AJ15: 2 | AK15: 2 | AL15: 37 | AM15: 0.75510204 | AN15: =COUNTIFS(AllMusters26!$U$15:$U$108,"I",(AllMusters26!$F$15:$F$108),"1") -> 3 | AO15: =COUNTIFS(AllMusters26!$U$15:$U$108,"I",(AllMusters26!$F$15:$F$108),"2") -> 2 | AP15: =COUNTIFS(AllMusters26!$U$15:$U$108,"I",(AllMusters26!$F$15:$F$108),"3") -> 2 | AQ15: =COUNTIFS(AllMusters26!$U$15:$U$108,"I",(AllMusters26!$F$15:$F$108),"4") -> 0 | AR15: =COUNTIFS(AllMusters26!$U$15:$U$108,"I",(AllMusters26!$F$15:$F$108),"5") -> 0 | AS15: =COUNTIFS(AllMusters26!$U$15:$U$108,"I",(AllMusters26!$F$15:$F$108),"6") -> 0 | AT15: =COUNTIFS(AllMusters26!$U$15:$U$108,"I",(AllMusters26!$F$15:$F$108),"7") -> 0 | AU15: =COUNTIFS(AllMusters26!$U$15:$U$108,"I",(AllMusters26!$F$15:$F$108),"8") -> 0 | AV15: =COUNTIFS(AllMusters26!$U$15:$U$108,"I",(AllMusters26!$F$15:$F$108),"9") -> 0 | AW15: =COUNTIFS(AllMusters26!$U$15:$U$108,"I",(AllMusters26!$F$15:$F$108),"10") -> 0 | AX15: =COUNTIFS(AllMusters26!$U$15:$U$108,"I",(AllMusters26!$F$15:$F$108),"11") -> 0 | AY15: =COUNTIFS(AllMusters26!$U$15:$U$108,"I",(AllMusters26!$F$15:$F$108),"12") -> 0 | AZ15: =(SUM($AN15:$AY15)) -> 7 | BA15: =(SUM(AZ15))/SUM($AZ$1) -> 0.7 | BB15: =SUM(J15,X15,AZ15) -> 77 | BC15: =(SUM(BB15))/SUM($BB$2) -> 0.85555556
A16: SFF Robert Mayo | B16: 1 | C16: 3 | D16: 3 | E16: 5 | F16: 2 | G16: 4 | H16: 2 | I16: 2 | J16: =SUM(B16:I16) -> 22 | K16: 0.73333333 | L16: 2 | M16: 4 | N16: 2 | O16: 4 | P16: 3 | Q16: 4 | R16: 4 | S16: 3 | T16: 5 | U16: 1 | V16: 3 | W16: 2 | X16: 37 | Y16: 0.7375 | Z16: 3 | AA16: 4 | AB16: 5 | AC16: 4 | AD16: 4 | AE16: 5 | AF16: 4 | AG16: 4 | AH16: 5 | AI16: 4 | AJ16: 4 | AK16: 3 | AL16: 49 | AM16: 1 | AN16: =COUNTIFS(AllMusters26!$V$15:$V$108,"I",(AllMusters26!$F$15:$F$108),"1") -> 4 | AO16: =COUNTIFS(AllMusters26!$V$15:$V$108,"I",(AllMusters26!$F$15:$F$108),"2") -> 4 | AP16: =COUNTIFS(AllMusters26!$V$15:$V$108,"I",(AllMusters26!$F$15:$F$108),"3") -> 2 | AQ16: =COUNTIFS(AllMusters26!$V$15:$V$108,"I",(AllMusters26!$F$15:$F$108),"4") -> 0 | AR16: =COUNTIFS(AllMusters26!$V$15:$V$108,"I",(AllMusters26!$F$15:$F$108),"5") -> 0 | AS16: =COUNTIFS(AllMusters26!$V$15:$V$108,"I",(AllMusters26!$F$15:$F$108),"6") -> 0 | AT16: =COUNTIFS(AllMusters26!$V$15:$V$108,"I",(AllMusters26!$F$15:$F$108),"7") -> 0 | AU16: =COUNTIFS(AllMusters26!$V$15:$V$108,"I",(AllMusters26!$F$15:$F$108),"8") -> 0 | AV16: =COUNTIFS(AllMusters26!$V$15:$V$108,"I",(AllMusters26!$F$15:$F$108),"9") -> 0 | AW16: =COUNTIFS(AllMusters26!$V$15:$V$108,"I",(AllMusters26!$F$15:$F$108),"10") -> 0 | AX16: =COUNTIFS(AllMusters26!$V$15:$V$108,"I",(AllMusters26!$F$15:$F$108),"11") -> 0 | AY16: =COUNTIFS(AllMusters26!$V$15:$V$108,"I",(AllMusters26!$F$15:$F$108),"12") -> 0 | AZ16: =(SUM($AN16:$AY16)) -> 10 | BA16: =(SUM(AZ16))/SUM($AZ$1) -> 1 | BB16: =SUM(J16,X16,AZ16) -> 69 | BC16: =(SUM(BB16))/SUM($BB$2) -> 0.76666667
A17: SFF Brody Jellyman | Z17: 2 | AA17: 1 | AB17: 2 | AC17: 3 | AD17: 1 | AE17: 3 | AF17: 3 | AG17: 3 | AH17: 2 | AI17: 2 | AJ17: 2 | AK17: 2 | AL17: 26 | AM17: 0.52173913 | AN17: =COUNTIFS(AllMusters26!$W$15:$W$108,"I",(AllMusters26!$F$15:$F$108),"1") -> 1 | AO17: =COUNTIFS(AllMusters26!$W$15:$W$108,"I",(AllMusters26!$F$15:$F$108),"2") -> 1 | AP17: =COUNTIFS(AllMusters26!$W$15:$W$108,"I",(AllMusters26!$F$15:$F$108),"3") -> 1 | AQ17: =COUNTIFS(AllMusters26!$W$15:$W$108,"I",(AllMusters26!$F$15:$F$108),"4") -> 0 | AR17: =COUNTIFS(AllMusters26!$W$15:$W$108,"I",(AllMusters26!$F$15:$F$108),"5") -> 0 | AS17: =COUNTIFS(AllMusters26!$W$15:$W$108,"I",(AllMusters26!$F$15:$F$108),"6") -> 0 | AT17: =COUNTIFS(AllMusters26!$W$15:$W$108,"I",(AllMusters26!$F$15:$F$108),"7") -> 0 | AU17: =COUNTIFS(AllMusters26!$W$15:$W$108,"I",(AllMusters26!$F$15:$F$108),"8") -> 0 | AV17: =COUNTIFS(AllMusters26!$W$15:$W$108,"I",(AllMusters26!$F$15:$F$108),"9") -> 0 | AW17: =COUNTIFS(AllMusters26!$W$15:$W$108,"I",(AllMusters26!$F$15:$F$108),"10") -> 0 | AX17: =COUNTIFS(AllMusters26!$W$15:$W$108,"I",(AllMusters26!$F$15:$F$108),"11") -> 0 | AY17: =COUNTIFS(AllMusters26!$W$15:$W$108,"I",(AllMusters26!$F$15:$F$108),"12") -> 0 | AZ17: =(SUM($AN17:$AY17)) -> 3 | BA17: =(SUM(AZ17))/SUM($AZ$1) -> 0.3 | BB17: =SUM(AL17,X17,AZ17) -> 29 | BC17: =(SUM(BB17))/SUM($AZ$1,AL1) -> 0.49152542
A18: SFF Darryn Pritchard | B18: 3 | C18: 4 | D18: 4 | E18: 4 | F18: 2 | G18: 4 | H18: 4 | I18: 2 | J18: =SUM(B18:I18) -> 27 | K18: 0.9 | L18: 2 | M18: 4 | N18: 3 | O18: 5 | P18: 3 | Q18: 4 | R18: 3 | S18: 3 | T18: 3 | U18: 3 | V18: 3 | W18: 3 | X18: 39 | Y18: 0.825 | Z18: 0 | AA18: 1 | AB18: 4 | AC18: 4 | AD18: 3 | AE18: 5 | AF18: 3 | AG18: 4 | AH18: 4 | AI18: 4 | AJ18: 2 | AK18: 2 | AL18: 36 | AM18: 0.73469388 | AN18: =COUNTIFS(AllMusters26!$X$15:$X$108,"I",(AllMusters26!$F$15:$F$108),"1") -> 1 | AO18: =COUNTIFS(AllMusters26!$X$15:$X$108,"I",(AllMusters26!$F$15:$F$108),"2") -> 2 | AP18: =COUNTIFS(AllMusters26!$X$15:$X$108,"I",(AllMusters26!$F$15:$F$108),"3") -> 0 | AQ18: =COUNTIFS(AllMusters26!$X$15:$X$108,"I",(AllMusters26!$F$15:$F$108),"4") -> 0 | AR18: =COUNTIFS(AllMusters26!$X$15:$X$108,"I",(AllMusters26!$F$15:$F$108),"5") -> 0 | AS18: =COUNTIFS(AllMusters26!$X$15:$X$108,"I",(AllMusters26!$F$15:$F$108),"6") -> 0 | AT18: =COUNTIFS(AllMusters26!$X$15:$X$108,"I",(AllMusters26!$F$15:$F$108),"7") -> 0 | AU18: =COUNTIFS(AllMusters26!$X$15:$X$108,"I",(AllMusters26!$F$15:$F$108),"8") -> 0 | AV18: =COUNTIFS(AllMusters26!$X$15:$X$108,"I",(AllMusters26!$F$15:$F$108),"9") -> 0 | AW18: =COUNTIFS(AllMusters26!$X$15:$X$108,"I",(AllMusters26!$F$15:$F$108),"10") -> 0 | AX18: =COUNTIFS(AllMusters26!$X$15:$X$108,"I",(AllMusters26!$F$15:$F$108),"11") -> 0 | AY18: =COUNTIFS(AllMusters26!$X$15:$X$108,"I",(AllMusters26!$F$15:$F$108),"12") -> 0 | AZ18: =(SUM($AN18:$AY18)) -> 3 | BA18: =(SUM(AZ18))/SUM($AZ$1) -> 0.3 | BB18: =SUM(J18,X18,AZ18) -> 69 | BC18: =(SUM(BB18))/SUM($BB$2) -> 0.76666667
A19: QFF Symon Maxwell | B19: 3 | C19: 4 | D19: 4 | E19: 4 | F19: 3 | G19: 4 | H19: 4 | I19: 1 | J19: =SUM(B19:I19) -> 27 | K19: 0.9 | L19: 3 | M19: 4 | N19: 3 | O19: 3 | P19: 2 | Q19: 4 | R19: 4 | S19: 4 | T19: 4 | U19: 3 | V19: 4 | W19: 2 | X19: 40 | Y19: 0.8375 | Z19: 3 | AA19: 3 | AB19: 3 | AC19: 4 | AD19: 4 | AE19: 4 | AF19: 4 | AG19: 3 | AH19: 3 | AI19: 4 | AJ19: 3 | AK19: 3 | AL19: 41 | AM19: 0.83673469 | AN19: =COUNTIFS(AllMusters26!$Y$15:$Y$108,"I",(AllMusters26!$F$15:$F$108),"1") -> 3 | AO19: =COUNTIFS(AllMusters26!$Y$15:$Y$108,"I",(AllMusters26!$F$15:$F$108),"2") -> 2 | AP19: =COUNTIFS(AllMusters26!$Y$15:$Y$108,"I",(AllMusters26!$F$15:$F$108),"3") -> 2 | AQ19: =COUNTIFS(AllMusters26!$Y$15:$Y$108,"I",(AllMusters26!$F$15:$F$108),"4") -> 0 | AR19: =COUNTIFS(AllMusters26!$Y$15:$Y$108,"I",(AllMusters26!$F$15:$F$108),"5") -> 0 | AS19: =COUNTIFS(AllMusters26!$Y$15:$Y$108,"I",(AllMusters26!$F$15:$F$108),"6") -> 0 | AT19: =COUNTIFS(AllMusters26!$Y$15:$Y$108,"I",(AllMusters26!$F$15:$F$108),"7") -> 0 | AU19: =COUNTIFS(AllMusters26!$Y$15:$Y$108,"I",(AllMusters26!$F$15:$F$108),"8") -> 0 | AV19: =COUNTIFS(AllMusters26!$Y$15:$Y$108,"I",(AllMusters26!$F$15:$F$108),"9") -> 0 | AW19: =COUNTIFS(AllMusters26!$Y$15:$Y$108,"I",(AllMusters26!$F$15:$F$108),"10") -> 0 | AX19: =COUNTIFS(AllMusters26!$Y$15:$Y$108,"I",(AllMusters26!$F$15:$F$108),"11") -> 0 | AY19: =COUNTIFS(AllMusters26!$Y$15:$Y$108,"I",(AllMusters26!$F$15:$F$108),"12") -> 0 | AZ19: =(SUM($AN19:$AY19)) -> 7 | BA19: =(SUM(AZ19))/SUM($AZ$1) -> 0.7 | BB19: =SUM(J19,X19,AZ19) -> 74 | BC19: =(SUM(BB19))/SUM($BB$2) -> 0.82222222
A20: QFF Ian Chapman | B20: 2 | C20: 3 | D20: 3 | E20: 3 | F20: 3 | G20: 2 | H20: 2 | I20: 2 | J20: =SUM(B20:I20) -> 20 | K20: 0.66666667 | L20: 0 | M20: 4 | N20: 2 | O20: 5 | P20: 2 | Q20: 4 | R20: 4 | S20: 2 | T20: 4 | U20: 1 | V20: 4 | W20: 2 | X20: 34 | Y20: 0.675 | Z20: 3 | AA20: 2 | AB20: 4 | AC20: 2 | AD20: 4 | AE20: 4 | AF20: 2 | AG20: 2 | AH20: 3 | AI20: 4 | AJ20: 1 | AK20: 3 | AL20: 34 | AM20: 0.69387755 | AN20: =COUNTIFS(AllMusters26!$Z$15:$Z$108,"I",(AllMusters26!$F$15:$F$108),"1") -> 1 | AO20: =COUNTIFS(AllMusters26!$Z$15:$Z$108,"I",(AllMusters26!$F$15:$F$108),"2") -> 2 | AP20: =COUNTIFS(AllMusters26!$Z$15:$Z$108,"I",(AllMusters26!$F$15:$F$108),"3") -> 1 | AQ20: =COUNTIFS(AllMusters26!$Z$15:$Z$108,"I",(AllMusters26!$F$15:$F$108),"4") -> 0 | AR20: =COUNTIFS(AllMusters26!$Z$15:$Z$108,"I",(AllMusters26!$F$15:$F$108),"5") -> 0 | AS20: =COUNTIFS(AllMusters26!$Z$15:$Z$108,"I",(AllMusters26!$F$15:$F$108),"6") -> 0 | AT20: =COUNTIFS(AllMusters26!$Z$15:$Z$108,"I",(AllMusters26!$F$15:$F$108),"7") -> 0 | AU20: =COUNTIFS(AllMusters26!$Z$15:$Z$108,"I",(AllMusters26!$F$15:$F$108),"8") -> 0 | AV20: =COUNTIFS(AllMusters26!$Z$15:$Z$108,"I",(AllMusters26!$F$15:$F$108),"9") -> 0 | AW20: =COUNTIFS(AllMusters26!$Z$15:$Z$108,"I",(AllMusters26!$F$15:$F$108),"10") -> 0 | AX20: =COUNTIFS(AllMusters26!$Z$15:$Z$108,"I",(AllMusters26!$F$15:$F$108),"11") -> 0 | AY20: =COUNTIFS(AllMusters26!$Z$15:$Z$108,"I",(AllMusters26!$F$15:$F$108),"12") -> 0 | AZ20: =(SUM($AN20:$AY20)) -> 4 | BA20: =(SUM(AZ20))/SUM($AZ$1) -> 0.4 | BB20: =SUM(J20,X20,AZ20) -> 58 | BC20: =(SUM(BB20))/SUM($BB$2) -> 0.64444444
A21: QFF Melanie Yates | B21: 3 | C21: 1 | D21: 3 | E21: 2 | F21: 2 | G21: 1 | H21: 3 | I21: 0 | J21: =SUM(B21:I21) -> 15 | K21: 0.5 | L21: 0 | M21: 2 | N21: 2 | O21: 4 | P21: 2 | Q21: 2 | R21: 3 | S21: 3 | T21: 3 | U21: 2 | V21: 3 | W21: 2 | X21: 28 | Y21: 0.5375 | Z21: 1 | AA21: 3 | AB21: 3 | AC21: 2 | AD21: 1 | AE21: 2 | AF21: 1 | AG21: 1 | AH21: 4 | AI21: 1 | AJ21: 4 | AK21: 1 | AL21: 24 | AM21: 0.48979592 | AN21: =COUNTIFS(AllMusters26!$AA$15:$AA$108,"I",(AllMusters26!$F$15:$F$108),"1") -> 2 | AO21: =COUNTIFS(AllMusters26!$AA$15:$AA$108,"I",(AllMusters26!$F$15:$F$108),"2") -> 1 | AP21: =COUNTIFS(AllMusters26!$AA$15:$AA$108,"I",(AllMusters26!$F$15:$F$108),"3") -> 2 | AQ21: =COUNTIFS(AllMusters26!$AA$15:$AA$108,"I",(AllMusters26!$F$15:$F$108),"4") -> 0 | AR21: =COUNTIFS(AllMusters26!$AA$15:$AA$108,"I",(AllMusters26!$F$15:$F$108),"5") -> 0 | AS21: =COUNTIFS(AllMusters26!$AA$15:$AA$108,"I",(AllMusters26!$F$15:$F$108),"6") -> 0 | AT21: =COUNTIFS(AllMusters26!$AA$15:$AA$108,"I",(AllMusters26!$F$15:$F$108),"7") -> 0 | AU21: =COUNTIFS(AllMusters26!$AA$15:$AA$108,"I",(AllMusters26!$F$15:$F$108),"8") -> 0 | AV21: =COUNTIFS(AllMusters26!$AA$15:$AA$108,"I",(AllMusters26!$F$15:$F$108),"9") -> 0 | AW21: =COUNTIFS(AllMusters26!$AA$15:$AA$108,"I",(AllMusters26!$F$15:$F$108),"10") -> 0 | AX21: =COUNTIFS(AllMusters26!$AA$15:$AA$108,"I",(AllMusters26!$F$15:$F$108),"11") -> 0 | AY21: =COUNTIFS(AllMusters26!$AA$15:$AA$108,"I",(AllMusters26!$F$15:$F$108),"12") -> 0 | AZ21: =(SUM($AN21:$AY21)) -> 5 | BA21: =(SUM(AZ21))/SUM($AZ$1) -> 0.5 | BB21: =SUM(J21,X21,AZ21) -> 48 | BC21: =(SUM(BB21))/SUM($BB$2) -> 0.53333333
A22: QFF Maree Primrose | B22: 3 | C22: 4 | D22: 4 | E22: 4 | F22: 4 | G22: 4 | H22: 4 | I22: 2 | J22: =SUM(B22:I22) -> 29 | K22: 0.96666667 | L22: 3 | M22: 4 | N22: 3 | O22: 4 | P22: 3 | Q22: 4 | R22: 2 | S22: 5 | T22: 3 | U22: 4 | V22: 1 | W22: 3 | X22: 39 | Y22: 0.85 | Z22: 3 | AA22: 3 | AB22: 3 | AC22: 3 | AD22: 2 | AE22: 3 | AF22: 2 | AG22: 3 | AH22: 2 | AI22: 4 | AJ22: 2 | AK22: 3 | AL22: 33 | AM22: 0.67346939 | AN22: =COUNTIFS(AllMusters26!$AB$15:$AB$108,"I",(AllMusters26!$F$15:$F$108),"1") -> 4 | AO22: =COUNTIFS(AllMusters26!$AB$15:$AB$108,"I",(AllMusters26!$F$15:$F$108),"2") -> 3 | AP22: =COUNTIFS(AllMusters26!$AB$15:$AB$108,"I",(AllMusters26!$F$15:$F$108),"3") -> 1 | AQ22: =COUNTIFS(AllMusters26!$AB$15:$AB$108,"I",(AllMusters26!$F$15:$F$108),"4") -> 0 | AR22: =COUNTIFS(AllMusters26!$AB$15:$AB$108,"I",(AllMusters26!$F$15:$F$108),"5") -> 0 | AS22: =COUNTIFS(AllMusters26!$AB$15:$AB$108,"I",(AllMusters26!$F$15:$F$108),"6") -> 0 | AT22: =COUNTIFS(AllMusters26!$AB$15:$AB$108,"I",(AllMusters26!$F$15:$F$108),"7") -> 0 | AU22: =COUNTIFS(AllMusters26!$AB$15:$AB$108,"I",(AllMusters26!$F$15:$F$108),"8") -> 0 | AV22: =COUNTIFS(AllMusters26!$AB$15:$AB$108,"I",(AllMusters26!$F$15:$F$108),"9") -> 0 | AW22: =COUNTIFS(AllMusters26!$AB$15:$AB$108,"I",(AllMusters26!$F$15:$F$108),"10") -> 0 | AX22: =COUNTIFS(AllMusters26!$AB$15:$AB$108,"I",(AllMusters26!$F$15:$F$108),"11") -> 0 | AY22: =COUNTIFS(AllMusters26!$AB$15:$AB$108,"I",(AllMusters26!$F$15:$F$108),"12") -> 0 | AZ22: =(SUM($AN22:$AY22)) -> 8 | BA22: =(SUM(AZ22))/SUM($AZ$1) -> 0.8 | BB22: =SUM(J22,X22,AZ22) -> 76 | BC22: =(SUM(BB22))/SUM($BB$2) -> 0.84444444
A23: QFF Russell Clarke | B23: 1 | C23: 2 | D23: 3 | E23: 1 | F23: 4 | G23: 4 | H23: 3 | I23: 2 | J23: =SUM(B23:I23) -> 20 | K23: 0.7037037 | L23: 3 | M23: 4 | N23: 2 | O23: 5 | P23: 3 | Q23: 4 | R23: 3 | S23: 4 | T23: 3 | U23: 3 | V23: 3 | W23: 3 | X23: 40 | Y23: 0.75 | Z23: 1 | AA23: 2 | AB23: 4 | AC23: 2 | AD23: 3 | AE23: 3 | AF23: 3 | AG23: 4 | AH23: 2 | AI23: 4 | AJ23: 4 | AK23: 3 | AL23: 35 | AM23: 0.71428571 | AN23: =COUNTIFS(AllMusters26!$AC$15:$AC$108,"I",(AllMusters26!$F$15:$F$108),"1") -> 2 | AO23: =COUNTIFS(AllMusters26!$AC$15:$AC$108,"I",(AllMusters26!$F$15:$F$108),"2") -> 4 | AP23: =COUNTIFS(AllMusters26!$AC$15:$AC$108,"I",(AllMusters26!$F$15:$F$108),"3") -> 2 | AQ23: =COUNTIFS(AllMusters26!$AC$15:$AC$108,"I",(AllMusters26!$F$15:$F$108),"4") -> 0 | AR23: =COUNTIFS(AllMusters26!$AC$15:$AC$108,"I",(AllMusters26!$F$15:$F$108),"5") -> 0 | AS23: =COUNTIFS(AllMusters26!$AC$15:$AC$108,"I",(AllMusters26!$F$15:$F$108),"6") -> 0 | AT23: =COUNTIFS(AllMusters26!$AC$15:$AC$108,"I",(AllMusters26!$F$15:$F$108),"7") -> 0 | AU23: =COUNTIFS(AllMusters26!$AC$15:$AC$108,"I",(AllMusters26!$F$15:$F$108),"8") -> 0 | AV23: =COUNTIFS(AllMusters26!$AC$15:$AC$108,"I",(AllMusters26!$F$15:$F$108),"9") -> 0 | AW23: =COUNTIFS(AllMusters26!$AC$15:$AC$108,"I",(AllMusters26!$F$15:$F$108),"10") -> 0 | AX23: =COUNTIFS(AllMusters26!$AC$15:$AC$108,"I",(AllMusters26!$F$15:$F$108),"11") -> 0 | AY23: =COUNTIFS(AllMusters26!$AC$15:$AC$108,"I",(AllMusters26!$F$15:$F$108),"12") -> 0 | AZ23: =(SUM($AN23:$AY23)) -> 8 | BA23: =(SUM(AZ23))/SUM($AZ$1) -> 0.8 | BB23: =SUM(J23,X23,AZ23) -> 68 | BC23: =(SUM(BB23))/SUM($BB$2) -> 0.75555556
A24: QFF Andrew Bond | B24: 0 | C24: 4 | D24: 3 | E24: 4 | F24: 2 | G24: 3 | H24: 3 | I24: 2 | J24: =SUM(B24:I24) -> 21 | K24: 0.7 | L24: 3 | M24: 4 | N24: 4 | O24: 4 | P24: 3 | Q24: 3 | R24: 3 | S24: 4 | T24: 5 | U24: 3 | V24: 2 | W24: 2 | X24: 40 | Y24: 0.7625 | Z24: 2 | AA24: 3 | AB24: 4 | AC24: 1 | AD24: 2 | AE24: 4 | AF24: 0 | AG24: 0 | AH24: 0 | AI24: 0 | AJ24: 0 | AK24: 0 | AL24: 16 | AM24: 0.32653061 | AN24: =COUNTIFS(AllMusters26!$AD$15:$AD$108,"I",(AllMusters26!$F$15:$F$108),"1") -> 1 | AO24: =COUNTIFS(AllMusters26!$AD$15:$AD$108,"I",(AllMusters26!$F$15:$F$108),"2") -> 2 | AP24: =COUNTIFS(AllMusters26!$AD$15:$AD$108,"I",(AllMusters26!$F$15:$F$108),"3") -> 2 | AQ24: =COUNTIFS(AllMusters26!$AD$15:$AD$108,"I",(AllMusters26!$F$15:$F$108),"4") -> 0 | AR24: =COUNTIFS(AllMusters26!$AD$15:$AD$108,"I",(AllMusters26!$F$15:$F$108),"5") -> 0 | AS24: =COUNTIFS(AllMusters26!$AD$15:$AD$108,"I",(AllMusters26!$F$15:$F$108),"6") -> 0 | AT24: =COUNTIFS(AllMusters26!$AD$15:$AD$108,"I",(AllMusters26!$F$15:$F$108),"7") -> 0 | AU24: =COUNTIFS(AllMusters26!$AD$15:$AD$108,"I",(AllMusters26!$F$15:$F$108),"8") -> 0 | AV24: =COUNTIFS(AllMusters26!$AD$15:$AD$108,"I",(AllMusters26!$F$15:$F$108),"9") -> 0 | AW24: =COUNTIFS(AllMusters26!$AD$15:$AD$108,"I",(AllMusters26!$F$15:$F$108),"10") -> 0 | AX24: =COUNTIFS(AllMusters26!$AD$15:$AD$108,"I",(AllMusters26!$F$15:$F$108),"11") -> 0 | AY24: =COUNTIFS(AllMusters26!$AD$15:$AD$108,"I",(AllMusters26!$F$15:$F$108),"12") -> 0 | AZ24: =(SUM($AN24:$AY24)) -> 5 | BA24: =(SUM(AZ24))/SUM($AZ$1) -> 0.5 | BB24: =SUM(J24,X24,AZ24) -> 66 | BC24: =(SUM(BB24))/SUM($BB$2) -> 0.73333333
A25: QFF Alan Binnie | B25: 0 | C25: 0 | D25: 0 | E25: 2 | F25: 4 | G25: 0 | H25: 1 | I25: 2 | J25: =SUM(B25:I25) -> 9 | K25: 0.47368421 | L25: 1 | M25: 2 | N25: 2 | O25: 3 | P25: 1 | Q25: 2 | R25: 3 | S25: 3 | T25: 4 | U25: 3 | V25: 2 | W25: 3 | X25: 29 | Y25: 0.475 | Z25: 2 | AA25: 3 | AB25: 3 | AC25: 1 | AD25: 2 | AE25: 3 | AF25: 2 | AG25: 2 | AH25: 2 | AI25: 2 | AJ25: 2 | AK25: 1 | AL25: 25 | AM25: 0.51020408 | AN25: =COUNTIFS(AllMusters26!$AE$15:$AE$108,"I",(AllMusters26!$F$15:$F$108),"1") -> 4 | AO25: =COUNTIFS(AllMusters26!$AE$15:$AE$108,"I",(AllMusters26!$F$15:$F$108),"2") -> 3 | AP25: =COUNTIFS(AllMusters26!$AE$15:$AE$108,"I",(AllMusters26!$F$15:$F$108),"3") -> 2 | AQ25: =COUNTIFS(AllMusters26!$AE$15:$AE$108,"I",(AllMusters26!$F$15:$F$108),"4") -> 0 | AR25: =COUNTIFS(AllMusters26!$AE$15:$AE$108,"I",(AllMusters26!$F$15:$F$108),"5") -> 0 | AS25: =COUNTIFS(AllMusters26!$AE$15:$AE$108,"I",(AllMusters26!$F$15:$F$108),"6") -> 0 | AT25: =COUNTIFS(AllMusters26!$AE$15:$AE$108,"I",(AllMusters26!$F$15:$F$108),"7") -> 0 | AU25: =COUNTIFS(AllMusters26!$AE$15:$AE$108,"I",(AllMusters26!$F$15:$F$108),"8") -> 0 | AV25: =COUNTIFS(AllMusters26!$AE$15:$AE$108,"I",(AllMusters26!$F$15:$F$108),"9") -> 0 | AW25: =COUNTIFS(AllMusters26!$AE$15:$AE$108,"I",(AllMusters26!$F$15:$F$108),"10") -> 0 | AX25: =COUNTIFS(AllMusters26!$AE$15:$AE$108,"I",(AllMusters26!$F$15:$F$108),"11") -> 0 | AY25: =COUNTIFS(AllMusters26!$AE$15:$AE$108,"I",(AllMusters26!$F$15:$F$108),"12") -> 0 | AZ25: =(SUM($AN25:$AY25)) -> 9 | BA25: =(SUM(AZ25))/SUM($AZ$1) -> 0.9 | BB25: =SUM(J25,X25,AZ25) -> 47 | BC25: =(SUM(BB25))/SUM($BB$2) -> 0.52222222
A26: QFF Josh Pennefather | B26: 3 | C26: 2 | D26: 3 | E26: 3 | F26: 3 | G26: 2 | H26: 2 | I26: 0 | J26: =SUM(B26:I26) -> 18 | K26: 0.6 | L26: 3 | M26: 3 | N26: 3 | O26: 4 | P26: 0 | Q26: 3 | R26: 5 | S26: 4 | T26: 3 | U26: 2 | V26: 3 | W26: 2 | X26: 35 | Y26: 0.6625 | Z26: 3 | AA26: 3 | AB26: 3 | AC26: 3 | AD26: 1 | AE26: 4 | AF26: 2 | AG26: 3 | AH26: 1 | AI26: 2 | AJ26: 4 | AK26: 2 | AL26: 31 | AM26: 0.63265306 | AN26: =COUNTIFS(AllMusters26!$AF$15:$AF$108,"I",(AllMusters26!$F$15:$F$108),"1") -> 2 | AO26: =COUNTIFS(AllMusters26!$AF$15:$AF$108,"I",(AllMusters26!$F$15:$F$108),"2") -> 3 | AP26: =COUNTIFS(AllMusters26!$AF$15:$AF$108,"I",(AllMusters26!$F$15:$F$108),"3") -> 2 | AQ26: =COUNTIFS(AllMusters26!$AF$15:$AF$108,"I",(AllMusters26!$F$15:$F$108),"4") -> 0 | AR26: =COUNTIFS(AllMusters26!$AF$15:$AF$108,"I",(AllMusters26!$F$15:$F$108),"5") -> 0 | AS26: =COUNTIFS(AllMusters26!$AF$15:$AF$108,"I",(AllMusters26!$F$15:$F$108),"6") -> 0 | AT26: =COUNTIFS(AllMusters26!$AF$15:$AF$108,"I",(AllMusters26!$F$15:$F$108),"7") -> 0 | AU26: =COUNTIFS(AllMusters26!$AF$15:$AF$108,"I",(AllMusters26!$F$15:$F$108),"8") -> 0 | AV26: =COUNTIFS(AllMusters26!$AF$15:$AF$108,"I",(AllMusters26!$F$15:$F$108),"9") -> 0 | AW26: =COUNTIFS(AllMusters26!$AF$15:$AF$108,"I",(AllMusters26!$F$15:$F$108),"10") -> 0 | AX26: =COUNTIFS(AllMusters26!$AF$15:$AF$108,"I",(AllMusters26!$F$15:$F$108),"11") -> 0 | AY26: =COUNTIFS(AllMusters26!$AF$15:$AF$108,"I",(AllMusters26!$F$15:$F$108),"12") -> 0 | AZ26: =(SUM($AN26:$AY26)) -> 7 | BA26: =(SUM(AZ26))/SUM($AZ$1) -> 0.7 | BB26: =SUM(J26,X26,AZ26) -> 60 | BC26: =(SUM(BB26))/SUM($BB$2) -> 0.66666667
A27: QFF Ben Killgour | B27: 2 | C27: 2 | D27: 2 | E27: 4 | F27: 2 | G27: 2 | H27: 1 | I27: 1 | J27: =SUM(B27:I27) -> 16 | K27: 0.53333333 | L27: 1 | M27: 4 | N27: 1 | O27: 4 | P27: 3 | Q27: 3 | R27: 4 | S27: 3 | T27: 4 | U27: 1 | V27: 3 | W27: 1 | X27: 32 | Y27: 0.6 | Z27: 3 | AA27: 1 | AB27: 3 | AC27: 1 | AD27: 2 | AE27: 2 | AF27: 2 | AG27: 3 | AH27: 3 | AI27: 3 | AJ27: 1 | AK27: 3 | AL27: 27 | AM27: 0.55102041 | AN27: =COUNTIFS(AllMusters26!$AG$15:$AG$108,"I",(AllMusters26!$F$15:$F$108),"1") -> 3 | AO27: =COUNTIFS(AllMusters26!$AG$15:$AG$108,"I",(AllMusters26!$F$15:$F$108),"2") -> 4 | AP27: =COUNTIFS(AllMusters26!$AG$15:$AG$108,"I",(AllMusters26!$F$15:$F$108),"3") -> 0 | AQ27: =COUNTIFS(AllMusters26!$AG$15:$AG$108,"I",(AllMusters26!$F$15:$F$108),"4") -> 0 | AR27: =COUNTIFS(AllMusters26!$AG$15:$AG$108,"I",(AllMusters26!$F$15:$F$108),"5") -> 0 | AS27: =COUNTIFS(AllMusters26!$AG$15:$AG$108,"I",(AllMusters26!$F$15:$F$108),"6") -> 0 | AT27: =COUNTIFS(AllMusters26!$AG$15:$AG$108,"I",(AllMusters26!$F$15:$F$108),"7") -> 0 | AU27: =COUNTIFS(AllMusters26!$AG$15:$AG$108,"I",(AllMusters26!$F$15:$F$108),"8") -> 0 | AV27: =COUNTIFS(AllMusters26!$AG$15:$AG$108,"I",(AllMusters26!$F$15:$F$108),"9") -> 0 | AW27: =COUNTIFS(AllMusters26!$AG$15:$AG$108,"I",(AllMusters26!$F$15:$F$108),"10") -> 0 | AX27: =COUNTIFS(AllMusters26!$AG$15:$AG$108,"I",(AllMusters26!$F$15:$F$108),"11") -> 0 | AY27: =COUNTIFS(AllMusters26!$AG$15:$AG$108,"I",(AllMusters26!$F$15:$F$108),"12") -> 0 | AZ27: =(SUM($AN27:$AY27)) -> 7 | BA27: =(SUM(AZ27))/SUM($AZ$1) -> 0.7 | BB27: =SUM(J27,X27,AZ27) -> 55 | BC27: =(SUM(BB27))/SUM($BB$2) -> 0.61111111
A28: QFF Dallas Steele | B28: 2 | C28: 4 | D28: 3 | E28: 5 | F28: 4 | G28: 3 | H28: 3 | I28: 2 | J28: =SUM(B28:I28) -> 26 | K28: 0.86666667 | L28: 2 | M28: 4 | N28: 3 | O28: 2 | P28: 2 | Q28: 4 | R28: 4 | S28: 2 | T28: 2 | U28: 1 | V28: 2 | W28: 1 | X28: 29 | Y28: 0.6875 | Z28: 1 | AA28: 2 | AB28: 3 | AC28: 3 | AD28: 2 | AE28: 4 | AF28: 1 | AG28: 3 | AH28: 2 | AI28: 2 | AJ28: 2 | AK28: 3 | AL28: 28 | AM28: 0.57142857 | AN28: =COUNTIFS(AllMusters26!$AH$15:$AH$108,"I",(AllMusters26!$F$15:$F$108),"1") -> 2 | AO28: =COUNTIFS(AllMusters26!$AH$15:$AH$108,"I",(AllMusters26!$F$15:$F$108),"2") -> 3 | AP28: =COUNTIFS(AllMusters26!$AH$15:$AH$108,"I",(AllMusters26!$F$15:$F$108),"3") -> 2 | AQ28: =COUNTIFS(AllMusters26!$AH$15:$AH$108,"I",(AllMusters26!$F$15:$F$108),"4") -> 0 | AR28: =COUNTIFS(AllMusters26!$AH$15:$AH$108,"I",(AllMusters26!$F$15:$F$108),"5") -> 0 | AS28: =COUNTIFS(AllMusters26!$AH$15:$AH$108,"I",(AllMusters26!$F$15:$F$108),"6") -> 0 | AT28: =COUNTIFS(AllMusters26!$AH$15:$AH$108,"I",(AllMusters26!$F$15:$F$108),"7") -> 0 | AU28: =COUNTIFS(AllMusters26!$AH$15:$AH$108,"I",(AllMusters26!$F$15:$F$108),"8") -> 0 | AV28: =COUNTIFS(AllMusters26!$AH$15:$AH$108,"I",(AllMusters26!$F$15:$F$108),"9") -> 0 | AW28: =COUNTIFS(AllMusters26!$AH$15:$AH$108,"I",(AllMusters26!$F$15:$F$108),"10") -> 0 | AX28: =COUNTIFS(AllMusters26!$AH$15:$AH$108,"I",(AllMusters26!$F$15:$F$108),"11") -> 0 | AY28: =COUNTIFS(AllMusters26!$AH$15:$AH$108,"I",(AllMusters26!$F$15:$F$108),"12") -> 0 | AZ28: =(SUM($AN28:$AY28)) -> 7 | BA28: =(SUM(AZ28))/SUM($AZ$1) -> 0.7 | BB28: =SUM(J28,X28,AZ28) -> 62 | BC28: =(SUM(BB28))/SUM($BB$2) -> 0.68888889
A29: QFF Nick Grayson | B29: 2 | C29: 4 | D29: 4 | E29: 5 | F29: 4 | G29: 3 | H29: 4 | I29: 2 | J29: =SUM(B29:I29) -> 28 | K29: 0.93333333 | L29: 3 | M29: 3 | N29: 4 | O29: 5 | P29: 4 | Q29: 3 | R29: 5 | S29: 5 | T29: 4 | U29: 4 | V29: 4 | W29: 3 | X29: 47 | Y29: 0.9375 | Z29: 3 | AA29: 3 | AB29: 0 | AC29: 2 | AD29: 0 | AE29: 4 | AF29: 4 | AG29: 4 | AH29: 5 | AI29: 4 | AJ29: 3 | AK29: 3 | AL29: 35 | AM29: 0.71428571 | AN29: =COUNTIFS(AllMusters26!$AI$15:$AI$108,"I",(AllMusters26!$F$15:$F$108),"1") -> 3 | AO29: =COUNTIFS(AllMusters26!$AI$15:$AI$108,"I",(AllMusters26!$F$15:$F$108),"2") -> 4 | AP29: =COUNTIFS(AllMusters26!$AI$15:$AI$108,"I",(AllMusters26!$F$15:$F$108),"3") -> 2 | AQ29: =COUNTIFS(AllMusters26!$AI$15:$AI$108,"I",(AllMusters26!$F$15:$F$108),"4") -> 0 | AR29: =COUNTIFS(AllMusters26!$AI$15:$AI$108,"I",(AllMusters26!$F$15:$F$108),"5") -> 0 | AS29: =COUNTIFS(AllMusters26!$AI$15:$AI$108,"I",(AllMusters26!$F$15:$F$108),"6") -> 0 | AT29: =COUNTIFS(AllMusters26!$AI$15:$AI$108,"I",(AllMusters26!$F$15:$F$108),"7") -> 0 | AU29: =COUNTIFS(AllMusters26!$AI$15:$AI$108,"I",(AllMusters26!$F$15:$F$108),"8") -> 0 | AV29: =COUNTIFS(AllMusters26!$AI$15:$AI$108,"I",(AllMusters26!$F$15:$F$108),"9") -> 0 | AW29: =COUNTIFS(AllMusters26!$AI$15:$AI$108,"I",(AllMusters26!$F$15:$F$108),"10") -> 0 | AX29: =COUNTIFS(AllMusters26!$AI$15:$AI$108,"I",(AllMusters26!$F$15:$F$108),"11") -> 0 | AY29: =COUNTIFS(AllMusters26!$AI$15:$AI$108,"I",(AllMusters26!$F$15:$F$108),"12") -> 0 | AZ29: =(SUM($AN29:$AY29)) -> 9 | BA29: =(SUM(AZ29))/SUM($AZ$1) -> 0.9 | BB29: =SUM(J29,X29,AZ29) -> 84 | BC29: =(SUM(BB29))/SUM($BB$2) -> 0.93333333
A30: QFF Jason Court | B30: 0 | C30: 3 | D30: 3 | E30: 2 | F30: 4 | G30: 3 | H30: 4 | I30: 2 | J30: =SUM(B30:I30) -> 21 | K30: 0.7 | L30: 0 | M30: 2 | N30: 3 | O30: 5 | P30: 4 | Q30: 3 | R30: 3 | S30: 2 | T30: 4 | U30: 4 | V30: 4 | W30: 3 | X30: 37 | Y30: 0.725 | Z30: 0 | AA30: 3 | AB30: 5 | AC30: 3 | AD30: 3 | AE30: 5 | AF30: 2 | AG30: 3 | AH30: 5 | AI30: 4 | AJ30: 2 | AK30: 3 | AL30: 38 | AM30: 0.7755102 | AN30: =COUNTIFS(AllMusters26!$AJ$15:$AJ$108,"I",(AllMusters26!$F$15:$F$108),"1") -> 0 | AO30: =COUNTIFS(AllMusters26!$AJ$15:$AJ$108,"I",(AllMusters26!$F$15:$F$108),"2") -> 1 | AP30: =COUNTIFS(AllMusters26!$AJ$15:$AJ$108,"I",(AllMusters26!$F$15:$F$108),"3") -> 2 | AQ30: =COUNTIFS(AllMusters26!$AJ$15:$AJ$108,"I",(AllMusters26!$F$15:$F$108),"4") -> 0 | AR30: =COUNTIFS(AllMusters26!$AJ$15:$AJ$108,"I",(AllMusters26!$F$15:$F$108),"5") -> 0 | AS30: =COUNTIFS(AllMusters26!$AJ$15:$AJ$108,"I",(AllMusters26!$F$15:$F$108),"6") -> 0 | AT30: =COUNTIFS(AllMusters26!$AJ$15:$AJ$108,"I",(AllMusters26!$F$15:$F$108),"7") -> 0 | AU30: =COUNTIFS(AllMusters26!$AJ$15:$AJ$108,"I",(AllMusters26!$F$15:$F$108),"8") -> 0 | AV30: =COUNTIFS(AllMusters26!$AJ$15:$AJ$108,"I",(AllMusters26!$F$15:$F$108),"9") -> 0 | AW30: =COUNTIFS(AllMusters26!$AJ$15:$AJ$108,"I",(AllMusters26!$F$15:$F$108),"10") -> 0 | AX30: =COUNTIFS(AllMusters26!$AJ$15:$AJ$108,"I",(AllMusters26!$F$15:$F$108),"11") -> 0 | AY30: =COUNTIFS(AllMusters26!$AJ$15:$AJ$108,"I",(AllMusters26!$F$15:$F$108),"12") -> 0 | AZ30: =(SUM($AN30:$AY30)) -> 3 | BA30: =(SUM(AZ30))/SUM($AZ$1) -> 0.3 | BB30: =SUM(J30,X30,AZ30) -> 61 | BC30: =(SUM(BB30))/SUM($BB$2) -> 0.67777778
A31: QFF Crystal McConchie | C31: 1 | D31: 2 | E31: 3 | F31: 3 | G31: 3 | H31: 3 | I31: 1 | J31: =SUM(B31:I31) -> 16 | K31: 0.59259259 | L31: 2 | M31: 1 | N31: 1 | O31: 3 | P31: 3 | Q31: 2 | R31: 2 | S31: 4 | T31: 3 | U31: 3 | V31: 2 | W31: 0 | X31: 26 | Y31: 0.525 | Z31: 1 | AA31: 2 | AB31: 4 | AC31: 0 | AD31: 3 | AE31: 2 | AF31: 1 | AG31: 2 | AH31: 4 | AI31: 0 | AJ31: 2 | AK31: 2 | AL31: 23 | AM31: 0.46938776 | AN31: =COUNTIFS(AllMusters26!$AK$15:$AK$108,"I",(AllMusters26!$F$15:$F$108),"1") -> 2 | AO31: =COUNTIFS(AllMusters26!$AK$15:$AK$108,"I",(AllMusters26!$F$15:$F$108),"2") -> 1 | AP31: =COUNTIFS(AllMusters26!$AK$15:$AK$108,"I",(AllMusters26!$F$15:$F$108),"3") -> 2 | AQ31: =COUNTIFS(AllMusters26!$AK$15:$AK$108,"I",(AllMusters26!$F$15:$F$108),"4") -> 0 | AR31: =COUNTIFS(AllMusters26!$AK$15:$AK$108,"I",(AllMusters26!$F$15:$F$108),"5") -> 0 | AS31: =COUNTIFS(AllMusters26!$AK$15:$AK$108,"I",(AllMusters26!$F$15:$F$108),"6") -> 0 | AT31: =COUNTIFS(AllMusters26!$AK$15:$AK$108,"I",(AllMusters26!$F$15:$F$108),"7") -> 0 | AU31: =COUNTIFS(AllMusters26!$AK$15:$AK$108,"I",(AllMusters26!$F$15:$F$108),"8") -> 0 | AV31: =COUNTIFS(AllMusters26!$AK$15:$AK$108,"I",(AllMusters26!$F$15:$F$108),"9") -> 0 | AW31: =COUNTIFS(AllMusters26!$AK$15:$AK$108,"I",(AllMusters26!$F$15:$F$108),"10") -> 0 | AX31: =COUNTIFS(AllMusters26!$AK$15:$AK$108,"I",(AllMusters26!$F$15:$F$108),"11") -> 0 | AY31: =COUNTIFS(AllMusters26!$AK$15:$AK$108,"I",(AllMusters26!$F$15:$F$108),"12") -> 0 | AZ31: =(SUM($AN31:$AY31)) -> 5 | BA31: =(SUM(AZ31))/SUM($AZ$1) -> 0.5 | BB31: =SUM(J31,X31,AZ31) -> 47 | BC31: =(SUM(BB31))/SUM($BB$2) -> 0.52222222
A32: QFF Hendri de Bruin
A33: FF Jimmy Doyle | B33: 1 | C33: 3 | D33: 2 | E33: 0 | F33: 0 | G33: 2 | H33: 2 | I33: 2 | J33: =SUM(B33:I33) -> 12 | K33: 0.4 | L33: 3 | M33: 1 | N33: 3 | O33: 3 | P33: 4 | Q33: 2 | R33: 4 | S33: 0 | T33: 0 | U33: 1 | V33: 2 | W33: 0 | X33: 23 | Y33: 0.4375 | Z33: 0 | AA33: 0 | AB33: 4 | AC33: 3 | AD33: 3 | AE33: 5 | AF33: 3 | AG33: 3 | AH33: 4 | AI33: 3 | AJ33: 2 | AK33: 3 | AL33: 33 | AM33: 0.67346939 | AN33: =COUNTIFS(AllMusters26!$AM$15:$AM$108,"I",(AllMusters26!$F$15:$F$108),"1") -> 0 | AO33: =COUNTIFS(AllMusters26!$AM$15:$AM$108,"I",(AllMusters26!$F$15:$F$108),"2") -> 2 | AP33: =COUNTIFS(AllMusters26!$AM$15:$AM$108,"I",(AllMusters26!$F$15:$F$108),"3") -> 1 | AQ33: =COUNTIFS(AllMusters26!$AM$15:$AM$108,"I",(AllMusters26!$F$15:$F$108),"4") -> 0 | AR33: =COUNTIFS(AllMusters26!$AM$15:$AM$108,"I",(AllMusters26!$F$15:$F$108),"5") -> 0 | AS33: =COUNTIFS(AllMusters26!$AM$15:$AM$108,"I",(AllMusters26!$F$15:$F$108),"6") -> 0 | AT33: =COUNTIFS(AllMusters26!$AM$15:$AM$108,"I",(AllMusters26!$F$15:$F$108),"7") -> 0 | AU33: =COUNTIFS(AllMusters26!$AM$15:$AM$108,"I",(AllMusters26!$F$15:$F$108),"8") -> 0 | AV33: =COUNTIFS(AllMusters26!$AM$15:$AM$108,"I",(AllMusters26!$F$15:$F$108),"9") -> 0 | AW33: =COUNTIFS(AllMusters26!$AM$15:$AM$108,"I",(AllMusters26!$F$15:$F$108),"10") -> 0 | AX33: =COUNTIFS(AllMusters26!$AM$15:$AM$108,"I",(AllMusters26!$F$15:$F$108),"11") -> 0 | AY33: =COUNTIFS(AllMusters26!$AM$15:$AM$108,"I",(AllMusters26!$F$15:$F$108),"12") -> 0 | AZ33: =(SUM($AN33:$AY33)) -> 3 | BA33: =(SUM(AZ33))/SUM($AZ$1) -> 0.3 | BB33: =SUM(J33,X33,AZ33) -> 38 | BC33: =(SUM(BB33))/SUM($BB$2) -> 0.42222222
A34: FF Dimmy Bell-Kainiu | B34: 1 | C34: 4 | D34: 4 | E34: 5 | F34: 4 | G34: 4 | H34: 4 | I34: 2 | J34: =SUM(B34:I34) -> 28 | K34: 0.93333333 | L34: 3 | M34: 4 | N34: 4 | O34: 5 | P34: 4 | Q34: 3 | R34: 3 | S34: 5 | T34: 5 | U34: 4 | V34: 4 | W34: 3 | X34: 47 | Y34: 0.9375 | Z34: 3 | AA34: 3 | AB34: 5 | AC34: 4 | AD34: 4 | AE34: 3 | AF34: 4 | AG34: 3 | AH34: 4 | AI34: 2 | AJ34: 4 | AK34: 3 | AL34: 42 | AM34: 0.85714286 | AN34: =COUNTIFS(AllMusters26!$AN$15:$AN$108,"I",(AllMusters26!$F$15:$F$108),"1") -> 3 | AO34: =COUNTIFS(AllMusters26!$AN$15:$AN$108,"I",(AllMusters26!$F$15:$F$108),"2") -> 2 | AP34: =COUNTIFS(AllMusters26!$AN$15:$AN$108,"I",(AllMusters26!$F$15:$F$108),"3") -> 2 | AQ34: =COUNTIFS(AllMusters26!$AN$15:$AN$108,"I",(AllMusters26!$F$15:$F$108),"4") -> 0 | AR34: =COUNTIFS(AllMusters26!$AN$15:$AN$108,"I",(AllMusters26!$F$15:$F$108),"5") -> 0 | AS34: =COUNTIFS(AllMusters26!$AN$15:$AN$108,"I",(AllMusters26!$F$15:$F$108),"6") -> 0 | AT34: =COUNTIFS(AllMusters26!$AN$15:$AN$108,"I",(AllMusters26!$F$15:$F$108),"7") -> 0 | AU34: =COUNTIFS(AllMusters26!$AN$15:$AN$108,"I",(AllMusters26!$F$15:$F$108),"8") -> 0 | AV34: =COUNTIFS(AllMusters26!$AN$15:$AN$108,"I",(AllMusters26!$F$15:$F$108),"9") -> 0 | AW34: =COUNTIFS(AllMusters26!$AN$15:$AN$108,"I",(AllMusters26!$F$15:$F$108),"10") -> 0 | AX34: =COUNTIFS(AllMusters26!$AN$15:$AN$108,"I",(AllMusters26!$F$15:$F$108),"11") -> 0 | AY34: =COUNTIFS(AllMusters26!$AN$15:$AN$108,"I",(AllMusters26!$F$15:$F$108),"12") -> 0 | AZ34: =(SUM($AN34:$AY34)) -> 7 | BA34: =(SUM(AZ34))/SUM($AZ$1) -> 0.7 | BB34: =SUM(J34,X34,AZ34) -> 82 | BC34: =(SUM(BB34))/SUM($BB$2) -> 0.91111111
A35: FF Mitch Court | B35: 2 | C35: 4 | D35: 4 | E35: 5 | F35: 3 | G35: 4 | H35: 4 | I35: 2 | J35: =SUM(B35:I35) -> 28 | K35: 0.93333333 | L35: 3 | M35: 2 | N35: 3 | O35: 5 | P35: 2 | Q35: 3 | R35: 3 | S35: 4 | T35: 2 | U35: 0 | V35: 4 | W35: 3 | X35: 8 | Y35: 0.45 | Z35: 2 | AA35: 4 | AB35: 5 | AC35: 1 | AD35: 0 | AE35: 5 | AF35: 2 | AG35: 4 | AH35: 5 | AI35: 4 | AJ35: 3 | AK35: 3 | AL35: 38 | AM35: 0.7755102 | AN35: =COUNTIFS(AllMusters26!$AO$15:$AO$108,"I",(AllMusters26!$F$15:$F$108),"1") -> 3 | AO35: =COUNTIFS(AllMusters26!$AO$15:$AO$108,"I",(AllMusters26!$F$15:$F$108),"2") -> 3 | AP35: =COUNTIFS(AllMusters26!$AO$15:$AO$108,"I",(AllMusters26!$F$15:$F$108),"3") -> 2 | AQ35: =COUNTIFS(AllMusters26!$AO$15:$AO$108,"I",(AllMusters26!$F$15:$F$108),"4") -> 0 | AR35: =COUNTIFS(AllMusters26!$AO$15:$AO$108,"I",(AllMusters26!$F$15:$F$108),"5") -> 0 | AS35: =COUNTIFS(AllMusters26!$AO$15:$AO$108,"I",(AllMusters26!$F$15:$F$108),"6") -> 0 | AT35: =COUNTIFS(AllMusters26!$AO$15:$AO$108,"I",(AllMusters26!$F$15:$F$108),"7") -> 0 | AU35: =COUNTIFS(AllMusters26!$AO$15:$AO$108,"I",(AllMusters26!$F$15:$F$108),"8") -> 0 | AV35: =COUNTIFS(AllMusters26!$AO$15:$AO$108,"I",(AllMusters26!$F$15:$F$108),"9") -> 0 | AW35: =COUNTIFS(AllMusters26!$AO$15:$AO$108,"I",(AllMusters26!$F$15:$F$108),"10") -> 0 | AX35: =COUNTIFS(AllMusters26!$AO$15:$AO$108,"I",(AllMusters26!$F$15:$F$108),"11") -> 0 | AY35: =COUNTIFS(AllMusters26!$AO$15:$AO$108,"I",(AllMusters26!$F$15:$F$108),"12") -> 0 | AZ35: =(SUM($AN35:$AY35)) -> 8 | BA35: =(SUM(AZ35))/SUM($AZ$1) -> 0.8 | BB35: =SUM(J35,X35,AZ35) -> 44 | BC35: =(SUM(BB35))/SUM($BB$2) -> 0.48888889
A36: FF James O'Hare | F36: 4 | G36: 3 | H36: 4 | I36: 1 | J36: =SUM(B36:I36) -> 12 | K36: 0.85714286 | L36: 1 | M36: 1 | N36: 0 | O36: 3 | P36: 3 | Q36: 4 | R36: 5 | S36: 4 | T36: 2 | U36: 2 | V36: 3 | W36: 3 | X36: 2 | Y36: 0.175 | Z36: 2 | AA36: 2 | AB36: 2 | AC36: 4 | AD36: 2 | AE36: 4 | AF36: 3 | AG36: 3 | AH36: 3 | AI36: 3 | AJ36: 2 | AK36: 2 | AL36: 32 | AM36: 0.65306122 | AN36: =COUNTIFS(AllMusters26!$AP$15:$AP$108,"I",(AllMusters26!$F$15:$F$108),"1") -> 2 | AO36: =COUNTIFS(AllMusters26!$AP$15:$AP$108,"I",(AllMusters26!$F$15:$F$108),"2") -> 1 | AP36: =COUNTIFS(AllMusters26!$AP$15:$AP$108,"I",(AllMusters26!$F$15:$F$108),"3") -> 0 | AQ36: =COUNTIFS(AllMusters26!$AP$15:$AP$108,"I",(AllMusters26!$F$15:$F$108),"4") -> 0 | AR36: =COUNTIFS(AllMusters26!$AP$15:$AP$108,"I",(AllMusters26!$F$15:$F$108),"5") -> 0 | AS36: =COUNTIFS(AllMusters26!$AP$15:$AP$108,"I",(AllMusters26!$F$15:$F$108),"6") -> 0 | AT36: =COUNTIFS(AllMusters26!$AP$15:$AP$108,"I",(AllMusters26!$F$15:$F$108),"7") -> 0 | AU36: =COUNTIFS(AllMusters26!$AP$15:$AP$108,"I",(AllMusters26!$F$15:$F$108),"8") -> 0 | AV36: =COUNTIFS(AllMusters26!$AP$15:$AP$108,"I",(AllMusters26!$F$15:$F$108),"9") -> 0 | AW36: =COUNTIFS(AllMusters26!$AP$15:$AP$108,"I",(AllMusters26!$F$15:$F$108),"10") -> 0 | AX36: =COUNTIFS(AllMusters26!$AP$15:$AP$108,"I",(AllMusters26!$F$15:$F$108),"11") -> 0 | AY36: =COUNTIFS(AllMusters26!$AP$15:$AP$108,"I",(AllMusters26!$F$15:$F$108),"12") -> 0 | AZ36: =(SUM($AN36:$AY36)) -> 3 | BA36: =(SUM(AZ36))/SUM($AZ$1) -> 0.3 | BB36: =SUM(J36,X36,AZ36) -> 17 | BC36: =(SUM(BB36))/SUM($BB$2) -> 0.18888889
A37: FF Kaitlyn Evans | N37: - | O37: 5 | P37: 4 | Q37: 3 | R37: 4 | S37: 4 | T37: 3 | U37: 3 | V37: 2 | W37: 3 | X37: 31 | Y37: 0.62 | Z37: 2 | AA37: 3 | AB37: 5 | AC37: 4 | AD37: 2 | AE37: 5 | AF37: 2 | AG37: 4 | AH37: 4 | AI37: 2 | AJ37: 3 | AK37: 2 | AL37: 38 | AM37: 0.7755102 | AN37: =COUNTIFS(AllMusters26!$AQ$15:$AQ$108,"I",(AllMusters26!$F$15:$F$108),"1") -> 2 | AO37: =COUNTIFS(AllMusters26!$AQ$15:$AQ$108,"I",(AllMusters26!$F$15:$F$108),"2") -> 3 | AP37: =COUNTIFS(AllMusters26!$AQ$15:$AQ$108,"I",(AllMusters26!$F$15:$F$108),"3") -> 2 | AQ37: =COUNTIFS(AllMusters26!$AQ$15:$AQ$108,"I",(AllMusters26!$F$15:$F$108),"4") -> 0 | AR37: =COUNTIFS(AllMusters26!$AQ$15:$AQ$108,"I",(AllMusters26!$F$15:$F$108),"5") -> 0 | AS37: =COUNTIFS(AllMusters26!$AQ$15:$AQ$108,"I",(AllMusters26!$F$15:$F$108),"6") -> 0 | AT37: =COUNTIFS(AllMusters26!$AQ$15:$AQ$108,"I",(AllMusters26!$F$15:$F$108),"7") -> 0 | AU37: =COUNTIFS(AllMusters26!$AQ$15:$AQ$108,"I",(AllMusters26!$F$15:$F$108),"8") -> 0 | AV37: =COUNTIFS(AllMusters26!$AQ$15:$AQ$108,"I",(AllMusters26!$F$15:$F$108),"9") -> 0 | AW37: =COUNTIFS(AllMusters26!$AQ$15:$AQ$108,"I",(AllMusters26!$F$15:$F$108),"10") -> 0 | AX37: =COUNTIFS(AllMusters26!$AQ$15:$AQ$108,"I",(AllMusters26!$F$15:$F$108),"11") -> 0 | AY37: =COUNTIFS(AllMusters26!$AQ$15:$AQ$108,"I",(AllMusters26!$F$15:$F$108),"12") -> 0 | AZ37: =(SUM($AN37:$AY37)) -> 7 | BA37: =(SUM(AZ37))/SUM($AZ$1) -> 0.7 | BB37: =SUM(J37,X37,AZ37) -> 38 | BC37: =(SUM(BB37))/SUM($BB$2) -> 0.42222222
A38: FF Jaime Moore | N38: - | U38: 3 | V38: 4 | W38: 3 | X38: 10 | Y38: 0.2 | Z38: 3 | AA38: 3 | AB38: 5 | AC38: 3 | AD38: 1 | AE38: 5 | AF38: 2 | AG38: 2 | AH38: 3 | AI38: 3 | AJ38: 3 | AK38: 3 | AL38: 36 | AM38: 0.73469388 | AN38: =COUNTIFS(AllMusters26!$AR$15:$AR$108,"I",(AllMusters26!$F$15:$F$108),"1") -> 3 | AO38: =COUNTIFS(AllMusters26!$AR$15:$AR$108,"I",(AllMusters26!$F$15:$F$108),"2") -> 3 | AP38: =COUNTIFS(AllMusters26!$AR$15:$AR$108,"I",(AllMusters26!$F$15:$F$108),"3") -> 2 | AQ38: =COUNTIFS(AllMusters26!$AR$15:$AR$108,"I",(AllMusters26!$F$15:$F$108),"4") -> 0 | AR38: =COUNTIFS(AllMusters26!$AR$15:$AR$108,"I",(AllMusters26!$F$15:$F$108),"5") -> 0 | AS38: =COUNTIFS(AllMusters26!$AR$15:$AR$108,"I",(AllMusters26!$F$15:$F$108),"6") -> 0 | AT38: =COUNTIFS(AllMusters26!$AR$15:$AR$108,"I",(AllMusters26!$F$15:$F$108),"7") -> 0 | AU38: =COUNTIFS(AllMusters26!$AR$15:$AR$108,"I",(AllMusters26!$F$15:$F$108),"8") -> 0 | AV38: =COUNTIFS(AllMusters26!$AR$15:$AR$108,"I",(AllMusters26!$F$15:$F$108),"9") -> 0 | AW38: =COUNTIFS(AllMusters26!$AR$15:$AR$108,"I",(AllMusters26!$F$15:$F$108),"10") -> 0 | AX38: =COUNTIFS(AllMusters26!$AR$15:$AR$108,"I",(AllMusters26!$F$15:$F$108),"11") -> 0 | AY38: =COUNTIFS(AllMusters26!$AR$15:$AR$108,"I",(AllMusters26!$F$15:$F$108),"12") -> 0 | AZ38: =(SUM($AN38:$AY38)) -> 8 | BA38: =(SUM(AZ38))/SUM($AZ$1) -> 0.8 | BB38: =SUM(J38,X38,AZ38) -> 18 | BC38: =(SUM($AZ38,$X38))/SUM($AZ$1,$T$1:$W$1) -> 0.69230769
A39: FF Torrens Butcher | N39: - | U39: 2 | V39: 3 | W39: 2 | X39: 7 | Y39: 0.14 | Z39: 2 | AA39: 4 | AB39: 5 | AC39: 4 | AD39: 3 | AE39: 3 | AF39: 4 | AG39: 4 | AH39: 5 | AI39: 4 | AJ39: 2 | AK39: 1 | AL39: 41 | AM39: 0.83673469 | AN39: =COUNTIFS(AllMusters26!$AS$15:$AS$108,"I",(AllMusters26!$F$15:$F$108),"1") -> 3 | AO39: =COUNTIFS(AllMusters26!$AS$15:$AS$108,"I",(AllMusters26!$F$15:$F$108),"2") -> 4 | AP39: =COUNTIFS(AllMusters26!$AS$15:$AS$108,"I",(AllMusters26!$F$15:$F$108),"3") -> 2 | AQ39: =COUNTIFS(AllMusters26!$AS$15:$AS$108,"I",(AllMusters26!$F$15:$F$108),"4") -> 0 | AR39: =COUNTIFS(AllMusters26!$AS$15:$AS$108,"I",(AllMusters26!$F$15:$F$108),"5") -> 0 | AS39: =COUNTIFS(AllMusters26!$AS$15:$AS$108,"I",(AllMusters26!$F$15:$F$108),"6") -> 0 | AT39: =COUNTIFS(AllMusters26!$AS$15:$AS$108,"I",(AllMusters26!$F$15:$F$108),"7") -> 0 | AU39: =COUNTIFS(AllMusters26!$AS$15:$AS$108,"I",(AllMusters26!$F$15:$F$108),"8") -> 0 | AV39: =COUNTIFS(AllMusters26!$AS$15:$AS$108,"I",(AllMusters26!$F$15:$F$108),"9") -> 0 | AW39: =COUNTIFS(AllMusters26!$AS$15:$AS$108,"I",(AllMusters26!$F$15:$F$108),"10") -> 0 | AX39: =COUNTIFS(AllMusters26!$AS$15:$AS$108,"I",(AllMusters26!$F$15:$F$108),"11") -> 0 | AY39: =COUNTIFS(AllMusters26!$AS$15:$AS$108,"I",(AllMusters26!$F$15:$F$108),"12") -> 0 | AZ39: =(SUM($AN39:$AY39)) -> 9 | BA39: =(SUM(AZ39))/SUM($AZ$1) -> 0.9 | BB39: =SUM(J39,X39,AZ39) -> 16 | BC39: =(SUM($AZ39,$X39))/SUM($AZ$1,$T$1:$W$1) -> 0.61538462
A40: FF Matt Humber | N40: - | U40: 2 | V40: 4 | W40: 2 | X40: 8 | Y40: 0.16 | Z40: 2 | AA40: 4 | AB40: 5 | AC40: 4 | AD40: 3 | AE40: 3 | AF40: 2 | AG40: 3 | AH40: 3 | AI40: 3 | AJ40: 3 | AK40: 3 | AL40: 38 | AM40: 0.7755102 | AN40: =COUNTIFS(AllMusters26!$AT$15:$AT$108,"I",(AllMusters26!$F$15:$F$108),"1") -> 2 | AO40: =COUNTIFS(AllMusters26!$AT$15:$AT$108,"I",(AllMusters26!$F$15:$F$108),"2") -> 3 | AP40: =COUNTIFS(AllMusters26!$AT$15:$AT$108,"I",(AllMusters26!$F$15:$F$108),"3") -> 2 | AQ40: =COUNTIFS(AllMusters26!$AT$15:$AT$108,"I",(AllMusters26!$F$15:$F$108),"4") -> 0 | AR40: =COUNTIFS(AllMusters26!$AT$15:$AT$108,"I",(AllMusters26!$F$15:$F$108),"5") -> 0 | AS40: =COUNTIFS(AllMusters26!$AT$15:$AT$108,"I",(AllMusters26!$F$15:$F$108),"6") -> 0 | AT40: =COUNTIFS(AllMusters26!$AT$15:$AT$108,"I",(AllMusters26!$F$15:$F$108),"7") -> 0 | AU40: =COUNTIFS(AllMusters26!$AT$15:$AT$108,"I",(AllMusters26!$F$15:$F$108),"8") -> 0 | AV40: =COUNTIFS(AllMusters26!$AT$15:$AT$108,"I",(AllMusters26!$F$15:$F$108),"9") -> 0 | AW40: =COUNTIFS(AllMusters26!$AT$15:$AT$108,"I",(AllMusters26!$F$15:$F$108),"10") -> 0 | AX40: =COUNTIFS(AllMusters26!$AT$15:$AT$108,"I",(AllMusters26!$F$15:$F$108),"11") -> 0 | AY40: =COUNTIFS(AllMusters26!$AT$15:$AT$108,"I",(AllMusters26!$F$15:$F$108),"12") -> 0 | AZ40: =(SUM($AN40:$AY40)) -> 7 | BA40: =(SUM(AZ40))/SUM($AZ$1) -> 0.7 | BB40: =SUM(J40,X40,AZ40) -> 15 | BC40: =(SUM($AZ40,$X40))/SUM($AZ$1,$T$1:$W$1) -> 0.57692308
A41: RFF Leone Humber | H41: 4 | I41: 2 | J41: =SUM(B41:I41) -> 6 | K41: 0.42857143 | L41: 3 | M41: 4 | N41: 4 | O41: 2 | P41: 2 | Q41: 0 | R41: 0 | S41: 0 | T41: 0 | U41: 0 | V41: 2 | W41: 0 | X41: 11 | Y41: 0.2125 | Z41: 1 | AA41: 3 | AB41: 3 | AC41: 2 | AD41: 3 | AE41: 4 | AF41: 0 | AG41: 0 | AH41: 0 | AI41: 0 | AJ41: 0 | AK41: 0 | AL41: 16 | AM41: 0.32653061 | AN41: =COUNTIFS(AllMusters26!$AU$15:$AU$108,"I",(AllMusters26!$F$15:$F$108),"1") -> 0 | AO41: =COUNTIFS(AllMusters26!$AU$15:$AU$108,"I",(AllMusters26!$F$15:$F$108),"2") -> 0 | AP41: =COUNTIFS(AllMusters26!$AU$15:$AU$108,"I",(AllMusters26!$F$15:$F$108),"3") -> 0 | AQ41: =COUNTIFS(AllMusters26!$AU$15:$AU$108,"I",(AllMusters26!$F$15:$F$108),"4") -> 0 | AR41: =COUNTIFS(AllMusters26!$AU$15:$AU$108,"I",(AllMusters26!$F$15:$F$108),"5") -> 0 | AS41: =COUNTIFS(AllMusters26!$AU$15:$AU$108,"I",(AllMusters26!$F$15:$F$108),"6") -> 0 | AT41: =COUNTIFS(AllMusters26!$AU$15:$AU$108,"I",(AllMusters26!$F$15:$F$108),"7") -> 0 | AU41: =COUNTIFS(AllMusters26!$AU$15:$AU$108,"I",(AllMusters26!$F$15:$F$108),"8") -> 0 | AV41: =COUNTIFS(AllMusters26!$AU$15:$AU$108,"I",(AllMusters26!$F$15:$F$108),"9") -> 0 | AW41: =COUNTIFS(AllMusters26!$AU$15:$AU$108,"I",(AllMusters26!$F$15:$F$108),"10") -> 0 | AX41: =COUNTIFS(AllMusters26!$AU$15:$AU$108,"I",(AllMusters26!$F$15:$F$108),"11") -> 0 | AY41: =COUNTIFS(AllMusters26!$AU$15:$AU$108,"I",(AllMusters26!$F$15:$F$108),"12") -> 0 | AZ41: =(SUM($AN41:$AY41)) -> 0 | BA41: =(SUM(AZ41))/SUM($AZ$1) -> 0 | BB41: =SUM(J41,X41,AZ41) -> 17 | BC41: =(SUM(BB41))/SUM($BB$2) -> 0.18888889
A42: RFF Joel Robbins | AD42: 3 | AE42: 5 | AF42: 3 | AG42: 4 | AH42: 5 | AI42: 4 | AJ42: 4 | AK42: 3 | AL42: 31 | AM42: 0.93939394 | AN42: =COUNTIFS(AllMusters26!$AV$15:$AV$108,"I",(AllMusters26!$F$15:$F$108),"1") -> 3 | AO42: =COUNTIFS(AllMusters26!$AV$15:$AV$108,"I",(AllMusters26!$F$15:$F$108),"2") -> 3 | AP42: =COUNTIFS(AllMusters26!$AV$15:$AV$108,"I",(AllMusters26!$F$15:$F$108),"3") -> 2 | AQ42: =COUNTIFS(AllMusters26!$AV$15:$AV$108,"I",(AllMusters26!$F$15:$F$108),"4") -> 0 | AR42: =COUNTIFS(AllMusters26!$AV$15:$AV$108,"I",(AllMusters26!$F$15:$F$108),"5") -> 0 | AS42: =COUNTIFS(AllMusters26!$AV$15:$AV$108,"I",(AllMusters26!$F$15:$F$108),"6") -> 0 | AT42: =COUNTIFS(AllMusters26!$AV$15:$AV$108,"I",(AllMusters26!$F$15:$F$108),"7") -> 0 | AU42: =COUNTIFS(AllMusters26!$AV$15:$AV$108,"I",(AllMusters26!$F$15:$F$108),"8") -> 0 | AV42: =COUNTIFS(AllMusters26!$AV$15:$AV$108,"I",(AllMusters26!$F$15:$F$108),"9") -> 0 | AW42: =COUNTIFS(AllMusters26!$AV$15:$AV$108,"I",(AllMusters26!$F$15:$F$108),"10") -> 0 | AX42: =COUNTIFS(AllMusters26!$AV$15:$AV$108,"I",(AllMusters26!$F$15:$F$108),"11") -> 0 | AY42: =COUNTIFS(AllMusters26!$AV$15:$AV$108,"I",(AllMusters26!$F$15:$F$108),"12") -> 0 | AZ42: =(SUM($AN42:$AY42)) -> 8 | BA42: =(SUM(AZ42))/SUM($AZ$1) -> 0.8 | BB42: =SUM(AL42,AZ42) -> 39 | BC42: =(SUM(BB42))/SUM($AZ$1,AD1:AK1) -> 0.90697674
A43: RFF Tracey Brownlee | AH43: 3 | AI43: 4 | AJ43: 2 | AK43: 3 | AL43: 12 | AM43: 0.75 | AN43: =COUNTIFS(AllMusters26!$AW$15:$AW$108,"I",(AllMusters26!$F$15:$F$108),"1") -> 3 | AO43: =COUNTIFS(AllMusters26!$AW$15:$AW$108,"I",(AllMusters26!$F$15:$F$108),"2") -> 2 | AP43: =COUNTIFS(AllMusters26!$AW$15:$AW$108,"I",(AllMusters26!$F$15:$F$108),"3") -> 1 | AQ43: =COUNTIFS(AllMusters26!$AW$15:$AW$108,"I",(AllMusters26!$F$15:$F$108),"4") -> 0 | AR43: =COUNTIFS(AllMusters26!$AW$15:$AW$108,"I",(AllMusters26!$F$15:$F$108),"5") -> 0 | AS43: =COUNTIFS(AllMusters26!$AW$15:$AW$108,"I",(AllMusters26!$F$15:$F$108),"6") -> 0 | AT43: =COUNTIFS(AllMusters26!$AW$15:$AW$108,"I",(AllMusters26!$F$15:$F$108),"7") -> 0 | AU43: =COUNTIFS(AllMusters26!$AW$15:$AW$108,"I",(AllMusters26!$F$15:$F$108),"8") -> 0 | AV43: =COUNTIFS(AllMusters26!$AW$15:$AW$108,"I",(AllMusters26!$F$15:$F$108),"9") -> 0 | AW43: =COUNTIFS(AllMusters26!$AW$15:$AW$108,"I",(AllMusters26!$F$15:$F$108),"10") -> 0 | AX43: =COUNTIFS(AllMusters26!$AW$15:$AW$108,"I",(AllMusters26!$F$15:$F$108),"11") -> 0 | AY43: =COUNTIFS(AllMusters26!$AW$15:$AW$108,"I",(AllMusters26!$F$15:$F$108),"12") -> 0 | AZ43: =(SUM($AN43:$AY43)) -> 6 | BA43: =(SUM(AZ43))/SUM($AZ$1) -> 0.6 | BB43: =SUM(AL43,AZ43) -> 18 | BC43: =(SUM(BB43))/SUM($AZ$1,AH1:AK1) -> 0.69230769
A44: RFF Sacha Hoole | AH44: 3 | AI44: 2 | AJ44: 4 | AK44: 3 | AL44: 12 | AM44: 0.75 | AN44: =COUNTIFS(AllMusters26!$AX$15:$AX$108,"I",(AllMusters26!$F$15:$F$108),"1") -> 2 | AO44: =COUNTIFS(AllMusters26!$AX$15:$AX$108,"I",(AllMusters26!$F$15:$F$108),"2") -> 4 | AP44: =COUNTIFS(AllMusters26!$AX$15:$AX$108,"I",(AllMusters26!$F$15:$F$108),"3") -> 1 | AQ44: =COUNTIFS(AllMusters26!$AX$15:$AX$108,"I",(AllMusters26!$F$15:$F$108),"4") -> 0 | AR44: =COUNTIFS(AllMusters26!$AX$15:$AX$108,"I",(AllMusters26!$F$15:$F$108),"5") -> 0 | AS44: =COUNTIFS(AllMusters26!$AX$15:$AX$108,"I",(AllMusters26!$F$15:$F$108),"6") -> 0 | AT44: =COUNTIFS(AllMusters26!$AX$15:$AX$108,"I",(AllMusters26!$F$15:$F$108),"7") -> 0 | AU44: =COUNTIFS(AllMusters26!$AX$15:$AX$108,"I",(AllMusters26!$F$15:$F$108),"8") -> 0 | AV44: =COUNTIFS(AllMusters26!$AX$15:$AX$108,"I",(AllMusters26!$F$15:$F$108),"9") -> 0 | AW44: =COUNTIFS(AllMusters26!$AX$15:$AX$108,"I",(AllMusters26!$F$15:$F$108),"10") -> 0 | AX44: =COUNTIFS(AllMusters26!$AX$15:$AX$108,"I",(AllMusters26!$F$15:$F$108),"11") -> 0 | AY44: =COUNTIFS(AllMusters26!$AX$15:$AX$108,"I",(AllMusters26!$F$15:$F$108),"12") -> 0 | AZ44: =(SUM($AN44:$AY44)) -> 7 | BA44: =(SUM(AZ44))/SUM($AZ$1) -> 0.7 | BB44: =SUM(AL44,AZ44) -> 19 | BC44: =(SUM(BB44))/SUM($AZ$1,AG1:AK1) -> 0.63333333
A45: RFF Callum Reid | AJ45: 2 | AK45: 3 | AL45: 5 | AM45: 0.3125 | AN45: =COUNTIFS(AllMusters26!$AY$15:$AY$108,"I",(AllMusters26!$F$15:$F$108),"1") -> 3 | AO45: =COUNTIFS(AllMusters26!$AY$15:$AY$108,"I",(AllMusters26!$F$15:$F$108),"2") -> 4 | AP45: =COUNTIFS(AllMusters26!$AY$15:$AY$108,"I",(AllMusters26!$F$15:$F$108),"3") -> 2 | AQ45: =COUNTIFS(AllMusters26!$AY$15:$AY$108,"I",(AllMusters26!$F$15:$F$108),"4") -> 0 | AR45: =COUNTIFS(AllMusters26!$AY$15:$AY$108,"I",(AllMusters26!$F$15:$F$108),"5") -> 0 | AS45: =COUNTIFS(AllMusters26!$AY$15:$AY$108,"I",(AllMusters26!$F$15:$F$108),"6") -> 0 | AT45: =COUNTIFS(AllMusters26!$AY$15:$AY$108,"I",(AllMusters26!$F$15:$F$108),"7") -> 0 | AU45: =COUNTIFS(AllMusters26!$AY$15:$AY$108,"I",(AllMusters26!$F$15:$F$108),"8") -> 0 | AV45: =COUNTIFS(AllMusters26!$AY$15:$AY$108,"I",(AllMusters26!$F$15:$F$108),"9") -> 0 | AW45: =COUNTIFS(AllMusters26!$AY$15:$AY$108,"I",(AllMusters26!$F$15:$F$108),"10") -> 0 | AX45: =COUNTIFS(AllMusters26!$AY$15:$AY$108,"I",(AllMusters26!$F$15:$F$108),"11") -> 0 | AY45: =COUNTIFS(AllMusters26!$AY$15:$AY$108,"I",(AllMusters26!$F$15:$F$108),"12") -> 0 | AZ45: =(SUM($AN45:$AY45)) -> 9 | BA45: =(SUM(AZ45))/SUM($AZ$1) -> 0.9 | BB45: =SUM(AL45,AZ45) -> 14 | BC45: =(SUM(BB45))/SUM($AZ$1,AJ1:AK1) -> 0.82352941
A46: RFF Jack Piggott Newton | B46: 2 | C46: 2 | D46: 3 | E46: 3 | F46: 1 | G46: 4 | H46: 3 | I46: 2 | J46: 20 | K46: 0.67 | L46: 1 | M46: 2 | N46: 2 | O46: 1 | P46: 2 | Q46: 2 | R46: 1 | S46: 0 | X46: 11 | Y46: 0.47 | AJ46: 2 | AK46: 3 | AL46: 5 | AM46: 0.10204082 | AN46: =COUNTIFS(AllMusters26!$AZ$15:$AZ$108,"I",(AllMusters26!$F$15:$F$108),"1") -> 2 | AO46: =COUNTIFS(AllMusters26!$AZ$15:$AZ$108,"I",(AllMusters26!$F$15:$F$108),"2") -> 3 | AP46: =COUNTIFS(AllMusters26!$AZ$15:$AZ$108,"I",(AllMusters26!$F$15:$F$108),"3") -> 2 | AQ46: =COUNTIFS(AllMusters26!$AZ$15:$AZ$108,"I",(AllMusters26!$F$15:$F$108),"4") -> 0 | AR46: =COUNTIFS(AllMusters26!$AZ$15:$AZ$108,"I",(AllMusters26!$F$15:$F$108),"5") -> 0 | AS46: =COUNTIFS(AllMusters26!$AZ$15:$AZ$108,"I",(AllMusters26!$F$15:$F$108),"6") -> 0 | AT46: =COUNTIFS(AllMusters26!$AZ$15:$AZ$108,"I",(AllMusters26!$F$15:$F$108),"7") -> 0 | AU46: =COUNTIFS(AllMusters26!$AZ$15:$AZ$108,"I",(AllMusters26!$F$15:$F$108),"8") -> 0 | AV46: =COUNTIFS(AllMusters26!$AZ$15:$AZ$108,"I",(AllMusters26!$F$15:$F$108),"9") -> 0 | AW46: =COUNTIFS(AllMusters26!$AZ$15:$AZ$108,"I",(AllMusters26!$F$15:$F$108),"10") -> 0 | AX46: =COUNTIFS(AllMusters26!$AZ$15:$AZ$108,"I",(AllMusters26!$F$15:$F$108),"11") -> 0 | AY46: =COUNTIFS(AllMusters26!$AZ$15:$AZ$108,"I",(AllMusters26!$F$15:$F$108),"12") -> 0 | AZ46: =(SUM($AN46:$AY46)) -> 7 | BA46: =(SUM(AZ46))/SUM($AZ$1) -> 0.7 | BB46: =SUM(AL46,AZ46) -> 12 | BC46: =(SUM(BB46))/SUM($AZ$1,AJ1:AK1) -> 0.70588235
A47: RFF Caleb Wanhill | AP47: =COUNTIFS(AllMusters26!$BA$15:$BA$108,"I",(AllMusters26!$F$15:$F$108),"3") -> 0 | AQ47: =COUNTIFS(AllMusters26!$BA$15:$BA$108,"I",(AllMusters26!$F$15:$F$108),"4") -> 0 | AR47: =COUNTIFS(AllMusters26!$BA$15:$BA$108,"I",(AllMusters26!$F$15:$F$108),"5") -> 0 | AS47: =COUNTIFS(AllMusters26!$BA$15:$BA$108,"I",(AllMusters26!$F$15:$F$108),"6") -> 0 | AT47: =COUNTIFS(AllMusters26!$BA$15:$BA$108,"I",(AllMusters26!$F$15:$F$108),"7") -> 0 | AU47: =COUNTIFS(AllMusters26!$BA$15:$BA$108,"I",(AllMusters26!$F$15:$F$108),"8") -> 0 | AV47: =COUNTIFS(AllMusters26!$BA$15:$BA$108,"I",(AllMusters26!$F$15:$F$108),"9") -> 0 | AW47: =COUNTIFS(AllMusters26!$BA$15:$BA$108,"I",(AllMusters26!$F$15:$F$108),"10") -> 0 | AX47: =COUNTIFS(AllMusters26!$BA$15:$BA$108,"I",(AllMusters26!$F$15:$F$108),"11") -> 0 | AY47: =COUNTIFS(AllMusters26!$BA$15:$BA$108,"I",(AllMusters26!$F$15:$F$108),"12") -> 0 | AZ47: =(SUM($AP47:$AY47)) -> 0 | BA47: =(SUM(AZ47))/SUM($AZ$1) -> 0 | BB47: =SUM(AL47,AZ47) -> 0 | BC47: =(SUM(BB47))/SUM($AZ$1,AJ3:AK3) -> 0

Sheet AllCalls26
A1: Call Number | B1: Completion time | C1: Time | D1: Date2 | E1: Date | F1: Next Call Number | G1: AI Response ID | H1: Event Number2 | I1: Event Number | J1: Month | K1: MonthNo | L1: Row Number | M1: Event Type | N1: Incident Info2 | O1: Incident Info | P1: CPN | Q1: Number of Trucks | R1: Appliances | S1: Address2 | T1: Address | U1: Cross Streets | V1: Result | W1: OIC | X1: CFO John Robinson | Y1: DCFO Bharat Ravji | Z1: SSO Darcy Hart | AA1: SSO Vaughan Wood | AB1: SO Richard Jellyman | AC1: SO Richard Irving | AD1: SO Jon White | AE1: SO William O'Connell | AF1: SFF Brent Reynolds | AG1: SFF Joseph O'Neill-Gregory | AH1: SFF Grant Robertson | AI1: SFF William O'Connell | AJ1: SFF Robert Mayo | AK1: SFF Brody Jellyman | AL1: SFF Darryn Pritchard | AM1: QFF Symon Maxwell | AN1: QFF Ian Chapman | AO1: QFF Melanie Yates | AP1: QFF Maree Primrose | AQ1: QFF Russell Clarke | AR1: QFF Andrew Bond | AS1: QFF Alan Binnie | AT1: QFF Josh Pennefather | AU1: QFF Ben Killgour | AV1: QFF Dallas Steele | AW1: QFF Nick Grayson | AX1: QFF Jason Court | AY1: QFF Crystal McConchie | AZ1: QFF Hendri de Bruin | BA1: FF Jimmy Doyle | BB1: FF Dimmy Bell-Kainiu | BC1: FF Mitch Court | BD1: FF Jamie O'Hare | BE1: FF Kaitlyn Evans | BF1: FF Jaime Moore | BG1: FF Torrens Butcher | BH1: FF Matt Humber | BI1: RFF Leone Humber | BJ1: RFF Joel Robbins | BK1: RFF Tracey Brownlee | BL1: RFF Sacha Hoole | BM1: RFF Callum Reid | BN1: RFF Jack Piggott-Newton | BO1: RFF Caleb Wanhill | BP1: Number of Responders | BQ1: Number of Drivers | BR1: Number of Officers | BS1: Number of FF | BT1: Submitted By | BU1: Notes
A2: Current Call Count: | C2: =MAX($A15:$A1134) -> 133 | F2: =(C2+1) -> 134 | J2: =TODAY() -> 46095 | O2: Current Month | P2: Next Row | R2: =MAX($L15:$L1134)+1 -> 148 | V2: OFFICER, DRIVER, RECRUIT | W2: =$T3 & ", " & T4+ T5 & ", " & T6 -> 8, 11, 0 | X2: OF | Y2: OF | Z2: OF | AA2: OF | AB2: OF | AC2: OF | AD2: OF | AE2: OF | AF2: DR* | AG2: DR | AH2: DR* | AI2: DR* | AJ2: DR | AK2: DR | AL2: DR* | AN2: DR | AO2: DR | AS2: DR | AT2: DR | BI2: RC | BJ2: RC | BK2: RC | BL2: RC | BP2: =COUNTIF($X2:$BH2, "I") -> 0 | BQ2: =COUNTIFS($X2:$BH2, "I",$X$2:$BH$2, "DR" ) -> 0 | BR2: =COUNTIFS($X2:$BH2, "I",$X$5:$BH$5, "OF" ) -> 0 | BS2: =COUNTIFS($X2:$BH2, "I",$X$5:$BH$5, "FF" ) -> 0
C3: Jan | D3: =COUNTIF($K$15:$K$1250, "1") -> 60 | R3: =MAX($L16:$L1135)+1 -> 148 | T3: =COUNTIF($X$2:$BH$2, "OF") -> 8 | V3: Chainsaw Op | W3: =COUNTIF($X$3:$BH$3, "C") -> 21 | X3: C | Y3: C | AC3: C | AD3: C | AE3: C | AF3: C | AG3: C | AH3: C | AI3: C | AJ3: C | AK3: C | AL3: C | AM3: C | AN3: C | AO3: C | AP3: C | AQ3: C | AR3: C | AS3: C | AT3: C | BA3: C | BP3: =COUNTIF($X3:$BH3, "I") -> 0 | BQ3: =COUNTIFS($X3:$BH3, "I",$X$2:$BH$2, "DR" ) -> 0 | BR3: =COUNTIFS($X3:$BH3, "I",$X$5:$BH$5, "OF" ) -> 0 | BS3: =COUNTIFS($X3:$BH3, "I",$X$5:$BH$5, "FF" ) -> 0 | BT3: Less than 2 OF | BU3: =COUNTIF(BR:BR, 1)+COUNTIF(BR:BR, 0) -> 20
C4: Feb | D4: =COUNTIF($K$15:$K$1250, "2") -> 44 | R4: =MAX($L17:$L1136)+1 -> 148 | V4: BA Filler | W4: =COUNTIF($X$4:$BH$4, "BA") -> 7 | Y4: BA | AD4: BA | AE4: BA | AH4: BA | AI4: BA | AL4: BA | AN4: BA | BP4: =COUNTIF($X4:$BH4, "I") -> 0 | BQ4: =COUNTIFS($X4:$BH4, "I",$X$2:$BH$2, "DR" ) -> 0 | BR4: =COUNTIFS($X4:$BH4, "I",$X$5:$BH$5, "OF" ) -> 0 | BS4: =COUNTIFS($X4:$BH4, "I",$X$5:$BH$5, "FF" ) -> 0 | BT4: Less than 2 DR | BU4: =COUNTIF(BQ:BQ,1)+COUNTIF(BQ:BQ,0) -> 55
C5: Mar | D5: =COUNTIF($K$15:$K$1250, "3") -> 29 | R5: =MAX($L18:$L1137)+1 -> 148 | T5: =COUNTIF($X$2:$BH$2, "DR*") -> 11 | X5: OF | Y5: OF | Z5: OF | AA5: OF | AB5: OF | AC5: OF | AD5: OF | AE5: OF | AF5: FF | AG5: FF | AH5: FF | AI5: FF | AJ5: FF | AK5: FF | AL5: FF | AM5: FF | AN5: FF | AO5: FF | AP5: FF | AQ5: FF | AR5: FF | AS5: FF | AT5: FF | AU5: FF | AV5: FF | AW5: FF | AX5: FF | AY5: FF | BA5: FF | BB5: FF | BC5: FF | BD5: FF | BE5: FF | BP5: =COUNTIF($X5:$BH5, "I") -> 0 | BQ5: =COUNTIFS($X5:$BH5, "I",$X$2:$BH$2, "DR" ) -> 0 | BR5: =COUNTIFS($X5:$BH5, "I",$X$5:$BH$5, "OF" ) -> 0 | BS5: =COUNTIFS($X5:$BH5, "I",$X$5:$BH$5, "FF" ) -> 0 | BT5: Less Than 6 FF | BU5: =COUNTIF(BP:BP,1)+COUNTIF(BP:BP,0)+COUNTIF(BP:BP,2)+COUNTIF(BP:BP,3)+COUNTIF(BP:BP,4)+COUNTIF(BP:BP,5) -> 16
C6: Apr | D6: =COUNTIF($K$15:$K$1250, "4") -> 0 | R6: =MAX($L19:$L1138)+1 -> 148 | T6: =COUNTIF($X$2:$BH$2, "RC") -> 0 | BP6: =COUNTIF($X6:$BH6, "I") -> 0 | BQ6: =COUNTIFS($X6:$BH6, "I",$X$2:$BH$2, "DR" ) -> 0 | BR6: =COUNTIFS($X6:$BH6, "I",$X$5:$BH$5, "OF" ) -> 0 | BS6: =COUNTIFS($X6:$BH6, "I",$X$5:$BH$5, "FF" ) -> 0 | BT6: Less than 8 Total | BU6: =COUNTIF(BP:BP,1)+COUNTIF(BP:BP,0)+COUNTIF(BP:BP,2)+COUNTIF(BP:BP,3)+COUNTIF(BP:BP,4)+COUNTIF(BP:BP,5)+COUNTIF(BP:BP,6)+COUNTIF(BP:BP,7) -> 29
C7: May | D7: =COUNTIF($K$15:$K$1250, "5") -> 0 | R7: =MAX($L20:$L1139)+1 -> 148 | BP7: =COUNTIF($X7:$BH7, "I") -> 0 | BQ7: =COUNTIFS($X7:$BH7, "I",$X$2:$BH$2, "DR" ) -> 0 | BR7: =COUNTIFS($X7:$BH7, "I",$X$5:$BH$5, "OF" ) -> 0 | BS7: =COUNTIFS($X7:$BH7, "I",$X$5:$BH$5, "FF" ) -> 0 | BT7: 2 P Calls | BU7: =COUNTIF(Q:Q,2)+COUNTIF(Q:Q,3) -> 0
C8: June | D8: =COUNTIF($K$15:$K$1250, "6") -> 0 | R8: =MAX($L21:$L1140)+1 -> 148 | BP8: =COUNTIF($X8:$BH8, "I") -> 0 | BQ8: =COUNTIFS($X8:$BH8, "I",$X$2:$BH$2, "DR" ) -> 0 | BR8: =COUNTIFS($X8:$BH8, "I",$X$5:$BH$5, "OF" ) -> 0 | BS8: =COUNTIFS($X8:$BH8, "I",$X$5:$BH$5, "FF" ) -> 0
C9: July | D9: =COUNTIF($K$15:$K$1250, "7") -> 0 | R9: =MAX($L22:$L1141)+1 -> 148 | BP9: =COUNTIF($X9:$BH9, "I") -> 0 | BQ9: =COUNTIFS($X9:$BH9, "I",$X$2:$BH$2, "DR" ) -> 0 | BR9: =COUNTIFS($X9:$BH9, "I",$X$5:$BH$5, "OF" ) -> 0 | BS9: =COUNTIFS($X9:$BH9, "I",$X$5:$BH$5, "FF" ) -> 0 | BT9: Less than 1 OF | BU9: =COUNTIF(BR:BR, 0) -> 13
C10: Aug | D10: =COUNTIF($K$15:$K$1250, "8") -> 0 | R10: =MAX($L23:$L1142)+1 -> 148 | BP10: =COUNTIF($X10:$BH10, "I") -> 0 | BQ10: =COUNTIFS($X10:$BH10, "I",$X$2:$BH$2, "DR" ) -> 0 | BR10: =COUNTIFS($X10:$BH10, "I",$X$5:$BH$5, "OF" ) -> 0 | BS10: =COUNTIFS($X10:$BH10, "I",$X$5:$BH$5, "FF" ) -> 0 | BT10: Less than 1 DR | BU10: =COUNTIF(BQ:BQ,0) -> 24
C11: Sep | D11: =COUNTIF($K$15:$K$1250, "9") -> 0 | R11: =MAX($L24:$L1143)+1 -> 148 | W11: Calls attended | X11: =COUNTIF(X$15:X$432, "I") -> 62 | Y11: =COUNTIF(Y$15:Y$432, "I") -> 71 | Z11: =COUNTIF(Z$15:Z$432, "I") -> 29 | AA11: =COUNTIF(AA$15:AA$432, "I") -> 97 | AB11: =COUNTIF(AB$15:AB$432, "I") -> 50 | AC11: =COUNTIF(AC$15:AC$432, "I") -> 34 | AD11: =COUNTIF(AD$15:AD$432, "I") -> 50 | AE11: =COUNTIF(AE$15:AE$432, "I") -> 43 | ... AY11: =COUNTIF(AY$15:AY$432, "I") -> 39 | BA11: =COUNTIF(BA$15:BA$432, "I") -> 36 | BB11: =COUNTIF(BB$15:BB$432, "I") -> 35 | BC11: =COUNTIF(BC$15:BC$432, "I") -> 25 | BD11: =COUNTIF(BD$15:BD$432, "I") -> 14 | BE11: =COUNTIF(BE$15:BE$432, "I") -> 9 | BF11: =COUNTIF(BF$15:BF$432, "I") -> 25 | BG11: =COUNTIF(BG$15:BG$432, "I") -> 57 | BH11: =COUNTIF(BH$15:BH$432, "I") -> 66 | ... BL11: =COUNTIF(BL$15:BL$432, "I") -> 36 | BP11: =COUNTIF($X11:$BH11, "I") -> 0 | BQ11: =COUNTIFS($X11:$BH11, "I",$X$2:$BH$2, "DR" ) -> 0 | BR11: =COUNTIFS($X11:$BH11, "I",$X$5:$BH$5, "OF" ) -> 0 | BS11: =COUNTIFS($X11:$BH11, "I",$X$5:$BH$5, "FF" ) -> 0 | BT11: Less Than 3 FF | BU11: =COUNTIF(BP:BP,1)+COUNTIF(BP:BP,0)+COUNTIF(BP:BP,2) -> 13
C12: Oct | D12: =COUNTIF($K$15:$K$1250, "10") -> 0 | R12: =MAX($L25:$L1144)+1 -> 148 | W12: % To Date | X12: =(X11/$C$2) -> 0.46616541 | Y12: =(Y11/$C$2) -> 0.53383459 | Z12: =(Z11/$C$2) -> 0.21804511 | AA12: =(AA11/$C$2) -> 0.72932331 | AB12: =(AB11/$C$2) -> 0.37593985 | AC12: =(AC11/$C$2) -> 0.2556391 | AD12: =(AD11/$C$2) -> 0.37593985 | AE12: =(AE11/$C$2) -> 0.32330827 | ... AY12: =(AY11/$C$2) -> 0.29323308 | BA12: =(BA11/$C$2) -> 0.27067669 | BB12: =(BB11/$C$2) -> 0.26315789 | BC12: =(BC11/$C$2) -> 0.18796992 | BD12: =(BD11/$C$2) -> 0.10526316 | BE12: =(BE11/$C$2) -> 0.067669173 | BF12: =(BF11/$C$2) -> 0.18796992 | BG12: =(BG11/$C$2) -> 0.42857143 | BH12: =(BH11/$C$2) -> 0.4962406 | ... BL12: =(BL11/$C$2) -> 0.27067669 | BP12: =COUNTIF($X12:$BH12, "I") -> 0 | BQ12: =COUNTIFS($X12:$BH12, "I",$X$2:$BH$2, "DR" ) -> 0 | BR12: =COUNTIFS($X12:$BH12, "I",$X$5:$BH$5, "OF" ) -> 0 | BS12: =COUNTIFS($X12:$BH12, "I",$X$5:$BH$5, "FF" ) -> 0 | BT12: Less than 4 Total | BU12: =COUNTIF(BP:BP,1)+COUNTIF(BP:BP,0)+COUNTIF(BP:BP,2)+COUNTIF(BP:BP,3) -> 13
C13: Nov | D13: =COUNTIF($K$15:$K$1250, "11") -> 0 | R13: =MAX($L26:$L1145)+1 -> 148 | BP13: =COUNTIF($X13:$BH13, "I") -> 0 | BQ13: =COUNTIFS($X13:$BH13, "I",$X$2:$BH$2, "DR" ) -> 0 | BR13: =COUNTIFS($X13:$BH13, "I",$X$5:$BH$5, "OF" ) -> 0 | BS13: =COUNTIFS($X13:$BH13, "I",$X$5:$BH$5, "FF" ) -> 0 | BT13: 1 P Calls | BU13: =COUNTIF(Q:Q,1) -> 0
C14: Dec | D14: =COUNTIF($K$15:$K$1250, "12") -> 0 | R14: =MAX($L27:$L1146)+1 -> 148 | BP14: =COUNTIF($X14:$BH14, "I") -> 0 | BQ14: =COUNTIFS($X14:$BH14, "I",$X$2:$BH$2, "DR" ) -> 0 | BR14: =COUNTIFS($X14:$BH14, "I",$X$5:$BH$5, "OF" ) -> 0 | BS14: =COUNTIFS($X14:$BH14, "I",$X$5:$BH$5, "FF" ) -> 0 | BU14: Needs Editing.
A15: 1 | B15: 46023.052 | E15: 46023 | F15: 1211 | I15: F4370351 | J15: 46023 | K15: =MONTH($J15) -> 1 | L15: 15 | O15: PFA/Alarm Activation | R15: =MAX($L28:$L1147)+1 -> 148 | T15: Fresh and Save Pukekohe 243-245 Manukau RD | X15: I | AA15: I | AD15: I | AH15: I | AN15: I | AO15: I | AP15: I | BB15: I | BH15: I | BJ15: I | BP15: =COUNTIF($X15:$BH15, "I") -> 9 | BQ15: =COUNTIFS($X15:$BH15, "I",$X$2:$BH$2, "DR" ) -> 2 | BR15: =COUNTIFS($X15:$BH15, "I",$X$5:$BH$5, "OF" ) -> 3 | BS15: =COUNTIFS($X15:$BH15, "I",$X$5:$BH$5, "FF" ) -> 5 | BT15: Robbins
A16: 2 | B16: 46023.357 | E16: 46023 | F16: 1212 | I16: F4370508 | J16: 46023 | K16: =MONTH($J16) -> 1 | L16: 16 | O16: MVC | R16: =MAX($L29:$L1148)+1 -> 148 | T16: Waiuku RD/Eastern Drain RD | X16: I | AA16: I | AD16: I | AE16: I | AI16: I | AP16: I | AT16: I | AV16: I | AW16: I | BB16: I | BJ16: I | BP16: =COUNTIF($X16:$BH16, "I") -> 10 | BQ16: =COUNTIFS($X16:$BH16, "I",$X$2:$BH$2, "DR" ) -> 1 | BR16: =COUNTIFS($X16:$BH16, "I",$X$5:$BH$5, "OF" ) -> 4 | BS16: =COUNTIFS($X16:$BH16, "I",$X$5:$BH$5, "FF" ) -> 6 | BT16: Bell-Kainiu
A17: 3 | B17: 46023.923 | E17: 46024 | F17: 1213 | I17: F4370687 | J17: 46024 | K17: =MONTH($J17) -> 1 | L17: 17 | O17: Medical | R17: =MAX($L30:$L1149)+1 -> 148 | T17: Pukekohe Hospital | Y17: I | AA17: I | AH17: I | AQ17: I | AV17: I | BG17: I | BH17: I | BJ17: I | BP17: =COUNTIF($X17:$BH17, "I") -> 7 | BQ17: =COUNTIFS($X17:$BH17, "I",$X$2:$BH$2, "DR" ) -> 0 | BR17: =COUNTIFS($X17:$BH17, "I",$X$5:$BH$5, "OF" ) -> 2 | BS17: =COUNTIFS($X17:$BH17, "I",$X$5:$BH$5, "FF" ) -> 3 | BT17: Grant
A18: 4 | B18: 46024.234 | E18: 46024 | F18: 1214 | I18: F4370895 | J18: 46024 | K18: =MONTH($J18) -> 1 | L18: 18 | O18: PFA/Alarm Activation | R18: =MAX($L31:$L1150)+1 -> 148 | T18: Drury school | X18: I | Y18: I | AA18: I | AP18: I | AS18: I | AT18: I | AV18: I | BA18: I | BG18: I | BJ18: I | BL18: I | BP18: =COUNTIF($X18:$BH18, "I") -> 9 | BQ18: =COUNTIFS($X18:$BH18, "I",$X$2:$BH$2, "DR" ) -> 2 | BR18: =COUNTIFS($X18:$BH18, "I",$X$5:$BH$5, "OF" ) -> 3 | BS18: =COUNTIFS($X18:$BH18, "I",$X$5:$BH$5, "FF" ) -> 5 | BT18: Josh
A19: 5 | B19: 46025.414 | E19: 46024 | F19: 1215 | I19: F4371664 | J19: 46025 | K19: =MONTH($J19) -> 1 | L19: 19 | O19: Structure Fire | R19: =MAX($L32:$L1151)+1 -> 148 | T19: 114b Princes St | X19: I | Y19: I | AA19: I | AB19: I | AD19: I | AE19: I | AG19: I | AI19: I | AS19: I | AT19: I | AW19: I | BG19: I | BJ19: I | BP19: =COUNTIF($X19:$BH19, "I") -> 12 | BQ19: =COUNTIFS($X19:$BH19, "I",$X$2:$BH$2, "DR" ) -> 3 | BR19: =COUNTIFS($X19:$BH19, "I",$X$5:$BH$5, "OF" ) -> 6 | BS19: =COUNTIFS($X19:$BH19, "I",$X$5:$BH$5, "FF" ) -> 5 | BT19: Wood
A20: 6 | B20: 46026.828 | E20: 46027 | F20: 1216 | I20: F4372291 | J20: 46027 | K20: =MONTH($J20) -> 1 | L20: 20 | O20: PFA/Alarm Activation | R20: =MAX($L33:$L1152)+1 -> 148 | T20: Bed Bath and Beyond Pukekohe. 132 Manukau RD | AA20: I | AB20: I | AH20: I | AK20: I | AP20: I | AU20: I | BC20: I | BG20: I | BJ20: I | BP20: =COUNTIF($X20:$BH20, "I") -> 8 | BQ20: =COUNTIFS($X20:$BH20, "I",$X$2:$BH$2, "DR" ) -> 1 | BR20: =COUNTIFS($X20:$BH20, "I",$X$5:$BH$5, "OF" ) -> 2 | BS20: =COUNTIFS($X20:$BH20, "I",$X$5:$BH$5, "FF" ) -> 5 | BT20: Robbins
A21: 7 | B21: 46026.882 | E21: 46027 | F21: 1217 | I21: F4372334 | J21: 46027 | K21: =MONTH($J21) -> 1 | L21: 21 | O21: PFA/Alarm Activation | R21: =MAX($L34:$L1153)+1 -> 148 | T21: Pukekohe High School, 14 Harris St | AA21: I | AB21: I | AH21: I | AK21: I | AP21: I | BG21: I | BJ21: I | BK21: I | BP21: =COUNTIF($X21:$BH21, "I") -> 6 | BQ21: =COUNTIFS($X21:$BH21, "I",$X$2:$BH$2, "DR" ) -> 1 | BR21: =COUNTIFS($X21:$BH21, "I",$X$5:$BH$5, "OF" ) -> 2 | BS21: =COUNTIFS($X21:$BH21, "I",$X$5:$BH$5, "FF" ) -> 3 | BT21: Wood
A22: 8 | B22: 46027.847 | E22: 46028 | F22: 1218 | I22: F4372820 | J22: 46028 | K22: =MONTH($J22) -> 1 | L22: 22 | O22: Fire in Vicinity | R22: =MAX($L35:$L1154)+1 -> 148 | T22: Anselmi Ridge Rd / Valley Rd | AA22: I | AU22: I | AW22: I | AY22: I | BC22: I | BD22: I | BG22: I | BH22: I | BJ22: I | BP22: =COUNTIF($X22:$BH22, "I") -> 8 | BQ22: =COUNTIFS($X22:$BH22, "I",$X$2:$BH$2, "DR" ) -> 0 | BR22: =COUNTIFS($X22:$BH22, "I",$X$5:$BH$5, "OF" ) -> 1 | BS22: =COUNTIFS($X22:$BH22, "I",$X$5:$BH$5, "FF" ) -> 5 | BT22: Crystal
A23: 9 | B23: 46028.358 | E23: 46028 | F23: 1219 | I23: F4373222 | J23: 46028 | K23: =MONTH($J23) -> 1 | L23: 23 | O23: PFA/Alarm Activation | R23: =MAX($L36:$L1155)+1 -> 148 | T23: Pukekohe Town Hall | X23: I | AA23: I | AD23: I | AE23: I | AI23: I | AO23: I | AU23: I | AW23: I | AY23: I | BA23: I | BC23: I | BG23: I | BJ23: I | BP23: =COUNTIF($X23:$BH23, "I") -> 12 | BQ23: =COUNTIFS($X23:$BH23, "I",$X$2:$BH$2, "DR" ) -> 1 | BR23: =COUNTIFS($X23:$BH23, "I",$X$5:$BH$5, "OF" ) -> 4 | BS23: =COUNTIFS($X23:$BH23, "I",$X$5:$BH$5, "FF" ) -> 7 | BT23: Robbins
A24: 10 | B24: 46028.929 | E24: 46029 | F24: 1220 | I24: F4373454 | J24: 46029 | K24: =MONTH($J24) -> 1 | L24: 24 | O24: PFA/Alarm Activation | R24: =MAX($L37:$L1156)+1 -> 148 | T24: 704 Harrisville Rd, Pukekohe East | AA24: I | AB24: I | AH24: I | AY24: I | BA24: I | BC24: I | BG24: I | BH24: I | BJ24: I | BP24: =COUNTIF($X24:$BH24, "I") -> 8 | BQ24: =COUNTIFS($X24:$BH24, "I",$X$2:$BH$2, "DR" ) -> 0 | BR24: =COUNTIFS($X24:$BH24, "I",$X$5:$BH$5, "OF" ) -> 2 | BS24: =COUNTIFS($X24:$BH24, "I",$X$5:$BH$5, "FF" ) -> 4 | BT24: Wood
A25: 11 | B25: 46029.139 | E25: 46028 | F25: 1221 | I25: F4373630 | J25: 46029 | K25: =MONTH($J25) -> 1 | L25: 25 | O25: Vegetation Fire | R25: =MAX($L38:$L1157)+1 -> 148 | T25: Runciman road Pukekohe east | X25: I | Y25: I | AA25: I | AB25: I | AD25: I | AH25: I | AJ25: I | AQ25: I | AV25: I | BC25: I | BE25: I | BK25: I | BP25: =COUNTIF($X25:$BH25, "I") -> 11 | BQ25: =COUNTIFS($X25:$BH25, "I",$X$2:$BH$2, "DR" ) -> 1 | BR25: =COUNTIFS($X25:$BH25, "I",$X$5:$BH$5, "OF" ) -> 5 | BS25: =COUNTIFS($X25:$BH25, "I",$X$5:$BH$5, "FF" ) -> 6 | BT25: Vaughan
A26: 12 | B26: 46029.757 | E26: 46028 | F26: 1222 | I26: F4373886 | J26: 46030 | K26: =MONTH($J26) -> 1 | L26: 26 | O26: PFA/Alarm Activation | R26: =MAX($L39:$L1158)+1 -> 148 | T26: 309 Karaka | Y26: I | AA26: I | AB26: I | AD26: I | AH26: I | AP26: I | AS26: I | BA26: I | BC26: I | BP26: =COUNTIF($X26:$BH26, "I") -> 9 | BQ26: =COUNTIFS($X26:$BH26, "I",$X$2:$BH$2, "DR" ) -> 1 | BR26: =COUNTIFS($X26:$BH26, "I",$X$5:$BH$5, "OF" ) -> 4 | BS26: =COUNTIFS($X26:$BH26, "I",$X$5:$BH$5, "FF" ) -> 5 | BT26: Wood
A27: 13 | B27: 46030.064 | E27: 46028 | F27: 1223 | I27: F4374112 | J27: 46030 | K27: =MONTH($J27) -> 1 | L27: 27 | O27: Structure Fire | R27: =MAX($L40:$L1159)+1 -> 148 | T27: 66 Aka Aka road, Puni | Y27: I | AA27: I | AD27: I | AE27: I | AH27: I | AI27: I | AP27: I | AQ27: I | AV27: I | BA27: I | BB27: I | BC27: I | BE27: I | BK27: I | BP27: =COUNTIF($X27:$BH27, "I") -> 13 | BQ27: =COUNTIFS($X27:$BH27, "I",$X$2:$BH$2, "DR" ) -> 0 | BR27: =COUNTIFS($X27:$BH27, "I",$X$5:$BH$5, "OF" ) -> 4 | BS27: =COUNTIFS($X27:$BH27, "I",$X$5:$BH$5, "FF" ) -> 9 | BT27: Evans
A28: 14 | B28: 46030.545 | E28: 46031 | F28: 1224 | I28: F4374423 | J28: 46031 | K28: =MONTH($J28) -> 1 | L28: 28 | O28: PFA/Alarm Activation | R28: =MAX($L41:$L1160)+1 -> 148 | T28: Seddon Street Pukekohe | X28: I | Y28: I | AD28: I | AH28: I | AP28: I | AQ28: I | AS28: I | BC28: I | BH28: I | BJ28: I | BK28: I | BL28: I | BP28: =COUNTIF($X28:$BH28, "I") -> 9 | BQ28: =COUNTIFS($X28:$BH28, "I",$X$2:$BH$2, "DR" ) -> 1 | BR28: =COUNTIFS($X28:$BH28, "I",$X$5:$BH$5, "OF" ) -> 3 | BS28: =COUNTIFS($X28:$BH28, "I",$X$5:$BH$5, "FF" ) -> 5 | BT28: Hoole
A29: 15 | B29: 46030.58 | E29: 46031 | F29: 1225 | I29: 4374428 | J29: 46031 | K29: =MONTH($J29) -> 1 | L29: 29 | O29: PFA/Alarm Activation | R29: =MAX($L42:$L1161)+1 -> 148 | T29: New Image Group Paerata, 25 Crown RD | X29: I | AD29: I | AH29: I | AP29: I | AQ29: I | AS29: I | BC29: I | BH29: I | BJ29: I | BK29: I | BL29: I | BP29: =COUNTIF($X29:$BH29, "I") -> 8 | BQ29: =COUNTIFS($X29:$BH29, "I",$X$2:$BH$2, "DR" ) -> 1 | BR29: =COUNTIFS($X29:$BH29, "I",$X$5:$BH$5, "OF" ) -> 2 | BS29: =COUNTIFS($X29:$BH29, "I",$X$5:$BH$5, "FF" ) -> 5 | BT29: Robbins
A30: 16 | B30: 46030.987 | E30: 46031 | F30: 1226 | I30: F4374653 | J30: 46031 | K30: =MONTH($J30) -> 1 | L30: 30 | O30: Structure Fire | R30: =MAX($L43:$L1162)+1 -> 148 | T30: Pita House Pakuranga. 2 Cortina Pl | Y30: I | AA30: I | AH30: I | AJ30: I | AM30: I | AP30: I | AQ30: I | AY30: I | BC30: I | BJ30: I | BP30: =COUNTIF($X30:$BH30, "I") -> 9 | BQ30: =COUNTIFS($X30:$BH30, "I",$X$2:$BH$2, "DR" ) -> 1 | BR30: =COUNTIFS($X30:$BH30, "I",$X$5:$BH$5, "OF" ) -> 2 | BS30: =COUNTIFS($X30:$BH30, "I",$X$5:$BH$5, "FF" ) -> 7 | BT30: Robbins
A31: 17 | B31: 46030.989 | E31: 46031 | F31: 1227 | I31: F4374662 | J31: 46031 | K31: =MONTH($J31) -> 1 | L31: 31 | O31: Structure Fire | R31: =MAX($L44:$L1163)+1 -> 148 | T31: 2 508 Massey Rd Mangere | X31: I | Y31: I | AA31: I | AH31: I | AJ31: I | AM31: I | AP31: I | AQ31: I | AY31: I | BC31: I | BJ31: I | BP31: =COUNTIF($X31:$BH31, "I") -> 10 | BQ31: =COUNTIFS($X31:$BH31, "I",$X$2:$BH$2, "DR" ) -> 1 | BR31: =COUNTIFS($X31:$BH31, "I",$X$5:$BH$5, "OF" ) -> 3 | BS31: =COUNTIFS($X31:$BH31, "I",$X$5:$BH$5, "FF" ) -> 7 | BT31: Robbins
A32: 18 | B32: 46031.951 | E32: 46032 | F32: 1228 | I32: F4375186 | J32: 46032 | K32: =MONTH($J32) -> 1 | L32: 32 | O32: PFA/Alarm Activation | R32: =MAX($L45:$L1164)+1 -> 148 | T32: 801 Paerata Rd, Wesley College Girls Dormitory | X32: I | Z32: I | AA32: I | AE32: I | AH32: I | AI32: I | AJ32: I | AO32: I | AQ32: I | AS32: I | AY32: I | BC32: I | BI32: I | BP32: =COUNTIF($X32:$BH32, "I") -> 12 | BQ32: =COUNTIFS($X32:$BH32, "I",$X$2:$BH$2, "DR" ) -> 3 | BR32: =COUNTIFS($X32:$BH32, "I",$X$5:$BH$5, "OF" ) -> 4 | BS32: =COUNTIFS($X32:$BH32, "I",$X$5:$BH$5, "FF" ) -> 8 | BT32: Yates
A33: 19 | B33: 46031.959 | E33: 46032 | F33: 1229 | I33: F4375200 | J33: 46032 | K33: =MONTH($J33) -> 1 | L33: 33 | O33: Medical | R33: =MAX($L46:$L1165)+1 -> 148 | T33: 17 King St | X33: I | Z33: I | AA33: I | AE33: I | AH33: I | AI33: I | AJ33: I | AO33: I | AQ33: I | AS33: I | AY33: I | BC33: I | BI33: I | BP33: =COUNTIF($X33:$BH33, "I") -> 12 | BQ33: =COUNTIFS($X33:$BH33, "I",$X$2:$BH$2, "DR" ) -> 3 | BR33: =COUNTIFS($X33:$BH33, "I",$X$5:$BH$5, "OF" ) -> 4 | BS33: =COUNTIFS($X33:$BH33, "I",$X$5:$BH$5, "FF" ) -> 8 | BT33: Wood
A34: 20 | B34: 46032.719 | E34: 46033 | F34: 1230 | I34: F4375593 | J34: 46033 | K34: =MONTH($J34) -> 1 | L34: 34 | O34: Medical | R34: =MAX($L47:$L1166)+1 -> 148 | T34: 19 Perla Rd | Z34: I | AA34: I | AH34: I | BF34: I | BL34: I | BP34: =COUNTIF($X34:$BH34, "I") -> 4 | BQ34: =COUNTIFS($X34:$BH34, "I",$X$2:$BH$2, "DR" ) -> 0 | BR34: =COUNTIFS($X34:$BH34, "I",$X$5:$BH$5, "OF" ) -> 2 | BS34: =COUNTIFS($X34:$BH34, "I",$X$5:$BH$5, "FF" ) -> 1 | BT34: Grant
A35: 21 | B35: 46032.801 | E35: 46033 | F35: 1231 | I35: F4375614 | J35: 46033 | K35: =MONTH($J35) -> 1 | L35: 35 | O35: MVC | R35: =MAX($L48:$L1167)+1 -> 148 | T35: Wily Rd, Puni | X35: I | Y35: I | Z35: I | AA35: I | AE35: I | AH35: I | AI35: I | AJ35: I | AM35: I | AO35: I | AQ35: I | AT35: I | AV35: I | BJ35: I | BK35: I | BL35: I | BP35: =COUNTIF($X35:$BH35, "I") -> 13 | BQ35: =COUNTIFS($X35:$BH35, "I",$X$2:$BH$2, "DR" ) -> 3 | BR35: =COUNTIFS($X35:$BH35, "I",$X$5:$BH$5, "OF" ) -> 5 | BS35: =COUNTIFS($X35:$BH35, "I",$X$5:$BH$5, "FF" ) -> 8 | BT35: OCONNELL
A36: 22 | B36: 46034.336 | E36: 46034 | F36: 1232 | I36: F4376964 | J36: 46034 | K36: =MONTH($J36) -> 1 | L36: 36 | O36: PFA/Alarm Activation | R36: =MAX($L49:$L1168)+1 -> 148 | T36: 59b Kayes Road | X36: I | Y36: I | AA36: I | AC36: I | AE36: I | AF36: I | AG36: I | AI36: I | AJ36: I | AM36: I | AP36: I | AV36: I | AW36: I | BB36: I | BC36: I | BD36: I | BE36: I | BG36: I | BH36: I | BJ36: I | BK36: I | BL36: I | BP36: =COUNTIF($X36:$BH36, "I") -> 19 | BQ36: =COUNTIFS($X36:$BH36, "I",$X$2:$BH$2, "DR" ) -> 2 | BR36: =COUNTIFS($X36:$BH36, "I",$X$5:$BH$5, "OF" ) -> 5 | BS36: =COUNTIFS($X36:$BH36, "I",$X$5:$BH$5, "FF" ) -> 12 | BT36: Grayson
A37: 23 | B37: 46034.539 | E37: 46035 | F37: 1233 | I37: F4377042 | J37: 46035 | K37: =MONTH($J37) -> 1 | L37: 37 | O37: PFA/Alarm Activation | R37: =MAX($L50:$L1169)+1 -> 148 | T37: Pukekohe water treatment plant 148 Seddon St | X37: I | Y37: I | AC37: I | AE37: I | AH37: I | AI37: I | AW37: I | BG37: I | BH37: I | BJ37: I | BL37: I | BP37: =COUNTIF($X37:$BH37, "I") -> 9 | BQ37: =COUNTIFS($X37:$BH37, "I",$X$2:$BH$2, "DR" ) -> 0 | BR37: =COUNTIFS($X37:$BH37, "I",$X$5:$BH$5, "OF" ) -> 4 | BS37: =COUNTIFS($X37:$BH37, "I",$X$5:$BH$5, "FF" ) -> 3 | BT37: Hoole
A38: 24 | B38: 46035.033 | E38: 46035 | F38: 1234 | I38: F4377473 | J38: 46035 | K38: =MONTH($J38) -> 1 | L38: 38 | O38: PFA/Alarm Activation | R38: =MAX($L51:$L1170)+1 -> 148 | T38: 24 Wellington Street | AA38: I | AH38: I | AJ38: I | AV38: I | BB38: I | BD38: I | BG38: I | BP38: =COUNTIF($X38:$BH38, "I") -> 7 | BQ38: =COUNTIFS($X38:$BH38, "I",$X$2:$BH$2, "DR" ) -> 1 | BR38: =COUNTIFS($X38:$BH38, "I",$X$5:$BH$5, "OF" ) -> 1 | BS38: =COUNTIFS($X38:$BH38, "I",$X$5:$BH$5, "FF" ) -> 5 | BT38: Ohare
A39: 25 | B39: 46035.101 | E39: 46035 | F39: 1235 | I39: F4377502 | J39: 46035 | K39: =MONTH($J39) -> 1 | L39: 39 | O39: Vegetation Fire | R39: =MAX($L52:$L1171)+1 -> 148 | T39: 204 Pōkeno Road Pokeno | X39: I | AA39: I | AE39: I | AH39: I | AI39: I | AJ39: I | AM39: I | AS39: I | AT39: I | AU39: I | AY39: I | BA39: I | BB39: I | BD39: I | BH39: I | BK39: I | BP39: =COUNTIF($X39:$BH39, "I") -> 15 | BQ39: =COUNTIFS($X39:$BH39, "I",$X$2:$BH$2, "DR" ) -> 3 | BR39: =COUNTIFS($X39:$BH39, "I",$X$5:$BH$5, "OF" ) -> 3 | BS39: =COUNTIFS($X39:$BH39, "I",$X$5:$BH$5, "FF" ) -> 11 | BT39: Crystal
A40: 26 | B40: 46035.12 | E40: 46035 | F40: 1236 | I40: F4377042 | J40: 46035 | K40: =MONTH($J40) -> 1 | L40: 40 | O40: PFA/Alarm Activation | R40: =MAX($L53:$L1172)+1 -> 148 | T40: 24 Wellington St | X40: I | AA40: I | AE40: I | AH40: I | AI40: I | AJ40: I | AM40: I | AS40: I | AT40: I | AU40: I | AY40: I | BA40: I | BB40: I | BD40: I | BH40: I | BK40: I | BP40: =COUNTIF($X40:$BH40, "I") -> 15 | BQ40: =COUNTIFS($X40:$BH40, "I",$X$2:$BH$2, "DR" ) -> 3 | BR40: =COUNTIFS($X40:$BH40, "I",$X$5:$BH$5, "OF" ) -> 3 | BS40: =COUNTIFS($X40:$BH40, "I",$X$5:$BH$5, "FF" ) -> 11 | BT40: Grant
A41: 27 | B41: 46035.286 | E41: 46035 | F41: 1237 | I41: F4377502 | J41: 46035 | K41: =MONTH($J41) -> 1 | L41: 41 | O41: PFA/Alarm Activation | R41: =MAX($L54:$L1173)+1 -> 148 | T41: 9 Wrightson Way Pukekohe | X41: I | Z41: I | AA41: I | AE41: I | AH41: I | AI41: I | AJ41: I | AM41: I | AS41: I | AT41: I | AU41: I | AY41: I | BA41: I | BB41: I | BD41: I | BH41: I | BK41: I | BP41: =COUNTIF($X41:$BH41, "I") -> 16 | BQ41: =COUNTIFS($X41:$BH41, "I",$X$2:$BH$2, "DR" ) -> 3 | BR41: =COUNTIFS($X41:$BH41, "I",$X$5:$BH$5, "OF" ) -> 4 | BS41: =COUNTIFS($X41:$BH41, "I",$X$5:$BH$5, "FF" ) -> 11 | BT41: Crystal
A42: 28 | B42: 46035.289 | E42: 46036 | F42: 1238 | I42: F4377720 | J42: 46035 | K42: =MONTH($J42) -> 1 | L42: 42 | O42: Vegetation Fire | R42: =MAX($L55:$L1174)+1 -> 148 | T42: 22 Regis Park Drive Pukekohe | Z42: I | AA42: I | AC42: I | AE42: I | AI42: I | AJ42: I | AV42: I | AY42: I | BA42: I | BB42: I | BG42: I | BJ42: I | BP42: =COUNTIF($X42:$BH42, "I") -> 11 | BQ42: =COUNTIFS($X42:$BH42, "I",$X$2:$BH$2, "DR" ) -> 1 | BR42: =COUNTIFS($X42:$BH42, "I",$X$5:$BH$5, "OF" ) -> 4 | BS42: =COUNTIFS($X42:$BH42, "I",$X$5:$BH$5, "FF" ) -> 6 | BT42: Crystal
A43: 29 | B43: 46035.489 | E43: 46035 | F43: 1239 | I43: F4377804 | J43: 46036 | K43: =MONTH($J43) -> 1 | L43: 43 | O43: Medical | R43: =MAX($L56:$L1175)+1 -> 148 | T43: 5 Tokerau Crescent Pukekohe | Z43: I | AC43: I | AE43: I | AH43: I | AI43: I | AJ43: I | AW43: I | AY43: I | BA43: I | BG43: I | BJ43: I | BP43: =COUNTIF($X43:$BH43, "I") -> 10 | BQ43: =COUNTIFS($X43:$BH43, "I",$X$2:$BH$2, "DR" ) -> 1 | BR43: =COUNTIFS($X43:$BH43, "I",$X$5:$BH$5, "OF" ) -> 3 | BS43: =COUNTIFS($X43:$BH43, "I",$X$5:$BH$5, "FF" ) -> 6 | BT43: Grant
A44: 30 | B44: 46037.051 | E44: 46037 | F44: 1240 | I44: F4379101 | J44: 46037 | K44: =MONTH($J44) -> 1 | L44: 44 | O44: Person stuck in elevator | R44: =MAX($L57:$L1176)+1 -> 148 | T44: Pukekohe Plaza, 5 Wesley st | Y44: I | AA44: I | AC44: I | AH44: I | AJ44: I | AN44: I | AP44: I | AW44: I | BA44: I | BF44: I | BG44: I | BJ44: I | BP44: =COUNTIF($X44:$BH44, "I") -> 11 | BQ44: =COUNTIFS($X44:$BH44, "I",$X$2:$BH$2, "DR" ) -> 2 | BR44: =COUNTIFS($X44:$BH44, "I",$X$5:$BH$5, "OF" ) -> 3 | BS44: =COUNTIFS($X44:$BH44, "I",$X$5:$BH$5, "FF" ) -> 6 | BT44: Moore
A45: 31 | B45: 46037.952 | E45: 46038 | F45: 1241 | I45: F4379737 | J45: 46038 | K45: =MONTH($J45) -> 1 | L45: 45 | O45: Ringcutter | R45: =MAX($L58:$L1177)+1 -> 148 | T45: 24 Wellington st | X45: I | Y45: I | AH45: I | AJ45: I | AN45: I | AP45: I | AU45: I | BG45: I | BJ45: I | BP45: =COUNTIF($X45:$BH45, "I") -> 8 | BQ45: =COUNTIFS($X45:$BH45, "I",$X$2:$BH$2, "DR" ) -> 2 | BR45: =COUNTIFS($X45:$BH45, "I",$X$5:$BH$5, "OF" ) -> 2 | BS45: =COUNTIFS($X45:$BH45, "I",$X$5:$BH$5, "FF" ) -> 5 | BT45: Butcher
A46: 32 | B46: 46038.527 | E46: 46039 | F46: 1242 | I46: F4380173 | J46: 46039 | K46: =MONTH($J46) -> 1 | L46: 46 | O46: PFA/Alarm Activation | R46: =MAX($L59:$L1178)+1 -> 148 | T46: Palms Healthcare Resthome, 104 Harris St | X46: I | Z46: I | AC46: I | AD46: I | AH46: I | AJ46: I | AT46: I | AW46: I | BF46: I | BG46: I | BJ46: I | BP46: =COUNTIF($X46:$BH46, "I") -> 10 | BQ46: =COUNTIFS($X46:$BH46, "I",$X$2:$BH$2, "DR" ) -> 2 | BR46: =COUNTIFS($X46:$BH46, "I",$X$5:$BH$5, "OF" ) -> 4 | BS46: =COUNTIFS($X46:$BH46, "I",$X$5:$BH$5, "FF" ) -> 4 | BT46: Robbins
A47: 33 | B47: 46040.097 | E47: 46040 | F47: 1243 | I47: F4380952 | J47: 46040 | K47: =MONTH($J47) -> 1 | L47: 47 | O47: Medical | R47: =MAX($L60:$L1179)+1 -> 148 | T47: 4 Rural view | Y47: I | Z47: I | AA47: I | AD47: I | AG47: I | AH47: I | AJ47: I | AM47: I | AO47: I | AP47: I | BD47: I | BJ47: I | BP47: =COUNTIF($X47:$BH47, "I") -> 11 | BQ47: =COUNTIFS($X47:$BH47, "I",$X$2:$BH$2, "DR" ) -> 3 | BR47: =COUNTIFS($X47:$BH47, "I",$X$5:$BH$5, "OF" ) -> 4 | BS47: =COUNTIFS($X47:$BH47, "I",$X$5:$BH$5, "FF" ) -> 7 | BT47: Bharat
A48: 34 | B48: 46040.987 | E48: 46041 | F48: 1244 | I48: F4381371 | J48: 46041 | K48: =MONTH($J48) -> 1 | L48: 48 | O48: Child stuck in Swing | R48: =MAX($L61:$L1180)+1 -> 148 | T48: Rosa Biich Park | Y48: I | AA48: I | AF48: I | AH48: I | AJ48: I | AL48: I | AN48: I | AU48: I | BG48: I | BJ48: I | BP48: =COUNTIF($X48:$BH48, "I") -> 9 | BQ48: =COUNTIFS($X48:$BH48, "I",$X$2:$BH$2, "DR" ) -> 2 | BR48: =COUNTIFS($X48:$BH48, "I",$X$5:$BH$5, "OF" ) -> 2 | BS48: =COUNTIFS($X48:$BH48, "I",$X$5:$BH$5, "FF" ) -> 6 | BT48: Wood
A49: 35 | B49: 46041.044 | E49: 46041 | F49: 1245 | I49: F4381439 | J49: 46041 | K49: =MONTH($J49) -> 1 | L49: 49 | O49: Vegetation Fire | R49: =MAX($L62:$L1181)+1 -> 148 | T49: Paerata Rd | Y49: I | AF49: I | AH49: I | AJ49: I | AL49: I | AM49: I | AN49: I | BG49: I | BJ49: I | BP49: =COUNTIF($X49:$BH49, "I") -> 8 | BQ49: =COUNTIFS($X49:$BH49, "I",$X$2:$BH$2, "DR" ) -> 2 | BR49: =COUNTIFS($X49:$BH49, "I",$X$5:$BH$5, "OF" ) -> 1 | BS49: =COUNTIFS($X49:$BH49, "I",$X$5:$BH$5, "FF" ) -> 6 | BT49: Mayo
A50: 36 | B50: 46042.056 | E50: 46042 | F50: 1246 | I50: F4382086 | J50: 46042 | K50: =MONTH($J50) -> 1 | L50: 50 | O50: MVC | R50: =MAX($L63:$L1182)+1 -> 148 | T50: 107 Heights Road | Y50: I | AA50: I | AE50: I | AF50: I | AI50: I | AJ50: I | AL50: I | AN50: I | AW50: I | BG50: I | BJ50: I | BK50: I | BP50: =COUNTIF($X50:$BH50, "I") -> 10 | BQ50: =COUNTIFS($X50:$BH50, "I",$X$2:$BH$2, "DR" ) -> 2 | BR50: =COUNTIFS($X50:$BH50, "I",$X$5:$BH$5, "OF" ) -> 3 | BS50: =COUNTIFS($X50:$BH50, "I",$X$5:$BH$5, "FF" ) -> 6 | BT50: Grayson
A51: 37 | B51: 46042.376 | E51: 46042 | F51: 1247 | I51: F4382367 | J51: 46042 | K51: =MONTH($J51) -> 1 | L51: 51 | O51: PFA/Alarm Activation | R51: =MAX($L64:$L1183)+1 -> 148 | T51: Wesley College | Y51: I | AA51: I | AB51: I | AE51: I | AI51: I | AJ51: I | AL51: I | AS51: I | AW51: I | BC51: I | BE51: I | BH51: I | BJ51: I | BP51: =COUNTIF($X51:$BH51, "I") -> 12 | BQ51: =COUNTIFS($X51:$BH51, "I",$X$2:$BH$2, "DR" ) -> 2 | BR51: =COUNTIFS($X51:$BH51, "I",$X$5:$BH$5, "OF" ) -> 4 | BS51: =COUNTIFS($X51:$BH51, "I",$X$5:$BH$5, "FF" ) -> 7 | BT51: Pritchard
A52: 38 | B52: 46043.749 | E52: 46044 | F52: 1248 | I52: F4383700 | J52: 46044 | K52: =MONTH($J52) -> 1 | L52: 52 | O52: PFA/Alarm Activation | R52: =MAX($L65:$L1184)+1 -> 148 | T52: 4 Manukau Rd | Y52: I | AB52: I | AH52: I | AJ52: I | AS52: I | AT52: I | AU52: I | AY52: I | BH52: I | BP52: =COUNTIF($X52:$BH52, "I") -> 9 | BQ52: =COUNTIFS($X52:$BH52, "I",$X$2:$BH$2, "DR" ) -> 3 | BR52: =COUNTIFS($X52:$BH52, "I",$X$5:$BH$5, "OF" ) -> 2 | BS52: =COUNTIFS($X52:$BH52, "I",$X$5:$BH$5, "FF" ) -> 6 | BT52: KILLA
A53: 39 | B53: 46043.818 | E53: 46042 | F53: 1249 | I53: F4383755 | J53: 46044 | K53: =MONTH($J53) -> 1 | L53: 53 | O53: PFA/Alarm Activation | R53: =MAX($L66:$L1185)+1 -> 148 | T53: Franklin Rd Pukekohe | Y53: I | AB53: I | AE53: I | AH53: I | AI53: I | AJ53: I | AN53: I | AY53: I | BH53: I | BP53: =COUNTIF($X53:$BH53, "I") -> 9 | BQ53: =COUNTIFS($X53:$BH53, "I",$X$2:$BH$2, "DR" ) -> 2 | BR53: =COUNTIFS($X53:$BH53, "I",$X$5:$BH$5, "OF" ) -> 3 | BS53: =COUNTIFS($X53:$BH53, "I",$X$5:$BH$5, "FF" ) -> 5 | BT53: Bharat
A54: 40 | B54: 46044.05 | E54: 46044 | F54: 1250 | I54: F4384164 | J54: 46044 | K54: =MONTH($J54) -> 1 | L54: 54 | O54: Structure Fire | R54: =MAX($L67:$L1186)+1 -> 148 | T54: 126 Muir RD Karaka | Y54: I | AA54: I | AH54: I | AJ54: I | AL54: I | AN54: I | AT54: I | AU54: I | BA54: I | BH54: I | BJ54: I | BK54: I | BP54: =COUNTIF($X54:$BH54, "I") -> 10 | BQ54: =COUNTIFS($X54:$BH54, "I",$X$2:$BH$2, "DR" ) -> 3 | BR54: =COUNTIFS($X54:$BH54, "I",$X$5:$BH$5, "OF" ) -> 2 | BS54: =COUNTIFS($X54:$BH54, "I",$X$5:$BH$5, "FF" ) -> 7 | BT54: Robbins
A55: 41 | B55: 46044.721 | E55: 46045 | F55: 1251 | I55: F4384504 | J55: 46045 | K55: =MONTH($J55) -> 1 | L55: 55 | O55: Structure Fire | R55: =MAX($L68:$L1187)+1 -> 148 | T55: 23 Kitchener Road Waiuku | X55: I | Y55: I | Z55: I | AA55: I | AB55: I | AC55: I | AH55: I | AP55: I | AS55: I | BA55: I | BH55: I | BJ55: I | BK55: I | BP55: =COUNTIF($X55:$BH55, "I") -> 11 | BQ55: =COUNTIFS($X55:$BH55, "I",$X$2:$BH$2, "DR" ) -> 1 | BR55: =COUNTIFS($X55:$BH55, "I",$X$5:$BH$5, "OF" ) -> 6 | BS55: =COUNTIFS($X55:$BH55, "I",$X$5:$BH$5, "FF" ) -> 4 | BT55: Jelly
A56: 42 | B56: 46045.142 | E56: 46042 | F56: 1252 | I56: F4384932 | J56: 46045 | K56: =MONTH($J56) -> 1 | L56: 56 | O56: PFA/Alarm Activation | R56: =MAX($L69:$L1188)+1 -> 148 | T56: 5 Wesley Steet, Pukekohe | X56: I | Z56: I | AA56: I | AC56: I | AD56: I | AH56: I | AJ56: I | AO56: I | AP56: I | AQ56: I | AV56: I | BH56: I | BJ56: I | BP56: =COUNTIF($X56:$BH56, "I") -> 12 | BQ56: =COUNTIFS($X56:$BH56, "I",$X$2:$BH$2, "DR" ) -> 2 | BR56: =COUNTIFS($X56:$BH56, "I",$X$5:$BH$5, "OF" ) -> 5 | BS56: =COUNTIFS($X56:$BH56, "I",$X$5:$BH$5, "FF" ) -> 6 | BT56: Grant
A57: 43 | B57: 46046.368 | E57: 46046 | F57: 1253 | I57: F4385589 | J57: 46046 | K57: =MONTH($J57) -> 1 | L57: 57 | O57: Medical | R57: =MAX($L70:$L1189)+1 -> 148 | T57: 6 Rata PL | X57: I | Y57: I | AA57: I | AC57: I | AE57: I | AI57: I | AQ57: I | AU57: I | AW57: I | BB57: I | BJ57: I | BL57: I | BP57: =COUNTIF($X57:$BH57, "I") -> 10 | BQ57: =COUNTIFS($X57:$BH57, "I",$X$2:$BH$2, "DR" ) -> 0 | BR57: =COUNTIFS($X57:$BH57, "I",$X$5:$BH$5, "OF" ) -> 5 | BS57: =COUNTIFS($X57:$BH57, "I",$X$5:$BH$5, "FF" ) -> 5 | BT57: Robbins
A58: 44 | B58: 46046.653 | E58: 46047 | F58: 1254 | I58: F4385679 | J58: 46047 | K58: =MONTH($J58) -> 1 | L58: 58 | O58: Medical | R58: =MAX($L71:$L1190)+1 -> 148 | T58: 56B Needham RD Paerata | X58: I | AA58: I | AC58: I | AE58: I | AI58: I | AQ58: I | AU58: I | AW58: I | BJ58: I | BL58: I | BP58: =COUNTIF($X58:$BH58, "I") -> 8 | BQ58: =COUNTIFS($X58:$BH58, "I",$X$2:$BH$2, "DR" ) -> 0 | BR58: =COUNTIFS($X58:$BH58, "I",$X$5:$BH$5, "OF" ) -> 4 | BS58: =COUNTIFS($X58:$BH58, "I",$X$5:$BH$5, "FF" ) -> 4 | BT58: Robbins
A59: 45 | B59: 46046.783 | E59: 46047 | F59: 1255 | I59: F4385726 | J59: 46047 | K59: =MONTH($J59) -> 1 | L59: 59 | O59: Smoke in vicinity | R59: =MAX($L72:$L1191)+1 -> 148 | T59: Kennelly Cres, Pukekohe | Y59: I | Z59: I | AA59: I | AE59: I | AI59: I | AQ59: I | AV59: I | AW59: I | BF59: I | BJ59: I | BL59: I | BP59: =COUNTIF($X59:$BH59, "I") -> 9 | BQ59: =COUNTIFS($X59:$BH59, "I",$X$2:$BH$2, "DR" ) -> 0 | BR59: =COUNTIFS($X59:$BH59, "I",$X$5:$BH$5, "OF" ) -> 4 | BS59: =COUNTIFS($X59:$BH59, "I",$X$5:$BH$5, "FF" ) -> 4 | BT59: Clarke
A60: 46 | B60: 46047.169 | E60: 46047 | F60: 1256 | I60: F4385948 | J60: 46047 | K60: =MONTH($J60) -> 1 | L60: 60 | O60: Tree fallen on car | R60: =MAX($L73:$L1192)+1 -> 148 | T60: East St, Pukekohe | Y60: I | Z60: I | AA60: I | AE60: I | AI60: I | AJ60: I | AM60: I | AQ60: I | AS60: I | AY60: I | BB60: I | BH60: I | BJ60: I | BK60: I | BL60: I | BP60: =COUNTIF($X60:$BH60, "I") -> 12 | BQ60: =COUNTIFS($X60:$BH60, "I",$X$2:$BH$2, "DR" ) -> 2 | BR60: =COUNTIFS($X60:$BH60, "I",$X$5:$BH$5, "OF" ) -> 4 | BS60: =COUNTIFS($X60:$BH60, "I",$X$5:$BH$5, "FF" ) -> 7 | BT60: Wood
A61: 47 | B61: 46047.291 | E61: 46047 | F61: 1257 | I61: F4385987 | J61: 46047 | K61: =MONTH($J61) -> 1 | L61: 61 | O61: Powerline down 8 Princess St | R61: =MAX($L74:$L1193)+1 -> 148 | T61: 8 Princes st | Y61: I | Z61: I | AA61: I | AD61: I | AE61: I | AI61: I | AJ61: I | AQ61: I | AS61: I | AU61: I | AV61: I | AW61: I | AY61: I | BB61: I | BG61: I | BJ61: I | BK61: I | BL61: I | BP61: =COUNTIF($X61:$BH61, "I") -> 15 | BQ61: =COUNTIFS($X61:$BH61, "I",$X$2:$BH$2, "DR" ) -> 2 | BR61: =COUNTIFS($X61:$BH61, "I",$X$5:$BH$5, "OF" ) -> 5 | BS61: =COUNTIFS($X61:$BH61, "I",$X$5:$BH$5, "FF" ) -> 9 | BT61: Wood
A62: 48 | B62: 46047.697 | E62: 46048 | F62: 1258 | I62: F4386116 | J62: 46048 | K62: =MONTH($J62) -> 1 | L62: 62 | O62: PFA/Alarm Activation | R62: =MAX($L75:$L1194)+1 -> 148 | T62: Mercer Mushrooms. 55 Morrison RD | AA62: I | AD62: I | AH62: I | AQ62: I | AW62: I | BH62: I | BJ62: I | BK62: I | BL62: I | BP62: =COUNTIF($X62:$BH62, "I") -> 6 | BQ62: =COUNTIFS($X62:$BH62, "I",$X$2:$BH$2, "DR" ) -> 0 | BR62: =COUNTIFS($X62:$BH62, "I",$X$5:$BH$5, "OF" ) -> 2 | BS62: =COUNTIFS($X62:$BH62, "I",$X$5:$BH$5, "FF" ) -> 3 | BT62: Robbins
A63: 49 | B63: 46047.782 | E63: 46048 | F63: 1259 | I63: F4386138 | J63: 46048 | K63: =MONTH($J63) -> 1 | L63: 63 | O63: Vegetation Fire | R63: =MAX($L76:$L1195)+1 -> 148 | T63: Kennelly Cr | Y63: I | Z63: I | AA63: I | AD63: I | AH63: I | AM63: I | AQ63: I | AS63: I | AV63: I | AW63: I | BH63: I | BJ63: I | BK63: I | BL63: I | BP63: =COUNTIF($X63:$BH63, "I") -> 11 | BQ63: =COUNTIFS($X63:$BH63, "I",$X$2:$BH$2, "DR" ) -> 1 | BR63: =COUNTIFS($X63:$BH63, "I",$X$5:$BH$5, "OF" ) -> 4 | BS63: =COUNTIFS($X63:$BH63, "I",$X$5:$BH$5, "FF" ) -> 6 | BT63: Hoole
A64: 50 | B64: 46048.822 | E64: 46049 | F64: 1260 | I64: F4386708 | J64: 46049 | K64: =MONTH($J64) -> 1 | L64: 64 | O64: PFA/Alarm Activation | R64: =MAX($L77:$L1196)+1 -> 148 | T64: Best Start Paerata Rise 20 Jonah Lomu DR | Y64: I | AA64: I | AH64: I | AJ64: I | AN64: I | BG64: I | BH64: I | BJ64: I | BP64: =COUNTIF($X64:$BH64, "I") -> 7 | BQ64: =COUNTIFS($X64:$BH64, "I",$X$2:$BH$2, "DR" ) -> 2 | BR64: =COUNTIFS($X64:$BH64, "I",$X$5:$BH$5, "OF" ) -> 2 | BS64: =COUNTIFS($X64:$BH64, "I",$X$5:$BH$5, "FF" ) -> 3 | BT64: Robbins
A65: 51 | B65: 46048.908 | E65: 46049 | F65: 1261 | I65: F4386879 | J65: 46049 | K65: =MONTH($J65) -> 1 | L65: 65 | O65: Structure Fire | R65: =MAX($L78:$L1197)+1 -> 148 | T65: 130-142 Queen St Pukekohe | AA65: I | AH65: I | AJ65: I | AN65: I | AU65: I | BG65: I | BJ65: I | BP65: =COUNTIF($X65:$BH65, "I") -> 6 | BQ65: =COUNTIFS($X65:$BH65, "I",$X$2:$BH$2, "DR" ) -> 2 | BR65: =COUNTIFS($X65:$BH65, "I",$X$5:$BH$5, "OF" ) -> 1 | BS65: =COUNTIFS($X65:$BH65, "I",$X$5:$BH$5, "FF" ) -> 4 | BT65: Chapman
A66: 52 | B66: 46049.104 | E66: 46049 | F66: 1262 | I66: F4387207 | J66: 46049 | K66: =MONTH($J66) -> 1 | L66: 66 | O66: Smoke in Vicinity | R66: =MAX($L79:$L1198)+1 -> 148 | T66: Kennelly Cr, Pukekohe | X66: I | Y66: I | AA66: I | AD66: I | AH66: I | AJ66: I | AN66: I | BG66: I | BJ66: I | BK66: I | BP66: =COUNTIF($X66:$BH66, "I") -> 8 | BQ66: =COUNTIFS($X66:$BH66, "I",$X$2:$BH$2, "DR" ) -> 2 | BR66: =COUNTIFS($X66:$BH66, "I",$X$5:$BH$5, "OF" ) -> 4 | BS66: =COUNTIFS($X66:$BH66, "I",$X$5:$BH$5, "FF" ) -> 3 | BT66: Wood
A67: 53 | B67: 46049.452 | E67: 46048 | F67: 1263 | I67: F4387405 | J67: 46049 | K67: =MONTH($J67) -> 1 | L67: 67 | O67: Vegetation Fire | R67: =MAX($L80:$L1199)+1 -> 148 | T67: 43 Ostrich Farm Road | AA67: I | AB67: I | AC67: I | AD67: I | AH67: I | BG67: I | BJ67: I | BK67: I | BP67: =COUNTIF($X67:$BH67, "I") -> 6 | BQ67: =COUNTIFS($X67:$BH67, "I",$X$2:$BH$2, "DR" ) -> 0 | BR67: =COUNTIFS($X67:$BH67, "I",$X$5:$BH$5, "OF" ) -> 4 | BS67: =COUNTIFS($X67:$BH67, "I",$X$5:$BH$5, "FF" ) -> 1 | BT67: Jon
A68: 54 | B68: 46050.507 | E68: 46051 | F68: 1264 | I68: F4388251 | J68: 46051 | K68: =MONTH($J68) -> 1 | L68: 68 | O68: Medical | R68: =MAX($L81:$L1200)+1 -> 148 | T68: 14 Emsworth act | AB68: I | AH68: I | AJ68: I | AM68: I | AT68: I | AW68: I | BG68: I | BJ68: I | BP68: =COUNTIF($X68:$BH68, "I") -> 7 | BQ68: =COUNTIFS($X68:$BH68, "I",$X$2:$BH$2, "DR" ) -> 2 | BR68: =COUNTIFS($X68:$BH68, "I",$X$5:$BH$5, "OF" ) -> 1 | BS68: =COUNTIFS($X68:$BH68, "I",$X$5:$BH$5, "FF" ) -> 5 | BT68: Grant
A69: 55 | B69: 46050.57 | E69: 46051 | F69: 1265 | I69: F4388263 | J69: 46051 | K69: =MONTH($J69) -> 1 | L69: 69 | O69: Medical | R69: =MAX($L82:$L1201)+1 -> 148 | T69: 42 Birdwood Rd | AB69: I | AH69: I | AJ69: I | AM69: I | AT69: I | BG69: I | BJ69: I | BP69: =COUNTIF($X69:$BH69, "I") -> 6 | BQ69: =COUNTIFS($X69:$BH69, "I",$X$2:$BH$2, "DR" ) -> 2 | BR69: =COUNTIFS($X69:$BH69, "I",$X$5:$BH$5, "OF" ) -> 1 | BS69: =COUNTIFS($X69:$BH69, "I",$X$5:$BH$5, "FF" ) -> 4 | BT69: Grant
A70: 56 | B70: 46051.293 | E70: 46051 | F70: 1266 | I70: F4388923 | J70: 46051 | K70: =MONTH($J70) -> 1 | L70: 70 | O70: Structure Fire | R70: =MAX($L83:$L1202)+1 -> 148 | T70: 19b the glade south | X70: I | Z70: I | AA70: I | AB70: I | AD70: I | AG70: I | AH70: I | AM70: I | AN70: I | AT70: I | AV70: I | BP70: =COUNTIF($X70:$BH70, "I") -> 11 | BQ70: =COUNTIFS($X70:$BH70, "I",$X$2:$BH$2, "DR" ) -> 3 | BR70: =COUNTIFS($X70:$BH70, "I",$X$5:$BH$5, "OF" ) -> 5 | BS70: =COUNTIFS($X70:$BH70, "I",$X$5:$BH$5, "FF" ) -> 6 | BT70: Maxwell
A71: 57 | B71: 46052.023 | E71: 46052 | F71: 1267 | I71: F4389362 | J71: 46052 | K71: =MONTH($J71) -> 1 | L71: 71 | O71: HAZMAT | R71: =MAX($L84:$L1203)+1 -> 148 | T71: 2 Cranleigh Way Bombay | X71: I | Y71: I | AA71: I | AE71: I | AF71: I | AI71: I | AJ71: I | AM71: I | AO71: I | AT71: I | AU71: I | AW71: I | BB71: I | BD71: I | BF71: I | BJ71: I | BP71: =COUNTIF($X71:$BH71, "I") -> 15 | BQ71: =COUNTIFS($X71:$BH71, "I",$X$2:$BH$2, "DR" ) -> 3 | BR71: =COUNTIFS($X71:$BH71, "I",$X$5:$BH$5, "OF" ) -> 4 | BS71: =COUNTIFS($X71:$BH71, "I",$X$5:$BH$5, "FF" ) -> 10 | BT71: Josh
A72: 58 | B72: 46052.349 | E72: 46052 | F72: 1268 | I72: F4389555 | J72: 46052 | K72: =MONTH($J72) -> 1 | L72: 72 | O72: Medical | R72: =MAX($L85:$L1204)+1 -> 148 | T72: 12 Regis Park Dr | X72: I | AA72: I | AD72: I | AH72: I | AJ72: I | AP72: I | AT72: I | AU72: I | AW72: I | BB72: I | BD72: I | BF72: I | BK72: I | BN72: I | BP72: =COUNTIF($X72:$BH72, "I") -> 12 | BQ72: =COUNTIFS($X72:$BH72, "I",$X$2:$BH$2, "DR" ) -> 2 | BR72: =COUNTIFS($X72:$BH72, "I",$X$5:$BH$5, "OF" ) -> 3 | BS72: =COUNTIFS($X72:$BH72, "I",$X$5:$BH$5, "FF" ) -> 8 | BT72: Wood
A73: 59 | B73: 46052.359 | E73: 46052 | F73: 1269 | I73: F4389723 | J73: 46052 | K73: =MONTH($J73) -> 1 | L73: 73 | O73: MVC | R73: =MAX($L86:$L1205)+1 -> 148 | T73: Patumahoe Road., Patumahoe | X73: I | Y73: I | AA73: I | AB73: I | AC73: I | AJ73: I | AK73: I | AN73: I | AO73: I | AW73: I | BF73: I | BG73: I | BJ73: I | BL73: I | BP73: =COUNTIF($X73:$BH73, "I") -> 12 | BQ73: =COUNTIFS($X73:$BH73, "I",$X$2:$BH$2, "DR" ) -> 4 | BR73: =COUNTIFS($X73:$BH73, "I",$X$5:$BH$5, "OF" ) -> 5 | BS73: =COUNTIFS($X73:$BH73, "I",$X$5:$BH$5, "FF" ) -> 5 | BT73: Jelly
A74: 60 | B74: 46053.404 | E74: 46053 | F74: 1270 | I74: F4390369 | J74: 46053 | K74: =MONTH($J74) -> 1 | L74: 74 | O74: Fence on fire | R74: =MAX($L87:$L1206)+1 -> 148 | T74: 13 Birdwood Road | X74: I | AA74: I | AB74: I | AC74: I | AD74: I | AM74: I | AS74: I | AV74: I | AW74: I | BJ74: I | BL74: I | BP74: =COUNTIF($X74:$BH74, "I") -> 9 | BQ74: =COUNTIFS($X74:$BH74, "I",$X$2:$BH$2, "DR" ) -> 1 | BR74: =COUNTIFS($X74:$BH74, "I",$X$5:$BH$5, "OF" ) -> 5 | BS74: =COUNTIFS($X74:$BH74, "I",$X$5:$BH$5, "FF" ) -> 4 | BT74: Jelly
A75: 61 | B75: 46054.031 | E75: 46054 | F75: 1271 | I75: F4390660 | J75: 46054 | K75: =MONTH($J75) -> 2 | L75: 75 | O75: Smoke in Vicinity | R75: =MAX($L88:$L1207)+1 -> 148 | T75: Pollock Road | X75: I | AA75: I | AB75: I | AK75: I | AN75: I | AQ75: I | AY75: I | BB75: I | BJ75: I | BK75: I | BP75: =COUNTIF($X75:$BH75, "I") -> 8 | BQ75: =COUNTIFS($X75:$BH75, "I",$X$2:$BH$2, "DR" ) -> 2 | BR75: =COUNTIFS($X75:$BH75, "I",$X$5:$BH$5, "OF" ) -> 3 | BS75: =COUNTIFS($X75:$BH75, "I",$X$5:$BH$5, "FF" ) -> 5 | BT75: Crystal
A76: 62 | B76: 46054.379 | E76: 46054 | F76: 1272 | I76: F4390785 | J76: 46054 | K76: =MONTH($J76) -> 2 | L76: 76 | O76: MVC | R76: =MAX($L89:$L1208)+1 -> 148 | T76: Victoria St, Pukekohe | X76: I | Y76: I | AA76: I | AB76: I | AD76: I | AG76: I | AJ76: I | AM76: I | AN76: I | AW76: I | BF76: I | BJ76: I | BK76: I | BL76: I | BP76: =COUNTIF($X76:$BH76, "I") -> 11 | BQ76: =COUNTIFS($X76:$BH76, "I",$X$2:$BH$2, "DR" ) -> 3 | BR76: =COUNTIFS($X76:$BH76, "I",$X$5:$BH$5, "OF" ) -> 5 | BS76: =COUNTIFS($X76:$BH76, "I",$X$5:$BH$5, "FF" ) -> 5 | BT76: Moore
A77: 63 | B77: 46054.394 | E77: 46054 | F77: 1273 | I77: F4390852 | J77: 46054 | K77: =MONTH($J77) -> 2 | L77: 77 | O77: MVC | R77: =MAX($L90:$L1209)+1 -> 148 | T77: 303 Buckland rd | X77: I | Y77: I | AA77: I | AB77: I | AC77: I | AD77: I | AJ77: I | AM77: I | AN77: I | AP77: I | AU77: I | AW77: I | BB77: I | BG77: I | BJ77: I | BL77: I | BM77: I | BP77: =COUNTIF($X77:$BH77, "I") -> 14 | BQ77: =COUNTIFS($X77:$BH77, "I",$X$2:$BH$2, "DR" ) -> 2 | BR77: =COUNTIFS($X77:$BH77, "I",$X$5:$BH$5, "OF" ) -> 6 | BS77: =COUNTIFS($X77:$BH77, "I",$X$5:$BH$5, "FF" ) -> 7 | BT77: Wood
A78: 64 | B78: 46055.921 | E78: 46056 | F78: 1274 | I78: F4391839 | J78: 46056 | K78: =MONTH($J78) -> 2 | L78: 78 | O78: Rescue | R78: =MAX($L91:$L1210)+1 -> 148 | T78: 12 14 Seaway Rd Clark’s beach | AA78: I | AC78: I | AH78: I | AJ78: I | AL78: I | AT78: I | AW78: I | BA78: I | BG78: I | BH78: I | BP78: =COUNTIF($X78:$BH78, "I") -> 10 | BQ78: =COUNTIFS($X78:$BH78, "I",$X$2:$BH$2, "DR" ) -> 2 | BR78: =COUNTIFS($X78:$BH78, "I",$X$5:$BH$5, "OF" ) -> 2 | BS78: =COUNTIFS($X78:$BH78, "I",$X$5:$BH$5, "FF" ) -> 6 | BT78: Butcher
A79: 65 | B79: 46055.938 | E79: 46056 | F79: 1275 | I79: F4391846 | J79: 46056 | K79: =MONTH($J79) -> 2 | L79: 79 | O79: MVC | R79: =MAX($L92:$L1211)+1 -> 148 | T79: 232 Glenbrook road, Karaka | AA79: I | AC79: I | AE79: I | AH79: I | AI79: I | AJ79: I | AL79: I | AT79: I | AW79: I | AY79: I | BA79: I | BG79: I | BH79: I | BP79: =COUNTIF($X79:$BH79, "I") -> 13 | BQ79: =COUNTIFS($X79:$BH79, "I",$X$2:$BH$2, "DR" ) -> 2 | BR79: =COUNTIFS($X79:$BH79, "I",$X$5:$BH$5, "OF" ) -> 3 | BS79: =COUNTIFS($X79:$BH79, "I",$X$5:$BH$5, "FF" ) -> 8 | BT79: Butcher
A80: 66 | B80: 46057.348 | E80: 46057 | F80: 1276 | I80: F4392961 | J80: 46057 | K80: =MONTH($J80) -> 2 | L80: 80 | O80: PFA/Alarm Activation | R80: =MAX($L93:$L1212)+1 -> 148 | T80: 25 king st, Pukekohe | Z80: I | AA80: I | AB80: I | AE80: I | AI80: I | AP80: I | AT80: I | AV80: I | AW80: I | BB80: I | BF80: I | BG80: I | BJ80: I | BL80: I | BP80: =COUNTIF($X80:$BH80, "I") -> 12 | BQ80: =COUNTIFS($X80:$BH80, "I",$X$2:$BH$2, "DR" ) -> 1 | BR80: =COUNTIFS($X80:$BH80, "I",$X$5:$BH$5, "OF" ) -> 4 | BS80: =COUNTIFS($X80:$BH80, "I",$X$5:$BH$5, "FF" ) -> 6 | BT80: Moore
A81: 67 | B81: 46058.118 | E81: 46058 | F81: 1277 | I81: F4393539 | J81: 46058 | K81: =MONTH($J81) -> 2 | L81: 81 | O81: MVC | R81: =MAX($L94:$L1213)+1 -> 148 | T81: AK48 Southern Motorway Bombay | X81: I | AA81: I | AH81: I | AJ81: I | AN81: I | AV81: I | BA81: I | BH81: I | BJ81: I | BK81: I | BM81: I | BP81: =COUNTIF($X81:$BH81, "I") -> 8 | BQ81: =COUNTIFS($X81:$BH81, "I",$X$2:$BH$2, "DR" ) -> 2 | BR81: =COUNTIFS($X81:$BH81, "I",$X$5:$BH$5, "OF" ) -> 2 | BS81: =COUNTIFS($X81:$BH81, "I",$X$5:$BH$5, "FF" ) -> 5 | BT81: Robbins
A82: 68 | B82: 46059.171 | E82: 46051 | F82: 1278 | I82: F4394188 | J82: 46059 | K82: =MONTH($J82) -> 2 | L82: 82 | O82: Vegetation Fire | R82: =MAX($L95:$L1214)+1 -> 148 | T82: Paerata rd | X82: I | Y82: I | AH82: I | AP82: I | AQ82: I | AS82: I | AW82: I | AY82: I | BA82: I | BH82: I | BJ82: I | BK82: I | BL82: I | BP82: =COUNTIF($X82:$BH82, "I") -> 10 | BQ82: =COUNTIFS($X82:$BH82, "I",$X$2:$BH$2, "DR" ) -> 1 | BR82: =COUNTIFS($X82:$BH82, "I",$X$5:$BH$5, "OF" ) -> 2 | BS82: =COUNTIFS($X82:$BH82, "I",$X$5:$BH$5, "FF" ) -> 7 | BT82: Binnie
A83: 69 | B83: 46061.267 | E83: 46058 | F83: 1279 | I83: F4395272 | J83: 46061 | K83: =MONTH($J83) -> 2 | L83: 83 | O83: PFA/Alarm Activation | R83: =MAX($L96:$L1215)+1 -> 148 | T83: Cinema 3 85 Edinburgh st | X83: I | Y83: I | Z83: I | AA83: I | AP83: I | AT83: I | AU83: I | AV83: I | AW83: I | BA83: I | BF83: I | BJ83: I | BK83: I | BL83: I | BM83: I | BP83: =COUNTIF($X83:$BH83, "I") -> 11 | BQ83: =COUNTIFS($X83:$BH83, "I",$X$2:$BH$2, "DR" ) -> 1 | BR83: =COUNTIFS($X83:$BH83, "I",$X$5:$BH$5, "OF" ) -> 4 | BS83: =COUNTIFS($X83:$BH83, "I",$X$5:$BH$5, "FF" ) -> 6 | BT83: Steeeeeley
A84: 70 | B84: 46061.276 | E84: 46051 | F84: 1280 | I84: F4395281 | J84: 46061 | K84: =MONTH($J84) -> 2 | L84: 84 | O84: MVC | R84: =MAX($L97:$L1216)+1 -> 148 | T84: Nelson street | X84: I | Y84: I | Z84: I | AA84: I | AC84: I | AP84: I | AT84: I | AU84: I | AV84: I | AW84: I | BA84: I | BF84: I | BJ84: I | BK84: I | BL84: I | BM84: I | BP84: =COUNTIF($X84:$BH84, "I") -> 12 | BQ84: =COUNTIFS($X84:$BH84, "I",$X$2:$BH$2, "DR" ) -> 1 | BR84: =COUNTIFS($X84:$BH84, "I",$X$5:$BH$5, "OF" ) -> 5 | BS84: =COUNTIFS($X84:$BH84, "I",$X$5:$BH$5, "FF" ) -> 6 | BT84: Steeley
A85: 71 | B85: 46061.85 | E85: 46062 | F85: 1281 | I85: F4395444 | J85: 46062 | K85: =MONTH($J85) -> 2 | L85: 85 | O85: MVC | R85: =MAX($L98:$L1217)+1 -> 148 | T85: 118 Logan Road, Buckland | Y85: I | AA85: I | AB85: I | AC85: I | AH85: I | AK85: I | AN85: I | AW85: I | BA85: I | BB85: I | BM85: I | BP85: =COUNTIF($X85:$BH85, "I") -> 10 | BQ85: =COUNTIFS($X85:$BH85, "I",$X$2:$BH$2, "DR" ) -> 2 | BR85: =COUNTIFS($X85:$BH85, "I",$X$5:$BH$5, "OF" ) -> 4 | BS85: =COUNTIFS($X85:$BH85, "I",$X$5:$BH$5, "FF" ) -> 6 | BT85: Jelly
A86: 72 | B86: 46061.964 | E86: 46062 | F86: 1282 | I86: F4395709 | J86: 46062 | K86: =MONTH($J86) -> 2 | L86: 86 | O86: PFA/Alarm Activation | R86: =MAX($L99:$L1218)+1 -> 148 | T86: Seddon Street | AC86: I | AD86: I | AF86: I | AH86: I | AJ86: I | AN86: I | BB86: I | BG86: I | BH86: I | BM86: I | BP86: =COUNTIF($X86:$BH86, "I") -> 9 | BQ86: =COUNTIFS($X86:$BH86, "I",$X$2:$BH$2, "DR" ) -> 2 | BR86: =COUNTIFS($X86:$BH86, "I",$X$5:$BH$5, "OF" ) -> 2 | BS86: =COUNTIFS($X86:$BH86, "I",$X$5:$BH$5, "FF" ) -> 5 | BT86: Jon
A87: 73 | B87: 46063.036 | E87: 46063 | F87: 1283 | I87: F4396563 | J87: 46063 | K87: =MONTH($J87) -> 2 | L87: 87 | O87: PFA/Alarm Activation | R87: =MAX($L100:$L1219)+1 -> 148 | T87: Pukekohe Reformed Church, 2 Victoria Street Pukekohe | Y87: I | AB87: I | AH87: I | AK87: I | AO87: I | AT87: I | AW87: I | BA87: I | BF87: I | BG87: I | BP87: =COUNTIF($X87:$BH87, "I") -> 10 | BQ87: =COUNTIFS($X87:$BH87, "I",$X$2:$BH$2, "DR" ) -> 3 | BR87: =COUNTIFS($X87:$BH87, "I",$X$5:$BH$5, "OF" ) -> 2 | BS87: =COUNTIFS($X87:$BH87, "I",$X$5:$BH$5, "FF" ) -> 6 | BT87: Jelly
A88: 74 | B88: 46063.79 | E88: 46063 | F88: 1284 | I88: F4396988 | J88: 46064 | K88: =MONTH($J88) -> 2 | L88: 88 | O88: PFA/Alarm Activation | R88: =MAX($L101:$L1220)+1 -> 148 | T88: 13 Maurice Harding | Y88: I | AB88: I | AJ88: I | AL88: I | AO88: I | AW88: I | BG88: I | BM88: I | BP88: =COUNTIF($X88:$BH88, "I") -> 7 | BQ88: =COUNTIFS($X88:$BH88, "I",$X$2:$BH$2, "DR" ) -> 2 | BR88: =COUNTIFS($X88:$BH88, "I",$X$5:$BH$5, "OF" ) -> 2 | BS88: =COUNTIFS($X88:$BH88, "I",$X$5:$BH$5, "FF" ) -> 4 | BT88: Jelly
A89: 75 | B89: 46064.504 | E89: 46065 | F89: 1285 | I89: F4397792 | J89: 46065 | K89: =MONTH($J89) -> 2 | L89: 89 | O89: Smoke from building | R89: =MAX($L102:$L1221)+1 -> 148 | T89: RSA Pukekohe - 17 Edinburgh St | X89: I | Y89: I | AB89: I | AH89: I | AJ89: I | AK89: I | AL89: I | AM89: I | AN89: I | AU89: I | AW89: I | BJ89: I | BL89: I | BM89: I | BP89: =COUNTIF($X89:$BH89, "I") -> 11 | BQ89: =COUNTIFS($X89:$BH89, "I",$X$2:$BH$2, "DR" ) -> 3 | BR89: =COUNTIFS($X89:$BH89, "I",$X$5:$BH$5, "OF" ) -> 3 | BS89: =COUNTIFS($X89:$BH89, "I",$X$5:$BH$5, "FF" ) -> 8 | BT89: Robbins
A90: 76 | B90: 46065.048 | E90: 46065 | F90: 1286 | I90: F4398157 | J90: 46065 | K90: =MONTH($J90) -> 2 | L90: 90 | O90: MVC | R90: =MAX($L103:$L1222)+1 -> 148 | T90: 2289 Great South Rd Bombay | Y90: I | AC90: I | AH90: I | AJ90: I | AL90: I | AM90: I | AN90: I | AX90: I | BB90: I | BD90: I | BG90: I | BH90: I | BM90: I | BP90: =COUNTIF($X90:$BH90, "I") -> 12 | BQ90: =COUNTIFS($X90:$BH90, "I",$X$2:$BH$2, "DR" ) -> 2 | BR90: =COUNTIFS($X90:$BH90, "I",$X$5:$BH$5, "OF" ) -> 2 | BS90: =COUNTIFS($X90:$BH90, "I",$X$5:$BH$5, "FF" ) -> 8 | BT90: Grant
A91: 77 | B91: 46065.99 | E91: 46066 | F91: 1287 | I91: F4398814 | J91: 46066 | K91: =MONTH($J91) -> 2 | L91: 91 | O91: Structure Fire | R91: =MAX($L104:$L1223)+1 -> 148 | T91: 96 Mauku Road Patumahoe | AB91: I | AC91: I | AD91: I | AH91: I | AJ91: I | AN91: I | AS91: I | AU91: I | AX91: I | BB91: I | BG91: I | BH91: I | BM91: I | BP91: =COUNTIF($X91:$BH91, "I") -> 12 | BQ91: =COUNTIFS($X91:$BH91, "I",$X$2:$BH$2, "DR" ) -> 3 | BR91: =COUNTIFS($X91:$BH91, "I",$X$5:$BH$5, "OF" ) -> 3 | BS91: =COUNTIFS($X91:$BH91, "I",$X$5:$BH$5, "FF" ) -> 7 | BT91: Jelly
A92: 78 | B92: 46066.003 | E92: 46066 | F92: 1288 | I92: F4398818 | J92: 46066 | K92: =MONTH($J92) -> 2 | L92: 92 | O92: MVC | R92: =MAX($L105:$L1224)+1 -> 148 | T92: 80 Frederick Street Hillsborough Auckland | AB92: I | AC92: I | AD92: I | AH92: I | AJ92: I | AN92: I | AS92: I | AU92: I | AX92: I | BB92: I | BG92: I | BH92: I | BM92: I | BP92: =COUNTIF($X92:$BH92, "I") -> 12 | BQ92: =COUNTIFS($X92:$BH92, "I",$X$2:$BH$2, "DR" ) -> 3 | BR92: =COUNTIFS($X92:$BH92, "I",$X$5:$BH$5, "OF" ) -> 3 | BS92: =COUNTIFS($X92:$BH92, "I",$X$5:$BH$5, "FF" ) -> 7 | BT92: Jelly
A93: 79 | B93: 46066.156 | E93: 46065 | F93: 1289 | I93: F4398990 | J93: 46066 | K93: =MONTH($J93) -> 2 | L93: 93 | O93: MVC | R93: =MAX($L106:$L1225)+1 -> 148 | T93: Pukekohe east / Runciman road | X93: I | AB93: I | AD93: I | AH93: I | AJ93: I | AK93: I | AW93: I | AX93: I | AY93: I | BD93: I | BG93: I | BH93: I | BJ93: I | BK93: I | BM93: I | BP93: =COUNTIF($X93:$BH93, "I") -> 12 | BQ93: =COUNTIFS($X93:$BH93, "I",$X$2:$BH$2, "DR" ) -> 2 | BR93: =COUNTIFS($X93:$BH93, "I",$X$5:$BH$5, "OF" ) -> 3 | BS93: =COUNTIFS($X93:$BH93, "I",$X$5:$BH$5, "FF" ) -> 7 | BT93: Robbins
A94: 80 | B94: 46066.162 | E94: 46066 | F94: 1290 | I94: F4399006 | J94: 46066 | K94: =MONTH($J94) -> 2 | L94: 94 | O94: MVC | R94: =MAX($L107:$L1226)+1 -> 148 | T94: Yates Road Pukekohe | X94: I | AB94: I | AD94: I | AH94: I | AJ94: I | AK94: I | AW94: I | AX94: I | AY94: I | BF94: I | BG94: I | BH94: I | BJ94: I | BK94: I | BM94: I | BP94: =COUNTIF($X94:$BH94, "I") -> 12 | BQ94: =COUNTIFS($X94:$BH94, "I",$X$2:$BH$2, "DR" ) -> 2 | BR94: =COUNTIFS($X94:$BH94, "I",$X$5:$BH$5, "OF" ) -> 3 | BS94: =COUNTIFS($X94:$BH94, "I",$X$5:$BH$5, "FF" ) -> 6 | BT94: Nick
A95: 81 | B95: 46066.172 | E95: 46066 | F95: 1291 | I95: F4399021 | J95: 46066 | K95: =MONTH($J95) -> 2 | L95: 95 | O95: PFA/Alarm Activation | R95: =MAX($L108:$L1227)+1 -> 148 | T95: 140 King Street | X95: I | AB95: I | AD95: I | AH95: I | AJ95: I | AK95: I | AN95: I | AW95: I | AY95: I | BD95: I | BG95: I | BH95: I | BJ95: I | BK95: I | BM95: I | BP95: =COUNTIF($X95:$BH95, "I") -> 12 | BQ95: =COUNTIFS($X95:$BH95, "I",$X$2:$BH$2, "DR" ) -> 3 | BR95: =COUNTIFS($X95:$BH95, "I",$X$5:$BH$5, "OF" ) -> 3 | BS95: =COUNTIFS($X95:$BH95, "I",$X$5:$BH$5, "FF" ) -> 7 | BT95: Nick
A96: 82 | B96: 46066.845 | E96: 46067 | F96: 1292 | I96: F4399412 | J96: 46067 | K96: =MONTH($J96) -> 2 | L96: 96 | O96: Medical | R96: =MAX($L109:$L1228)+1 -> 148 | T96: 24 Beatty Road | X96: I | AB96: I | AH96: I | AJ96: I | AS96: I | AW96: I | AY96: I | BB96: I | BG96: I | BK96: I | BP96: =COUNTIF($X96:$BH96, "I") -> 9 | BQ96: =COUNTIFS($X96:$BH96, "I",$X$2:$BH$2, "DR" ) -> 2 | BR96: =COUNTIFS($X96:$BH96, "I",$X$5:$BH$5, "OF" ) -> 2 | BS96: =COUNTIFS($X96:$BH96, "I",$X$5:$BH$5, "FF" ) -> 6 | BT96: Jelly
A97: 83 | B97: 46066.981 | E97: 46066 | F97: 1293 | I97: F4399500 | J97: 46067 | K97: =MONTH($J97) -> 2 | L97: 97 | O97: PFA/Alarm Activation | R97: =MAX($L110:$L1229)+1 -> 148 | T97: 182-196 Manukau Road, Pukekohe | X97: I | Y97: I | AB97: I | AD97: I | AG97: I | AJ97: I | AM97: I | AN97: I | AS97: I | AY97: I | BG97: I | BH97: I | BK97: I | BP97: =COUNTIF($X97:$BH97, "I") -> 12 | BQ97: =COUNTIFS($X97:$BH97, "I",$X$2:$BH$2, "DR" ) -> 4 | BR97: =COUNTIFS($X97:$BH97, "I",$X$5:$BH$5, "OF" ) -> 4 | BS97: =COUNTIFS($X97:$BH97, "I",$X$5:$BH$5, "FF" ) -> 6 | BT97: Jelly
A98: 84 | B98: 46068.257 | E98: 46068 | F98: 1294 | I98: F4400292 | J98: 46068 | K98: =MONTH($J98) -> 2 | L98: 98 | O98: MVC | R98: =MAX($L111:$L1230)+1 -> 148 | T98: Pukekohe East RD/Bombay On Ramp | Y98: I | Z98: I | AC98: I | AE98: I | AG98: I | AI98: I | AW98: I | BF98: I | BJ98: I | BM98: I | BP98: =COUNTIF($X98:$BH98, "I") -> 8 | BQ98: =COUNTIFS($X98:$BH98, "I",$X$2:$BH$2, "DR" ) -> 1 | BR98: =COUNTIFS($X98:$BH98, "I",$X$5:$BH$5, "OF" ) -> 4 | BS98: =COUNTIFS($X98:$BH98, "I",$X$5:$BH$5, "FF" ) -> 3 | BT98: Robbins
A99: 85 | B99: 46070.362 | E99: 46070 | F99: 1295 | I99: F4403569 | J99: 46070 | K99: =MONTH($J99) -> 2 | L99: 99 | O99: MVC | R99: =MAX($L112:$L1231)+1 -> 148 | T99: Railway overbridge | X99: I | Y99: I | Z99: I | AA99: I | AC99: I | AD99: I | AE99: I | AG99: I | AH99: I | AI99: I | AJ99: I | AM99: I | AQ99: I | AR99: I | AS99: I | AT99: I | AU99: I | AV99: I | AW99: I | BA99: I | BB99: I | BC99: I | BE99: I | BF99: I | BG99: I | BH99: I | BJ99: I | BP99: =COUNTIF($X99:$BH99, "I") -> 26 | BQ99: =COUNTIFS($X99:$BH99, "I",$X$2:$BH$2, "DR" ) -> 4 | BR99: =COUNTIFS($X99:$BH99, "I",$X$5:$BH$5, "OF" ) -> 7 | BS99: =COUNTIFS($X99:$BH99, "I",$X$5:$BH$5, "FF" ) -> 16 | BT99: Grayson
A100: 86 | B100: 46071.055 | E100: 46070 | F100: 1296 | I100: F4404204 | J100: 46071 | K100: =MONTH($J100) -> 2 | L100: 100 | O100: Assist public | R100: =MAX($L113:$L1232)+1 -> 148 | T100: 2B Hall St | Y100: I | AA100: I | AD100: I | AF100: I | AJ100: I | AN100: I | AO100: I | AU100: I | AX100: I | BH100: I | BM100: I | BP100: =COUNTIF($X100:$BH100, "I") -> 10 | BQ100: =COUNTIFS($X100:$BH100, "I",$X$2:$BH$2, "DR" ) -> 3 | BR100: =COUNTIFS($X100:$BH100, "I",$X$5:$BH$5, "OF" ) -> 3 | BS100: =COUNTIFS($X100:$BH100, "I",$X$5:$BH$5, "FF" ) -> 6 | BT100: Bharat
...

Sheet AllMusters26
A1: Muster Number | B1: Number | C1: Time | D1: Date | E1: Month | F1: MonthNo | G1: Row | H1: Type | I1: Address | J1: CFO John Robinson | K1: DCFO Bharat Ravji | L1: SSO Darcy Hart | M1: SSO Vaughan Wood | N1: SO Richard Jellyman | O1: SO Richard Irving | P1: SO Jon White | Q1: SO William O'Connell | R1: SFF Brent Reynolds | S1: SFF Joseph O'Neill-Gregory | T1: SFF Grant Robertson | U1: SFF William O'Connell | V1: SFF Robert Mayo | W1: SFF Brody Jellyman | X1: SFF Darryn Pritchard | Y1: QFF Symon Maxwell | Z1: QFF Ian Chapman | AA1: QFF Melanie Yates | AB1: QFF Maree Primrose | AC1: QFF Russell Clarke | AD1: QFF Andrew Bond | AE1: QFF Alan Binnie | AF1: QFF Josh Pennefather | AG1: QFF Ben Killgour | AH1: QFF Dallas Steele | AI1: QFF Nick Grayson | AJ1: QFF Jason Court | AK1: QFF Crystal McConchie | AL1: QFF Hendri de Bruin | AM1: FF Jimmy Doyle | AN1: FF Dimmy Bell-Kainiu | AO1: FF Mitch Court | AP1: FF Jamie O'Hare | AQ1: FF Kaitlyn Evans | AR1: FF Jaime Moore | AS1: FF Torrens Butcher | AT1: FF Matt Humber | AU1: RFF Leone Humber | AV1: RFF Joel Robbins | AW1: RFF Tracey Brownlee | AX1: RFF Sacha Hoole | AY1: RFF Callum Reid | AZ1: RFF Jack Piggott-Newton | BA1: RFF Caleb Wanhill | BB1: In Attendance | BC1: Leave | BD1: Submitted By
A2: Current Muster Number | D2: =MAX(A15:A1008) -> 10 | E2: =TODAY() -> 46095 | F2: Next Muster Number | G2: =D2+1 -> 11 | H2: Next Row Number | I2: =MAX($G$3:$G$1008)+1 -> 25 | BB2: =COUNTIF($J2:$AX2,"I") -> 0 | BC2: =COUNTIF($J2:$AT2,"L") -> 0
D3: Jan | E3: =COUNTIF($F$15:$F$1158, "1") -> 4 | BB3: =COUNTIF($J3:$AX3,"I") -> 0 | BC3: =COUNTIF($J3:$AT3,"L") -> 0
D4: Feb | E4: =COUNTIF($F$15:$F$1158, "2") -> 4 | BB4: =COUNTIF($J4:$AX4,"I") -> 0 | BC4: =COUNTIF($J4:$AT4,"L") -> 0
D5: March | E5: =COUNTIF($F$15:$F$1158, "3") -> 2 | BB5: =COUNTIF($J5:$AX5,"I") -> 0 | BC5: =COUNTIF($J5:$AT5,"L") -> 0
D6: April | E6: =COUNTIF($F$15:$F$1158, "4") -> 0 | BB6: =COUNTIF($J6:$AX6,"I") -> 0 | BC6: =COUNTIF($J6:$AT6,"L") -> 0
D7: May | E7: =COUNTIF($F$15:$F$1158, "5") -> 0 | BB7: =COUNTIF($J7:$AX7,"I") -> 0 | BC7: =COUNTIF($J7:$AT7,"L") -> 0
